Price,Make,Model,Mi,Year,Fuel type,Body type,Color,City,Power,Transmission,Contact,Trim,Euro norm
"59,999 EUR",Audi,Q4,"16,290 km",2022,Electric,Crossover,Blue,Boortmeerbeek,222 kW (302 HP),Automatic,https://www.autotrends.be/fr/occasions/voiture-occasion-belgique/auto/audi/q4/audi-q4-2022-vente-501076?,,
"64,500 EUR",Bmw,I8,"97,800 km",2014,Hybrid,Coupe,Black,Hasselt,172 kW (234 HP),Automatic,https://autos.tweedehands.net/bmw/bmw-i8-m-pakket-full-options-e-hybrid.html,1.5,6
"46,990 EUR",Volkswagen,Tiguan,9 km,2024,Petrol,Crossover,Black,Tournai,111 kW (151 HP),Automatic,https://www.vroom.be/fr/voitures-neuves/volkswagen-tiguan-essence-0535726/,1.5,6
"35,990 EUR",Land Rover,Evoque,"84,447 km",2020,Diesel,Suv,Gray,Mons,111 kW (151 HP),Automatic,https://www.vroom.be/fr/voitures-occasion/land-rover-range-rover-evoque-diesel-0539050/,2.0,
"29,990 EUR",Audi,A5,"77,150 km",2017,Diesel,Convertible,Gray,Sint Niklaas,141 kW (192 HP),Automatic,https://www.vroom.be/fr/voitures-occasion/audi-a5-diesel-0537067/,2.0,6
"29,700 EUR",Ford,Edge,"94,614 km",2019,Diesel,Suv,Black,Boortmeerbeek,156 kW (212 HP),Automatic,https://www.autogids.be/detail-id--9433691--ford-st-line-4x4-automaat-full-option/tweedehands.html,2.0 TDCi,6
"27,995 EUR",Land Rover,Range Rover,"216,829 km",2013,Diesel,Suv,Blue,Brugge,192 kW (261 HP),Automatic,https://www.vroom.be/fr/voitures-occasion/land-rover-range-rover-diesel-0538419/,3.0,5
"22,990 EUR",Mercedes Benz,C-Class,"153,255 km",2014,Diesel,Wagon,Black,Zwevegem,152 kW (207 HP),Automatic,https://www.autogids.be/detail-id--9117596--mercedes-benz-da-amg-pack-panodak-led-leder-gps-cruise-pdc/tweedehands.html,250 D,6
"28,450 EUR",Ford,Puma,"19,483 km",2021,Petrol,Hatchback,Green,Machelen,149 kW (203 HP),Manual,https://www.autogids.be/detail-id--9468301--ford-verkocht-sold-vendu/tweedehands.html,1.5,6
"28,990 EUR",Peugeot,508,"54,503 km",2021,Petrol,Sedan,Gray,Turnhout,167 kW (227 HP),Automatic,https://www.vroom.be/fr/voitures-occasion/peugeot-508-essence-0463901/,1.6,6
"24,500 EUR",Audi,A1,"35,984 km",2022,Petrol,Mini,Gray,Hasselt,70 kW (95 HP),Automatic,https://www.vroom.be/fr/voitures-occasion/audi-a1-essence-0554111/,1.0 25 TFSI,6
"26,990 EUR",Audi,A3,"52,187 km",2019,Petrol,Sedan,Black,Tienen,111 kW (151 HP),Automatic,https://www.vroom.be/fr/voitures-occasion/audi-a3-essence-0548185/,1.5,6
"44,995 EUR",Land Rover,Discovery,"69,024 km",2020,Diesel,Suv,Silver,Kuurne,228 kW (310 HP),Automatic,https://www.autogids.be/detail-id--9459987--land-rover-3-0-sdv6-landmark-edition-trekhaak-7-seats/tweedehands.html,3.0,
"33,500 EUR",Audi,Q2,"41,442 km",2021,Petrol,Crossover,Black,Genk,111 kW (151 HP),Automatic,https://www.autotrends.be/fr/occasions/voiture-occasion-belgique/auto/audi/q2/audi-q2-2021-vente-532575?,1.5 35 TFSI,6
"24,500 EUR",Audi,A1,"30,471 km",2020,Petrol,Mini,Black,Genk,86 kW (117 HP),Automatic,https://www.autotrends.be/fr/occasions/voiture-occasion-belgique/auto/audi/a1/audi-a1-2020-vente-516927?,1.0 30 TFSI,6
"49,950 EUR",Bmw,X4,"52,735 km",2020,Diesel,Suv,Black,Bastogne,141 kW (192 HP),Automatic,https://www.autogids.be/detail-id--9373312--bmw-20d-m-sport-x/tweedehands.html,,6
"16,400 EUR",Hyundai,I30,"104,555 km",2019,Petrol,Wagon,Blue,Tienen,104 kW (141 HP),Automatic,https://www.vroom.be/fr/voitures-occasion/hyundai-i30-essence-0547005/,1.4,9
"30,990 EUR",Volkswagen,Tiguan,"53,662 km",2019,Petrol,Crossover,Gray,Tienen,111 kW (151 HP),Automatic,https://www.vroom.be/fr/voitures-occasion/volkswagen-tiguan-essence-0554802/,1.5,6
"37,777 EUR",Volvo,V60,"56,044 km",2021,Petrol,Wagon,Gray,Rotselaar,141 kW (192 HP),Automatic,https://www.autotrends.be/fr/occasions/voiture-occasion-belgique/auto/volvo/v60/volvo-v60-vente-516215?,2.0 t4,9
"38,995 EUR",Bmw,X6,"86,905 km",2017,Diesel,Suv,Gray,Brugge,157 kW (214 HP),Automatic,https://www.autotrends.be/fr/occasions/voiture-occasion-belgique/auto/bmw/x6/bmw-x6-vente-553103?,,6
"24,990 EUR",Audi,Q2,"77,800 km",2020,Diesel,Crossover,Gray,Oostkamp,150 kW (204 HP),Automatic,https://www.autotrends.be/fr/occasions/voiture-occasion-belgique/auto/audi/q2/audi-q2-2020-vente-552943?,2.0,6
"44,990 EUR",Audi,A5,"28,427 km",2023,Diesel,Sedan,Black,Tongeren,152 kW (207 HP),Automatic,https://www.vroom.be/fr/voitures-occasion/audi-a5-diesel-0544107/,2.0 40 TDI,6
"32,995 EUR",Bmw,X5,"139,308 km",2015,Diesel,Suv,Black,Brugge,192 kW (261 HP),Automatic,https://www.autogids.be/detail-id--9426643--bmw-3-0das-xdrive-m-pack-navi-panodak-harman-kar/tweedehands.html,,6
"19,990 EUR",Audi,A1,"40,619 km",2019,Petrol,Mini,White,Tienen,86 kW (117 HP),Automatic,https://www.autotrends.be/fr/occasions/voiture-occasion-belgique/auto/audi/a1/audi-a1-2019-vente-532571?,1.0 30 TFSI,6
"49,990 EUR",Audi,A5,"23,125 km",2022,Petrol,Sedan,Black,Herent,152 kW (207 HP),Automatic,https://www.autotrends.be/fr/occasions/voiture-occasion-belgique/auto/audi/a5/audi-a5-2022-vente-527006?,2.0,6
"47,990 EUR",Audi,A5,"10,830 km",2022,Petrol,Convertible,Green,Genk,152 kW (207 HP),Automatic,https://www.vroom.be/fr/voitures-occasion/audi-a5-essence-0543530/,2.0,6
"129,999 EUR",Porsche,Taycan,"16,705 km",2021,Electric,Sedan,Black,Houthalen Helchteren,425 kW (578 HP),Automatic,https://www.autogids.be/detail-id--9448661--porsche-verkocht-sold-vendu/tweedehands.html,4S,6
"114,950 EUR",Porsche,Taycan,"14,300 km",2022,Electric,Sedan,Black,Izegem,284 kW (386 HP),Automatic,https://www.vroom.be/fr/voitures-occasion/porsche-taycan-electrique-0411709/,,6
"28,850 EUR",Bmw,4 Series,"65,240 km",2019,Diesel,Coupe,Black,Hasselt,121 kW (165 HP),Automatic,https://www.autogids.be/detail-id--9454715--bmw-da-adblue-coupe-luxury-pack-business/tweedehands.html,,6
"36,500 EUR",Audi,A4,"64,889 km",2021,Diesel,Wagon,Gray,Genk,121 kW (165 HP),Automatic,https://www.vroom.be/fr/voitures-occasion/audi-a4-diesel-0540769/,2.0,6
"116,990 EUR",Audi,Rsq8,"34,308 km",2021,Petrol,Suv,Gray,Overpelt,447 kW (608 HP),Automatic,https://www.vroom.be/fr/voitures-occasion/audi-rs-q8-essence-0545310/,4.0,6
"19,995 EUR",Ford,S-Max,"106,409 km",2018,Diesel,Mpv,Blue,Brugge,111 kW (151 HP),Automatic,https://www.vroom.be/fr/voitures-occasion/ford-s-max-diesel-0537192/,2.0,6
"39,900 EUR",Mercedes Benz,C-Class,"37,000 km",2021,Diesel,Coupe,Silver,Overpelt,144 kW (196 HP),Automatic,https://www.vroom.be/fr/voitures-occasion/mercedes-benz-c-220-diesel-0504741/,220 D,6
"19,990 EUR",Audi,Q3,"122,300 km",2015,Petrol,Crossover,Black,Tienen,111 kW (151 HP),Automatic,https://www.vroom.be/fr/voitures-occasion/audi-q3-essence-0540223/,1.4 TFSI,6
"43,495 EUR",Audi,Q4,"25,023 km",2022,Electric,Crossover,Black,Olen,126 kW (171 HP),Automatic,https://www.vroom.be/fr/voitures-occasion/audi-q4-electrique-0541028/,,6
"19,450 EUR",Abarth,595,"67,879 km",2020,Petrol,Coupe,Gray,Ternat,123 kW (167 HP),Automatic,https://www.vroom.be/fr/voitures-occasion/abarth-595-competizione-essence-0546433/,1.4 competizione,6
"59,495 EUR",Mercedes Benz,Eqe,"21,200 km",2022,Electric,Sedan,Black,Izegem,217 kW (295 HP),Automatic,https://www.vroom.be/fr/voitures-occasion/mercedes-benz-eqe-350-electrique-0481823/,350,8
"16,495 EUR",Ford,Focus,"65,007 km",2019,Diesel,Wagon,Blue,Brugge,89 kW (121 HP),Manual,https://www.autotrends.be/fr/occasions/voiture-occasion-belgique/auto/ford/focus/ford-focus-vente-550291?,1.5 TDCi,9
"31,950 EUR",Bmw,2 Series,"88,747 km",2021,Diesel,Hatchback,Black,Bastogne,101 kW (137 HP),Automatic,https://www.vroom.be/fr/voitures-occasion/bmw-218-diesel-0531467/,,6
"26,800 EUR",Ford,Galaxy,"71,065 km",2019,Petrol,Mpv,Gray,Boortmeerbeek,123 kW (167 HP),Automatic,https://www.vroom.be/fr/voitures-occasion/ford-galaxy-essence-0549487/,1.5,
"28,877 EUR",Ford,Galaxy,"67,734 km",2019,Petrol,Mpv,Gray,Rotselaar,123 kW (167 HP),Manual,https://www.vroom.be/fr/voitures-occasion/ford-galaxy-essence-0482076/,1.5,6
"89,990 EUR",Land Rover,Discovery,"3,500 km",2024,Diesel,Suv,Gray,Merelbeke,223 kW (303 HP),Automatic,https://www.vroom.be/fr/voitures-occasion/land-rover-discovery-diesel-0440477/,3.0,6
"14,990 EUR",Hyundai,Kona,"98,613 km",2019,Diesel,Crossover,Black,Eupen,85 kW (116 HP),Manual,https://www.vroom.be/fr/voitures-occasion/hyundai-kona-diesel-0389185/,1.6,6
"21,900 EUR",Mini,Cooper,"100,294 km",2019,Petrol,Hatchback,Black,Halen,143 kW (194 HP),Automatic,https://www.vroom.be/fr/voitures-occasion/mini-cooper-s-countryman-essence-0547012/,2.0,8
"52,500 EUR",Audi,Q8,"105,419 km",2018,Diesel,Suv,Black,Genk,213 kW (290 HP),Automatic,https://www.vroom.be/fr/voitures-occasion/audi-q8-diesel-0524598/,3.0,6
"48,900 EUR",Bmw,5 Series,"34,381 km",2022,Diesel,Wagon,Blue,Mechelen,121 kW (165 HP),Automatic,https://www.vroom.be/fr/voitures-occasion/bmw-520-diesel-0389671/,520d,6
"119,995 EUR",Porsche,Taycan,"7,318 km",2023,Electric,Sedan,Gray,Brugge,445 kW (605 HP),Automatic,https://www.vroom.be/fr/voitures-occasion/porsche-taycan-electrique-0538451/,,9
"119,995 EUR",Porsche,Taycan,"6,450 km",2023,Electric,Sedan,Gray,Brugge,445 kW (605 HP),Automatic,https://www.vroom.be/fr/voitures-occasion/porsche-taycan-electrique-0538449/,,9
"32,950 EUR",Bmw,1 Series,"13,344 km",2023,Petrol,Hatchback,Black,Bastogne,101 kW (137 HP),Automatic,https://www.vroom.be/fr/voitures-occasion/bmw-118-essence-0531508/,,6
"91,995 EUR",Porsche,Panamera,"99,263 km",2020,Hybrid,Sedan,Gray,Brugge,500 kW (680 HP),Automatic,https://www.autotrends.be/fr/occasions/voiture-occasion-belgique/auto/porsche/panamera/porsche-panamera-vente-509031?,4.0,6
"116,990 EUR",Porsche,991,"50,203 km",2015,Petrol,Coupe,Black,Halen,320 kW (435 HP),Automatic,https://www.vroom.be/fr/voitures-occasion/porsche-991-essence-0491441/,3.8,6
"84,950 EUR",Bmw,Ix,"48,589 km",2022,Electric,Suv,Black,Bastogne,390 kW (530 HP),Automatic,https://www.vroom.be/fr/voitures-occasion/bmw-ix-electrique-0537605/,,6
"36,500 EUR",Audi,Q5,"51,343 km",2019,Diesel,Suv,White,Overpelt,141 kW (192 HP),Automatic,https://www.vroom.be/fr/voitures-occasion/audi-q5-diesel-0524003/,2.0,6
"119,900 EUR",Audi,Rs6,"58,000 km",2021,Petrol,Wagon,Gray,Maldegem,447 kW (608 HP),Automatic,https://www.vroom.be/fr/voitures-occasion/audi-rs6-essence-0444384/,4.0,6
"37,990 EUR",Audi,Q2,"15,990 km",2023,Petrol,Crossover,Gray,Herent,111 kW (151 HP),Automatic,https://www.vroom.be/fr/voitures-occasion/audi-q2-essence-0389354/,1.5,6
"61,815 EUR",Hyundai,Ioniq,4 km,2024,Electric,Sedan,Gray,Hamme,170 kW (231 HP),Automatic,https://www.vroom.be/fr/voitures-neuves/hyundai-ioniq-5-electrique-0538602/,,8
"61,950 EUR",Bmw,X5,"46,731 km",2020,Petrol,Suv,Blue,Bastogne,253 kW (344 HP),Automatic,https://www.vroom.be/fr/voitures-occasion/bmw-x5-essence-0531529/,,6
"29,990 EUR",Audi,Q7,"207,020 km",2017,Diesel,Suv,Black,Sint Niklaas,162 kW (220 HP),Automatic,https://www.vroom.be/fr/voitures-occasion/audi-q7-diesel-0547655/,3.0,6
"18,950 EUR",Volkswagen,Cc,"112,607 km",2017,Petrol,Sedan,Black,Zedelgem,111 kW (151 HP),Automatic,https://www.vroom.be/fr/voitures-occasion/volkswagen-cc-essence-0534104/,1.4,6
"40,700 EUR",Saic,Marvel R,50 km,2023,Electric,Crossover,Black,Tielt Winge,214 kW (291 HP),Automatic,https://www.vroom.be/fr/voitures-neuves/mg-marvel-r-electrique-0546326/,electro,
"30,900 EUR",Land Rover,Discovery,"80,738 km",2020,Diesel,Suv,White,Tielt Winge,111 kW (151 HP),Automatic,https://www.vroom.be/fr/voitures-occasion/land-rover-discovery-diesel-0400242/,2.0,6
"63,750 EUR",Land Rover,Discovery,"33,451 km",2020,Diesel,Suv,Black,Kalmthout,179 kW (243 HP),Automatic,https://www.vroom.be/fr/voitures-occasion/land-rover-discovery-diesel-0201378/,2.0,6
"43,995 EUR",Land Rover,Discovery,"28,396 km",2020,Diesel,Suv,Black,Brugge,179 kW (243 HP),Automatic,https://www.vroom.be/fr/voitures-occasion/land-rover-discovery-diesel-0554156/,2.0,9
"41,299 EUR",Mazda,Cx-5,1 km,2023,Petrol,Crossover,Black,Halen,121 kW (165 HP),Automatic,https://www.vroom.be/fr/voitures-neuves/mazda-cx-5-essence-0527110/,2.0,6
"41,830 EUR",Mazda,Cx-5,4 km,1998,Petrol,Crossover,Black,Turnhout,121 kW (165 HP),Automatic,https://www.vroom.be/fr/voitures-neuves/mazda-cx-5-essence-0550447/,2.0,9
"27,300 EUR",Land Rover,Evoque,"50,000 km",2018,Diesel,Suv,Black,Damme,111 kW (151 HP),Automatic,https://www.vroom.be/fr/voitures-occasion/land-rover-range-rover-evoque-diesel-0534757/,2.0,6
"58,990 EUR",Porsche,Macan,"58,237 km",2016,Petrol,Suv,Gray,Geel,268 kW (364 HP),Automatic,https://www.vroom.be/fr/voitures-occasion/porsche-macan-essence-0325253/,3.0,6
"49,000 EUR",Ford,Mustang Mach-E,"25,850 km",2021,Electric,Crossover,Red,Aalst,261 kW (355 HP),Automatic,https://www.vroom.be/fr/voitures-occasion/ford-mustang-mach-e-electrique-0118965/,,6
"44,999 EUR",Ford,Mustang Mach-E,"14,290 km",2021,Electric,Crossover,Gray,Boortmeerbeek,261 kW (355 HP),Automatic,https://www.vroom.be/fr/voitures-occasion/ford-mustang-mach-e-electrique-0557413/,,
"79,990 EUR",Audi,Q8,"33,996 km",2022,Diesel,Suv,White,Hasselt,344 kW (468 HP),Automatic,https://www.vroom.be/fr/voitures-occasion/audi-q8-none-0379819/,3.0,6
"97,500 EUR",Audi,Q8,"23,000 km",2022,Diesel,Suv,Gray,Mol,253 kW (344 HP),Automatic,https://www.vroom.be/fr/voitures-occasion/audi-q8-none-0440141/,3.0,6
"89,990 EUR",Audi,Q8,"14,211 km",2022,Diesel,Suv,Black,Herstal,213 kW (290 HP),Automatic,https://www.vroom.be/fr/voitures-occasion/audi-q8-diesel-0410445/,3.0,
"54,950 EUR",Mazda,Cx-60,"8,000 km",2023,Hybrid,Suv,Beige,Halen,243 kW (330 HP),Automatic,https://www.vroom.be/fr/voitures-occasion/mazda-cx-60-hybride-essence-0473792/,2.5,6
"32,990 EUR",Audi,Q2,"40,000 km",2021,Petrol,Crossover,Black,Brugge,111 kW (151 HP),Automatic,https://www.vroom.be/fr/voitures-occasion/audi-q2-essence-0523075/,1.5,6
"69,995 EUR",Porsche,Taycan,"79,288 km",2020,Electric,Sedan,Black,Brugge,431 kW (586 HP),Automatic,https://www.vroom.be/fr/voitures-occasion/porsche-taycan-electrique-0549934/,,6
"53,975 EUR",Mercedes Benz,Eqc,"11,018 km",2021,Electric,Suv,Black,Tielt,304 kW (413 HP),Automatic,https://www.vroom.be/fr/voitures-occasion/mercedes-benz-eqc-400-electrique-0430139/,400,6
"69,950 EUR",Mercedes Benz,G-Class,"99,510 km",2013,Diesel,Suv,Black,Izegem,157 kW (214 HP),Automatic,https://www.vroom.be/fr/voitures-occasion/mercedes-benz-g-350-diesel-0538606/,350,5
"39,990 EUR",Audi,Tt,"5,821 km",2022,Petrol,Coupe,Blue,Tienen,146 kW (199 HP),Automatic,https://www.vroom.be/fr/voitures-occasion/audi-tt-essence-0544115/,2.0 tfsi,6
"81,990 EUR",Porsche,Macan,"7,000 km",2022,Petrol,Suv,Gray,Maldegem,197 kW (268 HP),Automatic,https://www.vroom.be/fr/voitures-occasion/porsche-macan-essence-0412647/,2.0,6
"69,990 EUR",Audi,A7,"34,000 km",2020,Diesel,Sedan,Gray,Brugge,213 kW (290 HP),Automatic,https://www.vroom.be/fr/voitures-occasion/audi-a7-diesel-0130251/,3.0,6
"49,999 EUR",Audi,A8,"74,807 km",2019,Diesel,Sedan,Gray,Knokke Heist,213 kW (290 HP),Automatic,https://www.vroom.be/fr/voitures-occasion/audi-a8-diesel-0435597/,3.0 TDI,6
"112,890 EUR",Audi,E-Tron Gt,110 km,2022,Electric,Coupe,Black,Turnhout,354 kW (481 HP),Automatic,https://www.vroom.be/fr/voitures-neuves/audi-e-tron-gt-electrique-0549783/,,
"211,750 EUR",Mclaren,Gt,"2,850 km",2023,Petrol,Coupe,Blue,Waterloo,462 kW (628 HP),Automatic,https://www.vroom.be/fr/voitures-occasion/mclaren-gt-essence-0527222/,4.0,
"220,000 EUR",Mclaren,Gt,10 km,2023,Petrol,Coupe,Beige,Waterloo,462 kW (628 HP),Automatic,https://www.vroom.be/fr/voitures-neuves/mclaren-gt-essence-0527219/,4.0,
"215,000 EUR",Mclaren,Gt,10 km,2023,Petrol,Coupe,Gray,Waterloo,462 kW (628 HP),Automatic,https://www.vroom.be/fr/voitures-neuves/mclaren-gt-essence-0527218/,4.0,
"41,990 EUR",Audi,A5,"19,251 km",2023,Diesel,Sedan,Black,Wevelgem,101 kW (137 HP),Automatic,https://www.vroom.be/fr/voitures-occasion/audi-a5-diesel-0522972/,2.0,6
"48,093 EUR",Audi,A5,"14,900 km",2023,Diesel,Sedan,Black,Brugge,121 kW (165 HP),Automatic,https://www.vroom.be/fr/voitures-occasion/audi-a5-diesel-0523045/,2.0,6
"37,995 EUR",Bmw,X5,"94,943 km",2018,Diesel,Suv,White,Brugge,192 kW (261 HP),Automatic,https://www.vroom.be/fr/voitures-occasion/bmw-x5-diesel-0538407/,,6
"25,500 EUR",Hyundai,Tucson,"58,605 km",2019,Petrol,Suv,Gray,Halen,131 kW (178 HP),Automatic,https://www.vroom.be/fr/voitures-occasion/hyundai-tucson-essence-0556400/,1.6 GDi,6
"37,999 EUR",Hyundai,Kona,5 km,2024,Electric,Crossover,Black,Sint Niklaas,105 kW (143 HP),Automatic,https://www.vroom.be/fr/voitures-neuves/hyundai-kona-hybride-essence-0541413/,,
"19,500 EUR",Porsche,Cayenne,"265,382 km",2012,Diesel,Suv,Blue,Antwerpen,157 kW (214 HP),Automatic,https://www.vroom.be/fr/voitures-occasion/porsche-cayenne-diesel-0508020/,3.0 diesel,5
"96,990 EUR",Audi,Sq7,"18,000 km",2021,Diesel,Suv,Black,Oostkamp,378 kW (514 HP),Automatic,https://www.vroom.be/fr/voitures-occasion/audi-sq7-essence-0538304/,4.0,6
"36,990 EUR",Cupra,Formentor,"22,437 km",2023,Petrol,Crossover,Gray,Hasselt,111 kW (151 HP),Automatic,https://www.vroom.be/fr/voitures-occasion/cupra-formentor-essence-0378940/,1.5,6
"23,990 EUR",Ford,Focus,"31,704 km",2023,Petrol,Sedan,Red,Genk,93 kW (126 HP),Manual,https://www.vroom.be/fr/voitures-occasion/ford-focus-essence-0554797/,1.0,6
"198,077 EUR",Mclaren,Gt,"3,880 km",2022,Petrol,Coupe,Green,Waterloo,462 kW (628 HP),Automatic,https://www.vroom.be/fr/voitures-occasion/mclaren-gt-essence-0258571/,4.0,
"47,782 EUR",Volvo,Xc60,"21,262 km",2022,Petrol,Crossover,Black,Rotselaar,146 kW (199 HP),Manual,https://www.vroom.be/fr/voitures-occasion/volvo-xc60-essence-0559875/,2.0,8
"23,950 EUR",Audi,Q5,"156,000 km",2017,Diesel,Suv,Blue,Lennik,111 kW (151 HP),Manual,https://www.vroom.be/fr/voitures-occasion/audi-q5-diesel-0255428/,2.0,6
"28,990 EUR",Volkswagen,Golf,"11,945 km",2022,Diesel,Sedan,Gray,Bree,111 kW (151 HP),Automatic,https://www.vroom.be/fr/voitures-occasion/volkswagen-golf-diesel-0524173/,2.0,6
"288,990 EUR",Mercedes Benz,Amg Gt,"3,506 km",2021,Petrol,Hatchback,Blue,Halen,436 kW (593 HP),Automatic,https://www.vroom.be/fr/voitures-occasion/mercedes-benz-amg-gt-r-essence-0165958/,4.0 R,6
"23,995 EUR",Bmw,5 Series,"55,165 km",2017,Diesel,Wagon,Gray,Brugge,121 kW (165 HP),Manual,https://www.vroom.be/fr/voitures-occasion/bmw-520-diesel-0538402/,520d,6
"15,737 EUR",Peugeot,308,"95,301 km",2020,Petrol,Hatchback,White,Marche En Famenne,96 kW (131 HP),Manual,https://www.vroom.be/fr/voitures-occasion/peugeot-308-essence-0537545/,1.2 vti,6
"28,495 EUR",Volkswagen,T-Roc,"23,889 km",2020,Petrol,Convertible,Red,Brugge,110 kW (150 HP),Automatic,https://www.autotrends.be/fr/occasions/voiture-occasion-belgique/auto/volkswagen/t-roc/volkswagen-t-roc-vente-523750?,1.5 tsi,9
"50,990 EUR",Audi,A4,"13,584 km",2023,Diesel,Wagon,Gray,Overpelt,121 kW (165 HP),Automatic,https://www.vroom.be/fr/voitures-occasion/audi-a4-diesel-0463279/,2.0,6
"28,500 EUR",Audi,A1,15 km,2023,Petrol,Mini,Blue,Genk,82 kW (112 HP),Automatic,https://www.vroom.be/fr/voitures-neuves/audi-a1-essence-0539576/,1.0 30 TFSI,6
"108,999 EUR",Porsche,Taycan,"32,000 km",2021,Electric,Sedan,Gray,Houthalen Helchteren,354 kW (481 HP),Automatic,https://www.vroom.be/fr/voitures-occasion/porsche-taycan-electrique-0412489/,,6
"124,999 EUR",Porsche,Taycan,"11,966 km",2022,Electric,Sedan,Black,Zottegem,354 kW (481 HP),Automatic,https://www.vroom.be/fr/voitures-occasion/porsche-taycan-electrique-0424043/,,6
"129,995 EUR",Porsche,911,"17,701 km",2019,Petrol,Coupe,Black,Kuurne,335 kW (456 HP),Automatic,https://www.vroom.be/fr/voitures-occasion/porsche-911-essence-0516275/,3.0,
"29,800 EUR",Ford,S-Max,"48,534 km",2020,Petrol,Mpv,Silver,Boortmeerbeek,123 kW (167 HP),Automatic,https://www.vroom.be/fr/voitures-occasion/ford-s-max-essence-0556706/,1.5,
"84,990 EUR",Volkswagen,Touareg,"11,896 km",2023,Diesel,Suv,Gray,Genk,213 kW (290 HP),Automatic,https://www.vroom.be/fr/voitures-occasion/volkswagen-touareg-diesel-0554108/,3.0 TDI,6
"53,999 EUR",Hyundai,Ioniq,10 km,2024,Electric,Sedan,Gray,Sint Niklaas,170 kW (231 HP),Automatic,https://www.vroom.be/fr/voitures-neuves/hyundai-ioniq-electrique-0559942/,,
"23,000 EUR",Hyundai,Ioniq,"25,353 km",2020,Electric,Sedan,Gray,Hamme,100 kW (136 HP),Automatic,https://www.autotrends.be/fr/occasions/voiture-occasion-belgique/auto/hyundai/ioniq/hyundai-ioniq-vente-515773?,,6
"44,800 EUR",Renault,Megane,"1,990 km",1990,Petrol,Hatchback,Gray,Kalmthout,223 kW (303 HP),Automatic,https://www.vroom.be/fr/voitures-occasion/renault-megane-essence-0473845/,1.8,6
"39,899 EUR",Hyundai,Kona,10 km,2024,Electric,Crossover,Gray,Sint Niklaas,309 kW (420 HP),Automatic,https://www.vroom.be/fr/voitures-neuves/hyundai-kona-hybride-essence-0558539/,,
"22,966 EUR",Nissan,X-Trail,"52,369 km",2020,Diesel,Suv,White,Keerbergen,111 kW (151 HP),Automatic,https://www.vroom.be/fr/voitures-occasion/nissan-x-trail-diesel-0488586/,1.7,9
"36,900 EUR",Hyundai,Kona,"7,500 km",2024,Electric,Crossover,Gray,Sint Niklaas,105 kW (143 HP),Automatic,https://www.vroom.be/fr/voitures-occasion/hyundai-kona-hybride-essence-0543771/,,
"28,850 EUR",Jaguar,E-Pace,"82,415 km",2018,Petrol,Suv,Black,Rotselaar,134 kW (182 HP),Automatic,https://www.vroom.be/fr/voitures-occasion/jaguar-e-pace-diesel-0130869/,2.0,6
"28,690 EUR",Volkswagen,Golf,"34,596 km",2020,Petrol,Wagon,Black,Halen,182 kW (248 HP),Automatic,https://www.vroom.be/fr/voitures-occasion/volkswagen-golf-gti-essence-0510796/,2.0 GTI,6
"37,700 EUR",Mazda,Cx-5,580 km,2024,Petrol,Crossover,Black,Turnhout,121 kW (165 HP),Automatic,https://www.vroom.be/fr/voitures-occasion/mazda-cx-5-essence-0556454/,2.0,
"89,900 EUR",Jaguar,I-Pace,"14,990 km",2023,Electric,Suv,Gray,Merelbeke,298 kW (405 HP),Automatic,https://www.vroom.be/fr/voitures-occasion/jaguar-i-pace-electrique-0509195/,,
"12,490 EUR",Peugeot,308,"95,482 km",2019,Petrol,Wagon,White,Peruwelz,96 kW (131 HP),Manual,https://www.vroom.be/fr/voitures-occasion/peugeot-308-essence-0465469/,1.2 vti,
"21,995 EUR",Land Rover,Range Rover Sport,"199,504 km",2016,Diesel,Suv,Blue,Brugge,215 kW (292 HP),Automatic,https://www.autotrends.be/fr/occasions/voiture-occasion-belgique/auto/land-rover/range-rover-sport/land-rover-range-rover-sport-vente-523797?,3.0,5
"30,999 EUR",Land Rover,Range Rover Sport,"127,320 km",2016,Diesel,Suv,Blue,Andenne,192 kW (261 HP),Automatic,https://www.vroom.be/fr/voitures-occasion/land-rover-range-rover-sport-diesel-0374228/,3.0,
"32,950 EUR",Ford,Focus,"20,858 km",2020,Petrol,Wagon,Black,Harelbeke,208 kW (283 HP),Manual,https://www.vroom.be/fr/voitures-occasion/ford-focus-essence-0503026/,2.3,6
"44,950 EUR",Mercedes Benz,Glc-Class,"60,500 km",2019,Petrol,Suv,Gray,Genk,273 kW (371 HP),Automatic,https://www.vroom.be/fr/voitures-occasion/mercedes-benz-glc-43-amg-essence-0502107/,43 AMG,6
"43,500 EUR",Alfa Romeo,Stelvio,"21,523 km",2021,Petrol,Crossover,Blue,Roeselare,208 kW (283 HP),Automatic,https://www.vroom.be/fr/voitures-occasion/alfa-romeo-stelvio-essence-0285430/,2.0,6
"56,900 EUR",Bmw,Ix1,"25,017 km",2022,Electric,Suv,Gray,Lier,202 kW (275 HP),Automatic,https://www.vroom.be/fr/voitures-occasion/bmw-ix1-electrique-0529515/,,6
"17,495 EUR",Ford,S-Max,"111,949 km",2018,Diesel,Mpv,Black,Brugge,89 kW (121 HP),Manual,https://www.vroom.be/fr/voitures-occasion/ford-s-max-diesel-0537873/,2.0,6
"58,990 EUR",Hyundai,Ioniq 5,"9,841 km",2023,Electric,Crossover,Green,Eupen,170 kW (231 HP),Automatic,https://www.vroom.be/fr/voitures-occasion/hyundai-ioniq-5-electrique-0448285/,,
"46,999 EUR",Hyundai,Ioniq 5,"7,025 km",2023,Electric,Crossover,Gray,Roeselare,242 kW (329 HP),Automatic,https://www.vroom.be/fr/voitures-occasion/hyundai-ioniq-5-electrique-0553811/,,
"141,000 EUR",Audi,Rsq8,"11,250 km",2023,Petrol,Suv,Silver,Wevelgem,447 kW (608 HP),Automatic,https://www.vroom.be/fr/voitures-neuves/audi-rs-q8-essence-0553149/,4.0,6
"37,990 EUR",Audi,A4,"47,140 km",2020,Diesel,Wagon,Silver,Sint Gillis Waas,141 kW (192 HP),Automatic,https://www.autogids.be/detail-id--9437583--audi-2674-sline190pk4wd-dak-ahktrek/tweedehands.html,2.0,
"47,990 EUR",Volkswagen,Golf,"9,218 km",2023,Petrol,Sedan,Black,Genk,238 kW (324 HP),Automatic,https://www.vroom.be/fr/voitures-occasion/volkswagen-golf-essence-0524290/,2.0,6
"28,495 EUR",Bmw,2 Series,"27,077 km",2022,Diesel,Coupe,Black,Brugge,85 kW (116 HP),Automatic,https://www.autotrends.be/fr/occasions/voiture-occasion-belgique/auto/bmw/216/bmw-216-vente-550290?,,9
"89,990 EUR",Land Rover,Defender,"14,990 km",2023,Petrol,Suv,Green,Merelbeke,298 kW (405 HP),Automatic,https://www.vroom.be/fr/voitures-occasion/land-rover-defender-essence-0545177/,3.0,6
"13,500 EUR",Hyundai,Ix20,"9,710 km",2015,Petrol,Hatchback,Silver,Veurne,93 kW (126 HP),Automatic,https://www.vroom.be/fr/voitures-occasion/hyundai-ix20-essence-0557533/,,6
"68,995 EUR",Land Rover,Range Rover Sport,"34,914 km",2022,Diesel,Suv,Gray,Brugge,185 kW (252 HP),Automatic,https://www.vroom.be/fr/voitures-occasion/land-rover-range-rover-sport-diesel-0521262/,3.0,9
"33,990 EUR",Audi,A3,"54,925 km",2021,Diesel,Sedan,Blue,Tienen,111 kW (151 HP),Automatic,https://www.autotrends.be/fr/occasions/voiture-occasion-belgique/auto/audi/a3/audi-a3-2021-vente-555246?,2.0 .35 TDI,6
"32,990 EUR",Audi,A3,"11,132 km",2021,Diesel,Sedan,Black,Tienen,111 kW (151 HP),Automatic,https://www.autotrends.be/fr/occasions/voiture-occasion-belgique/auto/audi/a3/audi-a3-2021-vente-528031?,2.0 .35 TDI,6
"23,995 EUR",Bmw,X3,"96,127 km",2016,Diesel,Suv,Black,Kuurne,141 kW (192 HP),Automatic,https://www.autogids.be/detail-id--9269679--bmw-2-0-das-xdrive20-m-sport-navi-pro-pdc/tweedehands.html,,6
"38,990 EUR",Peugeot,5008,"25,500 km",2022,Diesel,Mpv,White,Arlon,96 kW (131 HP),Automatic,https://www.vroom.be/fr/voitures-occasion/peugeot-5008-diesel-0367118/,1.5,6
"24,990 EUR",Ssangyong,Korando,"17,206 km",2020,Petrol,Suv,Blue,Roeselare,121 kW (165 HP),Automatic,https://www.vroom.be/fr/voitures-occasion/ssangyong-korando-essence-0538376/,1.5,6
"42,500 EUR",Audi,Q3,"28,471 km",2023,Petrol,Crossover,White,Tongeren,111 kW (151 HP),Automatic,https://www.vroom.be/fr/voitures-occasion/audi-q3-essence-0544106/,1.5 35 TFSI,6
"29,900 EUR",Hyundai,Kona,"45,000 km",2019,Electric,Crossover,Red,Sint Niklaas,152 kW (207 HP),Automatic,https://www.autogids.be/detail-id--9463195--hyundai-electric-64kwh-sky-full-option/tweedehands.html,2.0,
"35,750 EUR",Volvo,Xc40,"29,000 km",2020,Electric,Crossover,Blue,Overpelt,194 kW (264 HP),Automatic,https://www.vroom.be/fr/voitures-occasion/volvo-xc40-hybride-essence-0512341/,1.5,6
"19,500 EUR",Nissan,X-Trail,"59,094 km",2017,Diesel,Suv,Black,Roeselare,97 kW (132 HP),Manual,https://www.autogids.be/detail-id--9457818--nissan-1-6d-7-zit-pano-dak-gps-dab-sensoren-360-camera/tweedehands.html,1.6,6
"36,990 EUR",Audi,Q2,"27,990 km",2023,Petrol,Crossover,White,Geraardsbergen,111 kW (151 HP),Automatic,https://www.autotrends.be/fr/occasions/voiture-occasion-belgique/auto/audi/q2/audi-q2-2023-vente-506354?,1.5 35 TFSI,6
"30,990 EUR",Volkswagen,Tiguan,"68,050 km",2020,Petrol,Crossover,White,Oostkamp,111 kW (151 HP),Automatic,https://www.autotrends.be/fr/occasions/voiture-occasion-belgique/auto/volkswagen/tiguan/volkswagen-tiguan-2020-vente-554164?,1.5,6
"53,999 EUR",Ford,Mustang Mach-E,"29,493 km",2022,Electric,Crossover,Orange,Houthalen Helchteren,363 kW (494 HP),Automatic,https://www.autogids.be/detail-id--9452626--ford-99-kwh-awd-extended-range-gt-lijna-360c-garantie/tweedehands.html,GT,
"36,990 EUR",Volkswagen,Id.4,"53,200 km",2021,Electric,Hatchback,White,Oostkamp,152 kW (207 HP),Automatic,https://www.vroom.be/fr/voitures-occasion/volkswagen-id4-electrique-0523173/,Pro,6
"59,990 EUR",Audi,A7,"28,016 km",2022,Petrol,Sedan,Silver,Lokeren,197 kW (268 HP),Automatic,https://www.vroom.be/fr/voitures-occasion/audi-a7-essence-0535057/,2.0 45 TFSI,6
"26,990 EUR",Audi,Q2,"65,221 km",2022,Diesel,Crossover,Silver,Herent,86 kW (117 HP),Automatic,https://www.vroom.be/fr/voitures-occasion/audi-q2-diesel-0550403/,2.0 30 TDI,6
"28,500 EUR",Audi,Q2,"32,001 km",2022,Diesel,Crossover,Gray,Tienen,86 kW (117 HP),Automatic,https://www.autotrends.be/fr/occasions/voiture-occasion-belgique/auto/audi/q2/audi-q2-2022-vente-552859?,2.0 30 TDI,6
"19,990 EUR",Volkswagen,Polo,"33,294 km",2021,Petrol,Hatchback,Black,Genk,70 kW (95 HP),Automatic,https://www.autotrends.be/fr/occasions/voiture-occasion-belgique/auto/volkswagen/polo/volkswagen-polo-2021-vente-554132?,1.0 TSI DSG,6
"56,990 EUR",Audi,A6,"14,000 km",2023,Diesel,Wagon,Blue,Wavre,152 kW (207 HP),Automatic,https://www.vroom.be/fr/voitures-occasion/audi-a6-diesel-0472360/,2.0 TDI,6
"43,490 EUR",Audi,Tt,"27,727 km",2023,Petrol,Convertible,Black,Lokeren,182 kW (248 HP),Automatic,https://www.vroom.be/fr/voitures-occasion/audi-tt-essence-0548202/,2.0 45 TFSI,6
"19,990 EUR",Ford,Kuga,"60,820 km",2019,Petrol,Suv,Black,Rotselaar,111 kW (151 HP),Manual,https://www.autogids.be/detail-id--9464011--ford-vignale-benzine-slechts-60000km/tweedehands.html,1.5,
"31,990 EUR",Audi,Q2,"21,150 km",2021,Petrol,Crossover,Black,Oostkamp,150 kW (204 HP),Automatic,https://www.autotrends.be/fr/occasions/voiture-occasion-belgique/auto/audi/q2/audi-q2-2021-vente-499304?,1.5,6
"31,990 EUR",Audi,Q2,"11,600 km",2021,Petrol,Crossover,Gray,Oostkamp,150 kW (204 HP),Automatic,https://www.autotrends.be/fr/occasions/voiture-occasion-belgique/auto/audi/q2/audi-q2-2021-vente-499310?,1.5,6
"64,990 EUR",Audi,Rs6,"97,702 km",2018,Petrol,Wagon,Black,Brugge,417 kW (567 HP),Automatic,https://www.autotrends.be/fr/occasions/voiture-occasion-belgique/auto/audi/rs6/audi-rs6-2018-vente-512415?,4.0 TFSI Quattro TipTronic,6
"36,990 EUR",Ford,Kuga,"3,975 km",2022,Petrol,Suv,Gray,Vilvoorde,111 kW (151 HP),Manual,https://www.autogids.be/detail-id--9464157--ford-st-line-x-full-option-led-demo-wagen/tweedehands.html,1.5,6
"15,995 EUR",Bmw,I3,"79,684 km",2018,Electric,Hatchback,Black,Brugge,126 kW (171 HP),Automatic,https://www.vroom.be/fr/voitures-occasion/bmw-i3-electrique-0547011/,,6
"49,995 EUR",Bmw,X5,"75,000 km",2019,Petrol,Suv,Black,Kuurne,253 kW (344 HP),Automatic,https://www.autogids.be/detail-id--9451134--bmw-3-0as-xdrive40i-m-sport-pano-dak-head-up/tweedehands.html,40i,
"51,990 EUR",Audi,Tt,"12,561 km",2022,Petrol,Coupe,Black,Genk,238 kW (324 HP),Automatic,https://www.autotrends.be/fr/occasions/voiture-occasion-belgique/auto/audi/tt/audi-tt-2022-vente-522688?,2.0 tfsi,6
"43,990 EUR",Audi,Q3,"5,717 km",2021,Petrol,Crossover,Blue,Blegny,182 kW (248 HP),Automatic,https://www.autotrends.be/fr/occasions/voiture-occasion-belgique/auto/audi/q3/audi-q3-2021-vente-531656?,1.4,6
"19,850 EUR",Seat,Arona,"40,887 km",2021,Petrol,Crossover,Gray,Bastogne,82 kW (112 HP),Automatic,https://www.autogids.be/detail-id--9443581--seat-arona-fr-1-0-tsi-110cv-81kw-dsg-7v-start-stop-eu/tweedehands.html,1.0 tsi,6
"23,450 EUR",Audi,Q2,"46,500 km",2020,Diesel,Crossover,Black,Brugge,116 kW (158 HP),Manual,https://www.vroom.be/fr/voitures-occasion/audi-q2-diesel-0557401/,1.6,6
"24,990 EUR",Audi,Q2,"45,125 km",2020,Diesel,Crossover,Black,Tienen,86 kW (117 HP),Automatic,https://www.autotrends.be/fr/occasions/voiture-occasion-belgique/auto/audi/q2/audi-q2-2020-vente-551674?,1.6 30 TDI,6
"32,450 EUR",Mercedes Benz,A-Class,"74,800 km",2017,Petrol,Hatchback,Black,Knokke,284 kW (386 HP),Automatic,https://www.vroom.be/fr/voitures-occasion/mercedes-benz-a-45-amg-essence-0394599/,45 AMG,6
"29,990 EUR",Audi,Q3,"49,443 km",2019,Petrol,Crossover,White,Overpelt,111 kW (151 HP),Automatic,https://www.vroom.be/fr/voitures-occasion/audi-q3-essence-0558196/,1.5 35 TFSI,6
"66,890 EUR",Audi,Q4,11 km,2023,Electric,Crossover,Blue,Turnhout,152 kW (207 HP),Automatic,https://www.autotrends.be/fr/occasions/voiture-occasion-belgique/auto/audi/q4/audi-q4-vente-524045?,,
"26,990 EUR",Citroen,C4,"21,650 km",2021,Diesel,Hatchback,Orange,Sint Gillis Waas,96 kW (131 HP),Automatic,https://www.vroom.be/fr/voitures-occasion/citroen-c4-diesel-0149210/,1.5,
"34,990 EUR",Cupra,Formentor,10 km,2024,Petrol,Crossover,Black,Genk,111 kW (151 HP),Automatic,https://www.autotrends.be/fr/occasions/voiture-occasion-belgique/auto/cupra/formentor/cupra-formentor-2024-vente-553469?,1.5 tsi,6
"18,500 EUR",Volkswagen,Polo,"68,303 km",2019,Petrol,Hatchback,Orange,Genk,70 kW (95 HP),Automatic,https://www.vroom.be/fr/voitures-occasion/volkswagen-polo-essence-0524597/,1.0 TSI DSG,6
"25,900 EUR",Peugeot,Rcz,"85,564 km",2015,Petrol,Coupe,Black,Halen,201 kW (273 HP),Manual,https://www.vroom.be/fr/voitures-occasion/peugeot-rcz-essence-0351143/,1.6 THP,6
"17,900 EUR",Volkswagen,Polo,"19,000 km",2019,Petrol,Hatchback,Gray,Genk,70 kW (95 HP),Manual,https://www.autotrends.be/fr/occasions/voiture-occasion-belgique/auto/volkswagen/polo/volkswagen-polo-vente-505930?,1.0 tsi,6
"114,890 EUR",Audi,Sq7,611 km,2022,Diesel,Suv,Black,Turnhout,378 kW (514 HP),Automatic,https://www.vroom.be/fr/voitures-neuves/audi-sq7-essence-0549784/,4.0,
"69,900 EUR",Bmw,Ix3,"14,329 km",2022,Electric,Suv,Gray,Lier,212 kW (288 HP),Automatic,https://www.vroom.be/fr/voitures-occasion/bmw-ix3-electrique-0548691/,,6
"25,990 EUR",Volkswagen,Sharan,"85,492 km",2017,Diesel,Van,Black,Arlon,111 kW (151 HP),Automatic,https://www.autogids.be/detail-id--9434243--volkswagen-highline-7-places-boite-auto-cuir-xenon-full/tweedehands.html,2.0 TDI,6
"71,980 EUR",Audi,Rs3,"2,272 km",2024,Petrol,Hatchback,Black,Tournai,298 kW (405 HP),Automatic,https://www.autotrends.be/fr/occasions/voiture-occasion-belgique/auto/audi/rs3/audi-rs3-2024-vente-555756?,,6
"32,990 EUR",Seat,Ateca,"20,529 km",2022,Petrol,Suv,Black,Wevelgem,111 kW (151 HP),Automatic,https://www.vroom.be/fr/voitures-occasion/seat-ateca-essence-0522910/,1.5,6
"45,950 EUR",Bmw,X5,"161,520 km",2019,Diesel,Suv,Gray,Sint Truiden,192 kW (261 HP),Automatic,https://www.autotrends.be/fr/occasions/voiture-occasion-belgique/auto/bmw/x5/bmw-x5-2019-vente-502590?,,6
"52,900 EUR",Bmw,M2,"25,678 km",2020,Petrol,Coupe,Black,Landen,305 kW (415 HP),Automatic,https://www.autotrends.be/fr/occasions/voiture-occasion-belgique/auto/bmw/serie-m-m2/bmw-serie-m-m2-2020-vente-530145?,,6
"34,950 EUR",Mazda,Cx-5,"6,496 km",2023,Petrol,Crossover,White,Sint Truiden,123 kW (167 HP),Automatic,https://www.vroom.be/fr/voitures-occasion/mazda-cx-5-essence-0555846/,2.0,6
"20,990 EUR",Opel,Astra,"80,557 km",2019,Petrol,Wagon,Gray,Sint Gillis Waas,111 kW (151 HP),Automatic,https://www.vroom.be/fr/voitures-occasion/opel-astra-essence-0149217/,1.4 D,
"76,900 EUR",Bmw,X5,"8,089 km",2022,Petrol,Suv,Blue,Lier,248 kW (337 HP),Automatic,https://www.vroom.be/fr/voitures-occasion/bmw-x5-essence-0397692/,,6
"14,739 EUR",Peugeot,2008,"57,101 km",2019,Petrol,Crossover,White,Marche En Famenne,96 kW (131 HP),Manual,https://www.vroom.be/fr/voitures-occasion/peugeot-2008-essence-0552482/,1.2 vti,6
"23,995 EUR",Volvo,V60,"90,417 km",2019,Diesel,Wagon,Gray,Brugge,111 kW (151 HP),Automatic,https://www.autogids.be/detail-id--9452660--volvo-2-0-d3-geartronic-leder-navi-perfect-onderho/tweedehands.html,2.0,9
"23,950 EUR",Volvo,V60,"75,734 km",2019,Diesel,Wagon,Silver,Rotselaar,111 kW (151 HP),Manual,https://www.vroom.be/fr/voitures-occasion/volvo-v60-diesel-0558955/,2.0 D3,
"47,907 EUR",Ford,Ranger,5 km,1996,Diesel,Pickup,Orange,Izegem,152 kW (207 HP),Automatic,https://www.autogids.be/detail-id--9450541--ford-dc-wildtrak-2-0biturbo-205pk-a10-automaat/tweedehands.html,2.0,8
"69,950 EUR",Porsche,Macan,"13,032 km",2022,Petrol,Suv,Black,Kortrijk,197 kW (268 HP),Automatic,https://www.vroom.be/fr/voitures-occasion/porsche-macan-essence-0556415/,2.0,
"24,490 EUR",Volkswagen,Passat,"52,614 km",2021,Diesel,Wagon,White,Zaventem,111 kW (151 HP),Automatic,https://www.autotrends.be/fr/occasions/voiture-occasion-belgique/auto/volkswagen/passat-variant/volkswagen-passat-variant-2021-vente-555341?,2.0,6
"23,500 EUR",Audi,Q2,"86,589 km",2018,Petrol,Crossover,White,Hasselt,111 kW (151 HP),Automatic,https://www.vroom.be/fr/voitures-occasion/audi-q2-essence-0543528/,1.4 TFSI,6
"99,950 EUR",Bmw,X7,"16,023 km",2022,Diesel,Suv,Black,Lommel,253 kW (344 HP),Automatic,https://www.autotrends.be/fr/occasions/voiture-occasion-belgique/auto/bmw/serie-x-x7/bmw-serie-x-x7-2022-vente-553811?,,6
"22,690 EUR",Renault,Megane,"65,949 km",2022,Petrol,Wagon,Gray,Halen,104 kW (141 HP),Automatic,https://www.vroom.be/fr/voitures-occasion/renault-megane-essence-0474392/,1.3,6
"92,890 EUR",Maserati,Levante,"11,892 km",2021,Petrol,Suv,Gray,Turnhout,320 kW (435 HP),Automatic,https://www.autogids.be/detail-id--9462831--maserati-modena-s-430pk-pano-acc-camera-leder/tweedehands.html,3.0 s,
"38,990 EUR",Audi,A6,"64,885 km",2019,Diesel,Wagon,Black,Sint Niklaas,152 kW (207 HP),Automatic,https://www.vroom.be/fr/voitures-occasion/audi-a6-diesel-0534953/,2.0 TDI,6
"24,450 EUR",Nissan,X-Trail,"66,448 km",2020,Diesel,Suv,Blue,Turnhout,111 kW (151 HP),Manual,https://www.vroom.be/fr/voitures-occasion/nissan-x-trail-diesel-0449504/,1.7,6
"25,950 EUR",Bmw,X1,"58,473 km",2021,Diesel,Suv,White,Lennik,86 kW (117 HP),Automatic,https://www.autogids.be/detail-id--9449858--bmw-1-5-da-sdrive16-adblue-eu6ap-leder-pano-dak/tweedehands.html,16d,6
"36,495 EUR",Ford,Ranger,"42,901 km",2021,Diesel,Pickup,Silver,Tielt,158 kW (215 HP),Automatic,https://www.vroom.be/fr/voitures-occasion/ford-ranger-diesel-0547142/,2.0,6
"15,490 EUR",Audi,A4,"129,066 km",2015,Diesel,Sedan,Black,Sint Niklaas,136 kW (185 HP),Manual,https://www.vroom.be/fr/voitures-occasion/audi-a4-diesel-0534906/,2.0,6
"29,990 EUR",Audi,A3,"30,132 km",2023,Petrol,Sedan,Blue,Tienen,82 kW (112 HP),Automatic,https://www.autotrends.be/fr/occasions/voiture-occasion-belgique/auto/audi/a3/audi-a3-2023-vente-532574?,1.0 30 TFSI,6
"28,990 EUR",Audi,A3,"19,536 km",2023,Petrol,Sedan,Gray,Tongeren,82 kW (112 HP),Automatic,https://www.autotrends.be/fr/occasions/voiture-occasion-belgique/auto/audi/a3/audi-a3-2023-vente-552194?,1.0 30 TFSI,6
"47,900 EUR",Mercedes Benz,C-Class,"24,401 km",2022,Diesel,Wagon,Gray,Hannut,149 kW (203 HP),Automatic,https://www.autotrends.be/fr/occasions/voiture-occasion-belgique/auto/mercedes-benz/c-220/mercedes-benz-c-220-2022-vente-533827?,220,
"12,999 EUR",Bmw,5 Series,"189,000 km",2013,Diesel,Sedan,Black,Farciennes,121 kW (165 HP),Automatic,https://www.vroom.be/fr/voitures-occasion/bmw-520-diesel-0558964/,2.0 520d,
"144,990 EUR",Mercedes Benz,Sl-Class,"7,408 km",2023,Petrol,Convertible,Gray,Huy,354 kW (481 HP),Automatic,https://www.vroom.be/fr/voitures-occasion/mercedes-benz-sl-55-amg-essence-0538088/,4.0 AMG 55,
"23,799 EUR",Opel,Mokka,"6,621 km",2021,Petrol,Crossover,Gray,Erpe Mere,97 kW (132 HP),Manual,https://www.vroom.be/fr/voitures-occasion/opel-mokka-essence-0492923/,1.2,6
"29,990 EUR",Audi,A3,"39,474 km",2022,Petrol,Sedan,Gray,Overpelt,82 kW (112 HP),Automatic,https://www.vroom.be/fr/voitures-occasion/audi-a3-essence-0524006/,1.0 30 TFSI,6
"33,990 EUR",Audi,A3,"16,132 km",2022,Petrol,Sedan,Blue,Tienen,111 kW (151 HP),Automatic,https://www.vroom.be/fr/voitures-occasion/audi-a3-essence-0537664/,1.5 35 TFSI,6
"24,990 EUR",Peugeot,3008,"30,901 km",2019,Petrol,Crossover,Red,Arlon,96 kW (131 HP),Automatic,https://www.vroom.be/fr/voitures-occasion/peugeot-3008-essence-0560337/,1.2,6
"48,500 EUR",Audi,Q5,"53,874 km",2021,Diesel,Suv,Black,Tongeren,152 kW (207 HP),Automatic,https://www.vroom.be/fr/voitures-occasion/audi-q5-diesel-0558212/,2.0,6
"66,380 EUR",Bmw,Ix,"8,948 km",2021,Electric,Suv,Gray,Turnhout,243 kW (330 HP),Automatic,https://www.autogids.be/detail-id--9464272--bmw-hud-harman-kardon-side-assist-pano/tweedehands.html,,
"35,990 EUR",Audi,A3,"7,772 km",2023,Petrol,Sedan,Blue,Genk,82 kW (112 HP),Automatic,https://www.autotrends.be/fr/occasions/voiture-occasion-belgique/auto/audi/a3/audi-a3-2023-vente-551670?,1.0,6
"94,990 EUR",Land Rover,Defender,"2,896 km",2022,Diesel,Suv,Black,Merelbeke,186 kW (253 HP),Automatic,https://www.vroom.be/fr/voitures-occasion/land-rover-defender-diesel-0506725/,3.0,6
"84,990 EUR",Land Rover,Defender,"1,500 km",2022,Diesel,Suv,Black,Merelbeke,186 kW (253 HP),Automatic,https://www.autogids.be/detail-id--9457411--land-rover-110-d250-se-awd-aut/tweedehands.html,3.0,
"16,490 EUR",Seat,Ateca,"94,714 km",2019,Petrol,Suv,Black,Herstal,86 kW (117 HP),Manual,https://www.autotrends.be/fr/occasions/voiture-occasion-belgique/auto/seat/ateca/seat-ateca-2019-vente-531654?,1.0,6
"28,990 EUR",Citroen,C5 Aircross,"32,389 km",2022,Petrol,Suv,Black,Malmedy,97 kW (132 HP),Automatic,https://www.autotrends.be/fr/occasions/voiture-occasion-belgique/auto/citroen/c5-aircross/citroen-c5-aircross-2022-vente-529674?,1.2,6
"30,900 EUR",Bmw,I3,"14,514 km",2022,Electric,Hatchback,Brown,Lier,126 kW (171 HP),Automatic,https://www.vroom.be/fr/voitures-occasion/bmw-i3-electrique-0473181/,0.6,6
"47,995 EUR",Audi,Q4,"17,076 km",2022,Electric,Crossover,Blue,Brugge,152 kW (207 HP),Automatic,https://www.vroom.be/fr/voitures-occasion/audi-q4-electrique-0556241/,,9
"21,950 EUR",Abarth,595,"19,260 km",2020,Petrol,Coupe,Yellow,Izegem,121 kW (165 HP),Manual,https://www.vroom.be/fr/voitures-occasion/abarth-595-turismo-essence-0547791/,1.4 turismo,6
"39,990 EUR",Mercedes Benz,C-Class,"51,751 km",2020,Diesel,Coupe,Gray,Huy,119 kW (162 HP),Automatic,https://www.autogids.be/detail-id--9395812--mercedes-benz-d-coupe-amg-line-premium/tweedehands.html,200,
"34,950 EUR",Mercedes Benz,C-Class,"34,012 km",2020,Diesel,Wagon,Blue,Torhout,144 kW (196 HP),Automatic,https://www.vroom.be/fr/voitures-occasion/mercedes-benz-c-220-diesel-0430502/,,6
"79,900 EUR",Mercedes Benz,Eqe,"37,390 km",2022,Electric,Sedan,White,Hannut,354 kW (481 HP),Automatic,https://www.vroom.be/fr/voitures-occasion/mercedes-benz-eqe-43-electrique-0549702/,,
"65,990 EUR",Mercedes Benz,Eqe,"21,141 km",2022,Electric,Sedan,White,Huy,217 kW (295 HP),Automatic,https://www.vroom.be/fr/voitures-occasion/mercedes-benz-eqe-350-electrique-0532654/,350,
"66,990 EUR",Mercedes Benz,Eqe,"12,418 km",2022,Electric,Sedan,White,Huy,217 kW (295 HP),Automatic,https://www.vroom.be/fr/voitures-occasion/mercedes-benz-eqe-350-electrique-0532636/,350,
"93,500 EUR",Mercedes Benz,Eqe,10 km,2024,Electric,Sedan,Gray,Huy,217 kW (295 HP),Automatic,https://www.vroom.be/fr/voitures-neuves/mercedes-benz-eqe-electrique-0543451/,,
"93,500 EUR",Mercedes Benz,Eqe,10 km,2023,Electric,Sedan,Gray,Huy,217 kW (295 HP),Automatic,https://www.vroom.be/fr/voitures-neuves/mercedes-benz-eqe-electrique-0482420/,,
"33,990 EUR",Bmw,2 Series,"21,891 km",2021,Petrol,Sedan,Black,Gembloux,101 kW (137 HP),Automatic,https://www.vroom.be/fr/voitures-occasion/bmw-218-essence-0444404/,,6
"27,500 EUR",Audi,A5,"67,819 km",2018,Diesel,Sedan,Black,Overpelt,111 kW (151 HP),Automatic,https://www.vroom.be/fr/voitures-occasion/audi-a5-diesel-0523990/,2.0,6
"19,990 EUR",Ford,Ecosport,"30,235 km",2020,Petrol,Suv,Gray,Rotselaar,93 kW (126 HP),Automatic,https://www.vroom.be/fr/voitures-occasion/ford-ecosport-essence-0556432/,1.0,9
"139,900 EUR",Audi,Rs6,"3,900 km",2021,Petrol,Wagon,Red,Brugge,447 kW (608 HP),Automatic,https://www.vroom.be/fr/voitures-occasion/audi-rs6-essence-0559676/,4.0,6
"41,500 EUR",Audi,Q3,"13,512 km",2023,Petrol,Crossover,Black,Genk,111 kW (151 HP),Automatic,https://www.vroom.be/fr/voitures-occasion/audi-q3-essence-0551966/,1.5,6
"36,500 EUR",Bmw,X2,"8,664 km",2023,Petrol,Suv,Gray,Ninove,101 kW (137 HP),Automatic,https://www.vroom.be/fr/voitures-occasion/bmw-x2-essence-0553360/,,6
"52,990 EUR",Audi,Q5,32 km,2023,Diesel,Suv,Gray,Overpelt,121 kW (165 HP),Automatic,https://www.vroom.be/fr/voitures-neuves/audi-q5-diesel-0546903/,2.0,6
"37,499 EUR",Mazda,Mx-30,"5,000 km",2024,Electric,Crossover,Black,Halen,126 kW (171 HP),Automatic,https://www.vroom.be/fr/voitures-occasion/mazda-mx-30-hybride-essence-0527097/,,6
"36,850 EUR",Volvo,Xc90,"178,878 km",2017,Petrol,Suv,Black,Roosdaal,239 kW (325 HP),Automatic,https://www.vroom.be/fr/voitures-occasion/volvo-xc90-essence-0555243/,2.0,
"24,999 EUR",Mercedes Benz,Gla-Class,"72,800 km",2018,Petrol,Suv,Gray,Zwevegem,157 kW (214 HP),Automatic,https://www.vroom.be/fr/voitures-occasion/mercedes-benz-gla-250-essence-0543758/,250,6
"26,900 EUR",Land Rover,Discovery Sport,"99,876 km",2019,Diesel,Suv,Gray,Beveren,111 kW (151 HP),Automatic,https://www.vroom.be/fr/voitures-occasion/land-rover-discovery-sport-diesel-0535226/,2.0,6
"22,650 EUR",Land Rover,Discovery Sport,"55,342 km",2019,Diesel,Suv,White,Turnhout,111 kW (151 HP),Manual,https://www.vroom.be/fr/voitures-occasion/land-rover-discovery-sport-diesel-0392638/,2.0,6
"61,950 EUR",Bmw,X6,"92,162 km",2020,Diesel,Suv,Gray,Bastogne,157 kW (214 HP),Automatic,https://www.vroom.be/fr/voitures-occasion/bmw-x6-diesel-0531436/,,6
"25,995 EUR",Peugeot,5008,"55,111 km",2021,Diesel,Mpv,Silver,Brugge,97 kW (132 HP),Manual,https://www.vroom.be/fr/voitures-occasion/peugeot-5008-diesel-0538443/,1.5,8
"33,450 EUR",Peugeot,5008,"39,355 km",2021,Diesel,Mpv,Blue,Jabbeke,96 kW (131 HP),Automatic,https://www.vroom.be/fr/voitures-occasion/peugeot-5008-diesel-0503137/,1.5,6
"28,980 EUR",Peugeot,5008,"29,729 km",2021,Petrol,Mpv,Blue,Ath,96 kW (131 HP),Manual,https://www.autotrends.be/fr/occasions/voiture-occasion-belgique/auto/peugeot/5008/peugeot-5008-2021-vente-531721?,1.2,
"24,990 EUR",Bmw,2 Series,"82,500 km",2020,Petrol,Hatchback,Blue,Eupen,104 kW (141 HP),Manual,https://www.vroom.be/fr/voitures-occasion/bmw-218-essence-0560210/,,6
"48,950 EUR",Land Rover,Range Rover Velar,"59,475 km",2020,Petrol,Suv,Black,Asse,186 kW (253 HP),Automatic,https://www.vroom.be/fr/voitures-occasion/land-rover-range-rover-velar-essence-0557627/,2.0,6
"109,999 EUR",Porsche,Taycan,"9,244 km",2023,Electric,Sedan,Gray,Wommelgem,284 kW (386 HP),Automatic,https://www.vroom.be/fr/voitures-occasion/porsche-taycan-electrique-0558251/,,6
"101,390 EUR",Porsche,Taycan,"4,351 km",2023,Electric,Sedan,Black,Turnhout,284 kW (386 HP),Automatic,https://www.vroom.be/fr/voitures-occasion/porsche-taycan-electrique-0510208/,,
"113,890 EUR",Porsche,Taycan,"3,121 km",2023,Electric,Sedan,Black,Turnhout,284 kW (386 HP),Automatic,https://www.vroom.be/fr/voitures-occasion/porsche-taycan-electrique-0493567/,,
"22,916 EUR",Volvo,V40,"49,397 km",2018,Petrol,Wagon,Gray,Rotselaar,90 kW (122 HP),Automatic,https://www.vroom.be/fr/voitures-occasion/volvo-v40-essence-0422955/,1.5,6
"28,250 EUR",Jeep,Compass,"32,765 km",2022,Diesel,Crossover,Blue,Roeselare,97 kW (132 HP),Manual,https://www.vroom.be/fr/voitures-occasion/jeep-compass-diesel-0555919/,1.6,6
"21,995 EUR",Mercedes Benz,A-Class,"89,046 km",2020,Diesel,Sedan,Gray,Brugge,85 kW (116 HP),Automatic,https://www.autotrends.be/fr/occasions/voiture-occasion-belgique/auto/mercedes-benz/a-180/mercedes-benz-a-180-vente-511075?,,9
"40,000 EUR",Toyota,Bz4x,"21,085 km",2023,Electric,Suv,Gray,Ieper,152 kW (207 HP),Automatic,https://www.vroom.be/fr/voitures-occasion/toyota-bz4x-electrique-0531907/,,6
"29,975 EUR",Ford,Galaxy,"87,515 km",2018,Diesel,Mpv,Black,Izegem,111 kW (151 HP),Automatic,https://www.vroom.be/fr/voitures-occasion/ford-galaxy-diesel-0221886/,2.0,6
"88,450 EUR",Ford,Mustang,"1,200 km",2023,Petrol,Coupe,Blue,Machelen,378 kW (514 HP),Manual,https://www.vroom.be/fr/voitures-occasion/ford-mustang-essence-0554996/,5.0,8
"64,500 EUR",Bmw,Ix,"14,737 km",2022,Electric,Suv,Black,Spiere Helkijn,253 kW (344 HP),Automatic,https://www.vroom.be/fr/voitures-occasion/bmw-ix-electrique-0508526/,,
"64,500 EUR",Bmw,Ix,"13,218 km",2022,Electric,Suv,Black,Spiere Helkijn,253 kW (344 HP),Automatic,https://www.vroom.be/fr/voitures-occasion/bmw-ix-electrique-0508525/,,
"20,750 EUR",Peugeot,208,"22,753 km",2022,Petrol,Wagon,Gray,Knokke Heist,75 kW (102 HP),Automatic,https://www.vroom.be/fr/voitures-occasion/peugeot-208-essence-0559160/,1.2,8
"16,480 EUR",Renault,Kadjar,"81,101 km",2019,Diesel,Suv,Black,Ath,86 kW (117 HP),Manual,https://www.autogids.be/detail-id--9393314--renault-intens/tweedehands.html,1.5,6
"17,450 EUR",Renault,Kadjar,"72,037 km",2019,Petrol,Suv,Silver,Turnhout,105 kW (143 HP),Manual,https://www.vroom.be/fr/voitures-occasion/renault-kadjar-essence-0441956/,1.3,6
"36,999 EUR",Volkswagen,Tiguan,"49,410 km",2021,Petrol,Crossover,Black,Aarschot,111 kW (151 HP),Automatic,https://www.vroom.be/fr/voitures-occasion/volkswagen-tiguan-essence-0523345/,1.5,6
"14,990 EUR",Bmw,2 Series,"140,173 km",2016,Petrol,Hatchback,Black,Halen,101 kW (137 HP),Automatic,https://www.vroom.be/fr/voitures-occasion/bmw-218-essence-0508866/,,6
