Make,Model,Trim,Year,Fuel type,Body type,Color,City,Transmission,Contact,Price(EUR),Mileage(km),kW,Emission standard,Country
Mazda,Cx-5,2.5,2023,Petrol,Crossover,Black,Hamburg,Automatic,https://www.12gebrauchtwagen.de/c/16/1420683921?num_on_page=3&page=53&premium=false&title=Mazda+Gebrauchtwagen+kaufen+auf+12Gebrauchtwagen.de,35890,11732,144.0,6,Germany
Audi,A1,1.0 30 TFSI,2019,Petrol,Mini,Yellow,Rain,Manual,https://www.12gebrauchtwagen.de/c/16/1413600396?num_on_page=3&page=50&title=Audi+Gebrauchtwagen+kaufen+auf+12Gebrauchtwagen.de,24890,42490,85.0,6,Germany
Bmw,5 Series,530d,2017,Diesel,Wagon,Blue,Uslar,Automatic,https://www.12gebrauchtwagen.de/c/4/1426300510?num_on_page=4&page=14&title=BMW+Gebrauchtwagen+kaufen+auf+12Gebrauchtwagen.de,25490,114600,197.0,6,Germany
Audi,Q2,1.5 35 TFSI,2024,Petrol,Crossover,Black,Rain,Automatic,https://www.instamotion.com/auto/FVOM-LT66-MXTR,39130,2500,110.0,6,Germany
Volvo,Xc40,1.5,2023,Hybrid,Crossover,Gray,Aachen,Automatic,https://www.moll-automobile.de/fahrzeug/385196040/Pkw/volvo-xc40-plus-dark-recharge-plug-in-hybrid-2wd-t5-tw,46980,14839,194.0,6,Germany
Volvo,Xc40,2.0 B4,2023,Petrol,Crossover,Blue,Aachen,Automatic,https://www.moll-automobile.de/fahrzeug/385199080/Pkw/volvo-xc40-plus-dark-2wd-b4-eu6d-navi-digitales-cockpi,41890,11582,146.0,6,Germany
Land Rover,Range Rover Sport,3.0,2016,Diesel,Suv,White,Villingen Schwenningen,Automatic,https://www.12gebrauchtwagen.de/c/4/1424732742?num_on_page=1&page=71&title=Land+Rover+Gebrauchtwagen+in+Offenburg+kaufen+auf+12Gebrauchtwagen.de,33900,118575,190.0,6,Germany
Bmw,X3,xDrive30d,2022,Diesel,Suv,Black,Rain,Automatic,https://www.12gebrauchtwagen.de/c/16/1426180988?num_on_page=3&page=11&premium=false&title=BMW+Gebrauchtwagen+kaufen+auf+12Gebrauchtwagen.de,54189,55500,210.0,6,Germany
Audi,Q3,2.0 35 TDI,2023,Diesel,Crossover,White,Rain,Automatic,https://www.instamotion.com/auto/CYZ7-9KIP-QFJO,48070,3900,110.0,6,Germany
Ford,Ecosport,1.0 EcoBoost,2019,Petrol,Suv,Gray,Ulm,Manual,https://www.12gebrauchtwagen.de/c/4/1419520629?num_on_page=3&page=29&premium=false&title=Ford+Gebrauchtwagen+kaufen+auf+12Gebrauchtwagen.de,18280,22910,104.0,6,Germany
Land Rover,Defender,3.0,2023,Diesel,Suv,Black,Oldenburg,Automatic,https://www.moll-automobile.de/fahrzeug/386041501/Pkw/land-rover-defender-90-x-dynamic-se-d250-mild-hybrid-allrad,71490,11990,185.0,6,Germany
Bmw,X3,M40d,2021,Diesel,Suv,Silver,Rain,Automatic,https://www.12gebrauchtwagen.de/c/16/1426177213?num_on_page=1&page=15&title=BMW+Gebrauchtwagen+kaufen+auf+12Gebrauchtwagen.de,53750,53313,250.0,6,Germany
Honda,Civic,1.0,2020,Petrol,Sedan,Red,Iserlohn,Manual,https://gebrauchtwagen.hyundai.de/de/fahrzeugsuche/honda/civic-10-elegance-pdc-shz-kamera-navi-acc-led/variant-s1c9h78q,17850,47950,93.0,6,Germany
Bmw,X3,M40d,2020,Diesel,Suv,Blue,Rain,Automatic,https://www.instamotion.com/auto/L4KE-RPVJ-H2OU,45550,92593,240.0,6,Germany
Bmw,X1,xDrive23d,2023,Diesel,Suv,Black,Rain,Automatic,https://www.instamotion.com/auto/FN2S-P9JW-GR1R,50450,41353,155.0,6,Germany
Bmw,X1,xDrive20d,2023,Diesel,Suv,Black,Rain,Automatic,https://www.12gebrauchtwagen.de/c/34/1425979449?num_on_page=2&page=17&title=BMW+Gebrauchtwagen+kaufen+auf+12Gebrauchtwagen.de,47450,31724,120.0,6,Germany
Bmw,X1,xDrive20d,2023,Diesel,Suv,Green,Rain,Automatic,https://www.instamotion.com/auto/TZH4-1IRR-F2WB,50450,28199,110.0,6,Germany
Volvo,Xc90,2.0,2020,Diesel,Suv,Gray,Aachen,Automatic,https://www.moll-automobile.de/fahrzeug/387116207/Pkw/volvo-xc90-inscription-awd-b5-diesel-eu6d-t-allrad-ad,49980,51490,175.0,6,Germany
Honda,Civic,1.0,2019,Petrol,Sedan,Red,Iserlohn,Manual,https://gebrauchtwagen.hyundai.de/de/fahrzeugsuche/honda/civic-10-vtec-dynamic-limited-edition-navi-acc/variant-s1c8vuyr,16990,60152,93.0,6,Germany
Audi,Q3,2.0 45 TFSI,2022,Hybrid,Crossover,Black,Rain,Automatic,https://www.12gebrauchtwagen.de/c/16/1413704817?num_on_page=1&page=66&title=Audi+Gebrauchtwagen+kaufen+auf+12Gebrauchtwagen.de,54990,15660,180.0,6,Germany
Audi,Q3,2.0 45 TFSI,2022,Hybrid,Crossover,Black,Rain,Automatic,https://www.12gebrauchtwagen.de/c/34/1425971699?num_on_page=2&page=29&title=Audi+Gebrauchtwagen+kaufen+auf+12Gebrauchtwagen.de,55980,15118,180.0,6,Germany
Audi,Q3,2.0 45 TFSI,2022,Hybrid,Crossover,Gray,Rain,Automatic,https://www.12gebrauchtwagen.de/c/16/1426020875?num_on_page=3&page=13&title=Audi+Gebrauchtwagen+kaufen+auf+12Gebrauchtwagen.de,55980,13032,180.0,6,Germany
Audi,A4 Allroad,2.0 40 TDI,2023,Diesel,Crossover,Gray,Rain,Automatic,https://www.instamotion.com/auto/Y3E4-Q61W-POMY,53330,18000,150.0,6,Germany
Audi,A4,1.4 TFSI,2018,Petrol,Wagon,Black,Euskirchen,Manual,https://www.moll-automobile.de/fahrzeug/386525720/Pkw/audi-a4-avant-sport-1-4-tfsi-s-line-navi-soundsystem,21970,96500,111.0,6,Germany
Audi,Q3,2.0 35 TDI,2021,Diesel,Crossover,Gray,Rain,Automatic,https://www.instamotion.com/auto/U578-A3RN-5BD7,35920,48000,110.0,6,Germany
Bmw,X3,xDrive20d,2018,Diesel,Suv,Gold,Rain,Automatic,https://www.instamotion.com/auto/SFM4-WNHF-8TQ1,32640,72800,140.0,6,Germany
Honda,Cr-V,2.0,2019,Hybrid,Suv,Red,Iserlohn,Automatic,https://gebrauchtwagen.hyundai.de/de/fahrzeugsuche/honda/cr-v-20-i-mmd-hybrid-4wd-executive-hud-acc-led/variant-v3c8kydw,23800,108665,137.0,6,Germany
Ferrari,F355,3.5,1999,Petrol,Convertible,Red,Villingen Schwenningen,Automatic,https://www.12gebrauchtwagen.de/c/4/1424764103?num_on_page=2&page=5&title=Ferrari+Gebrauchtwagen+kaufen+auf+12Gebrauchtwagen.de,108900,55000,280.0,2,Germany
Audi,Tt Rs,2.5,2022,Petrol,Coupe,Gray,Mainz,Automatic,https://www.12gebrauchtwagen.de/c/16/1417159213?num_on_page=2&page=48&title=Audi+Gebrauchtwagen+kaufen+auf+12Gebrauchtwagen.de,62880,20180,294.0,6,Germany
Jaguar,F-Pace,2.0,2019,Diesel,Crossover,Black,Hamburg,Automatic,https://www.12gebrauchtwagen.de/c/4/1368611057?num_on_page=1&page=12&title=Jaguar+Gebrauchtwagen+kaufen+auf+12Gebrauchtwagen.de,29980,121600,133.0,6,Germany
Volkswagen,Tiguan,2.0,2020,Diesel,Crossover,Black,Blaubeuren,Manual,https://gebrauchtwagen.hyundai.de/de/fahrzeugsuche/volkswagen/tiguan/iqdrive-20-tdi-iq-drive-navi-ahk-qbc88p2z,24999,67000,111.0,6,Germany
Volvo,Xc60,2.0 B4,2023,Diesel,Crossover,Gray,Aachen,Automatic,https://www.moll-automobile.de/fahrzeug/383899641/Pkw/volvo-xc60-ultimate-dark-2wd-b4-diesel-eu6d-hud-ad-dig,52890,12280,146.0,6,Germany
Audi,A3,1.0,2018,Petrol,Sedan,Blue,Villingen Schwenningen,Manual,https://www.12gebrauchtwagen.de/c/4/1424503027?num_on_page=3&page=83&title=Audi+Gebrauchtwagen+kaufen+auf+12Gebrauchtwagen.de,18900,89058,85.0,6,Germany
Audi,Q2,1.5 35 TFSI,2021,Petrol,Crossover,Blue,Rain,Automatic,https://www.instamotion.com/auto/QPDV-IHDN-S4Q4,27370,39900,110.0,6,Germany
Audi,A1,1.0 30 TFSI,2020,Petrol,Mini,Gray,Rain,Automatic,https://www.12gebrauchtwagen.de/c/16/1426162535?num_on_page=1&page=11&title=Audi+Gebrauchtwagen+kaufen+auf+12Gebrauchtwagen.de,25890,33000,85.0,6,Germany
Audi,Q2,1.5 35 TFSI,2020,Petrol,Crossover,Blue,Rain,Automatic,https://www.12gebrauchtwagen.de/c/16/1415348364?num_on_page=1&page=70&title=Audi+Gebrauchtwagen+kaufen+auf+12Gebrauchtwagen.de,27490,24656,110.0,6,Germany
Honda,Cr-V,2.0 i-MMD e:HEV,2023,Hybrid,Suv,Blue,Iserlohn,Automatic,https://gebrauchtwagen.hyundai.de/de/fahrzeugsuche/honda/cr-v-20-i-mmd-ehev-advance-awd-hud-led-pano/variant-kjc8vuxq,52490,10,137.0,6,Germany
Audi,Q8,3.0 50 TDI quattro,2018,Diesel,Suv,Black,Villingen Schwenningen,Automatic,https://www.12gebrauchtwagen.de/c/4/1424471641?num_on_page=4&page=117&title=Audi+Gebrauchtwagen+kaufen+auf+12Gebrauchtwagen.de,52900,122543,210.0,6,Germany
Bmw,5 Series,525i,2014,Diesel,Wagon,Black,Dieburg,Automatic,https://www.12gebrauchtwagen.de/c/4/1424590053?num_on_page=1&page=58&title=BMW+Gebrauchtwagen+kaufen+auf+12Gebrauchtwagen.de,14980,181000,160.0,6,Germany
Dacia,Sandero,1.0 tce,2021,Petrol,Hatchback,Black,Ostfildern,Manual,https://www.12gebrauchtwagen.de/c/4/1426580174?num_on_page=1&page=9&title=Dacia+Gebrauchtwagen+kaufen+auf+12Gebrauchtwagen.de,14892,29259,74.0,6,Germany
Audi,A4,1.8,2014,Petrol,Wagon,Gray,Mönchengladbach,Automatic,https://www.12gebrauchtwagen.de/c/4/1337329058?num_on_page=3&page=61&title=Audi+Gebrauchtwagen+kaufen+auf+12Gebrauchtwagen.de,16890,98000,88.0,6,Germany
Jeep,Wrangler,6.4,2023,Petrol,Suv,Gray,Rain,Automatic,https://www.instamotion.com/auto/GXTL-4Q9O-UU23,143440,99,350.0,6,Germany
Hyundai,I20,1.0,2022,Petrol,Hatchback,White,Schwerte,Automatic,https://gebrauchtwagen.hyundai.de/de/fahrzeugsuche/hyundai/i20/variant-p5c8erwj,22950,5772,75.0,6,Germany
Bmw,X4,M40d,2023,Diesel,Suv,Black,Rain,Automatic,https://www.instamotion.com/auto/LRDB-UM1D-LZEB,71090,25600,250.0,6,Germany
Bmw,X4,M40d,2023,Diesel,Suv,Black,Rain,Automatic,https://www.12gebrauchtwagen.de/c/34/1425969773?num_on_page=1&page=19&title=BMW+Gebrauchtwagen+kaufen+auf+12Gebrauchtwagen.de,70150,25195,250.0,6,Germany
Bmw,X4,xDrive30d,2023,Diesel,Suv,Black,Rain,Automatic,https://www.instamotion.com/auto/T1BH-VX6O-ZVE7,67650,24566,210.0,6,Germany
Bmw,X4,M40i,2023,Petrol,Suv,Red,Rain,Automatic,https://www.instamotion.com/auto/RY8H-QN27-Y7CM,75250,24342,265.0,6,Germany
Ford,S-Max,2.0 EcoBlue,2020,Diesel,Mpv,Silver,Rain,Automatic,https://www.instamotion.com/auto/FWS4-39VG-Q9FT,26350,83893,140.0,6,Germany
Hyundai,I20,1.0,2019,Petrol,Hatchback,Blue,Ibbenbüren,Automatic,https://www.12gebrauchtwagen.de/c/4/1406489802?num_on_page=4&page=26&title=Hyundai+Gebrauchtwagen+kaufen+auf+12Gebrauchtwagen.de,13990,66430,75.0,6,Germany
Hyundai,I10,1.0,2020,Petrol,Mini,White,Beckum,Manual,https://gebrauchtwagen.hyundai.de/de/fahrzeugsuche/hyundai/i10/10-eu6d-t-10-select-funktionspaket-wdc9kflg,11490,35501,49.0,6,Germany
Opel,Crossland X,1.2 Turbo,2023,Petrol,Suv,Red,Bruchsal,Automatic,https://marktplatz.auto-motor-und-sport.de/opel-crossland-5-122813244/?brand=57&series=Crossland&isKlassiker=false,21990,8010,97.0,6,Germany
Ford,Transit Custom,2.0,2019,Diesel,Van,White,Leipzig,Manual,https://www.12gebrauchtwagen.de/c/4/1414011893?num_on_page=3&page=45&title=Ford+Gebrauchtwagen+kaufen+auf+12Gebrauchtwagen.de,17950,147369,78.0,6,Germany
Ford,Transit Custom,1.0 EcoBoost,2019,Diesel,Van,White,Strausberg,Manual,https://www.12gebrauchtwagen.de/c/4/1419104697?num_on_page=3&page=27&title=Ford+Gebrauchtwagen+kaufen+auf+12Gebrauchtwagen.de,18500,145418,97.0,6,Germany
Dacia,Sandero,1.5 dCi,2018,Diesel,Hatchback,Black,Ostfildern,Manual,https://www.12gebrauchtwagen.de/c/4/1426265248?num_on_page=5&page=16&title=Dacia+Gebrauchtwagen+kaufen+auf+12Gebrauchtwagen.de,11691,120059,66.0,6,Germany
Audi,A1,1.0 25 TFSI,2019,Petrol,Mini,Yellow,Marktredwitz,Manual,https://gebrauchtwagen.hyundai.de/de/fahrzeugsuche/audi/a1/sportback-25-10-tfsi-advanced-shzspurhpdc-wdc88mqq,18835,21956,70.0,6,Germany
Seat,Arona,1.0 tsi,2023,Petrol,Crossover,Black,Rain,Manual,https://www.instamotion.com/auto/KEP7-5NMC-45PM,23895,10,81.0,6,Germany
Seat,Arona,1.0 tsi,2023,Petrol,Crossover,Gray,Rain,Manual,https://www.instamotion.com/auto/BFSL-PMOQ-LJHS,22895,10,81.0,6,Germany
Seat,Arona,1.0 tsi,2022,Petrol,Crossover,Silver,Rain,Automatic,https://www.instamotion.com/auto/X1KC24HJ9F1WSYLURRC22CYZFVVCN3S92FQ9S6QHW8BVVCZZCKQFN9F41U6WHQW,26280,10,81.0,6,Germany
Ford,Focus,1.0,2021,Petrol,Wagon,Black,Gronau,Manual,https://www.12gebrauchtwagen.de/c/4/1415752888?num_on_page=3&page=58&title=Ford+Gebrauchtwagen+kaufen+auf+12Gebrauchtwagen.de,22390,21500,93.0,6,Germany
Volkswagen,Tiguan,1.4 TSI,2018,Petrol,Crossover,White,Dresden,Manual,https://www.12gebrauchtwagen.de/c/4/1408071085?num_on_page=5&page=93&title=VW+Gebrauchtwagen+kaufen+auf+12Gebrauchtwagen.de,25990,79276,111.0,6,Germany
Volkswagen,Tiguan Allspace,2.0,2019,Diesel,Crossover,Black,Mönchengladbach,Automatic,https://www.12gebrauchtwagen.de/c/16/1420689558?num_on_page=3&page=33&premium=false&title=VW+Gebrauchtwagen+kaufen+auf+12Gebrauchtwagen.de,33950,60144,140.0,6,Germany
Fiat,500,1.2,2019,Petrol,Mini,White,Rain,Manual,https://www.instamotion.com/auto/PKS8-2VNI-Y4XT,15580,36718,51.0,6,Germany
Fiat,500,1.2,2019,Petrol,Mini,Black,Rain,Manual,https://www.instamotion.com/auto/IELT-D2F2-UKHK,16180,16705,51.0,6,Germany
Volkswagen,Polo,1.4,2012,Petrol,Hatchback,Gray,Berlin,Automatic,https://www.12gebrauchtwagen.de/c/4/1417731933?num_on_page=4&page=26&title=VW+Gebrauchtwagen+kaufen+auf+12Gebrauchtwagen.de,11880,47100,63.0,5,Germany
Mercedes Benz,Cls-Class,300,2020,Diesel,Sedan,Black,Villingen Schwenningen,Automatic,https://auto24.de/anzeige/mercedes-benz-cls-300-amg-fahrassistenz-business-paket-head-up-3711433.html,49900,89000,180.0,6,Germany
Suzuki,Sx4 S-Cross,1.4,2020,Hybrid,Crossover,Gray,Offenburg,Automatic,https://www.ebay-kleinanzeigen.de/s-anzeige/suzuki-sx4-s-cross-1-4-hybrid-allgrip-4x4-comfort-led/2654292058-216-9040,24988,10465,95.0,6,Germany
Ford,Kuga,2.0 TDCi,2019,Diesel,Suv,Red,Rain,Automatic,https://www.instamotion.com/auto/A4FL-REXF-YZ9Z,23898,73912,132.0,6,Germany
Ford,Kuga,2.0 TDCi,2019,Diesel,Suv,Black,Rain,Automatic,https://www.instamotion.com/auto/SUBY-IT48-CGUT,26250,73500,132.0,6,Germany
Ford,Kuga,2.0 TDCi,2019,Diesel,Suv,White,Rain,Automatic,https://www.instamotion.com/auto/CUJX-2E7Q-WHFS,25392,70450,110.0,6,Germany
Volkswagen,Touran,2.0 TDI,2022,Diesel,Mpv,Green,Siegen,Automatic,https://www.ebay-kleinanzeigen.de/s-anzeige/volkswagen-touran-2-0-tdi-dsg-highline-navi-led-pano-7-sitz/2682617358-216-1029,34455,48900,110.0,6,Germany
Volkswagen,Touran,1.5 tsi,2022,Petrol,Mpv,Blue,Neumarkt in der Oberpfalz,Automatic,https://auto24.de/anzeige/volkswagen-touran-1-5-tsi-active-opf-3242685.html,34850,12100,111.0,6,Germany
Seat,Ateca,1.5 tsi,2020,Petrol,Suv,White,Rutesheim,Manual,https://www.ebay-kleinanzeigen.de/s-anzeige/seat-ateca-xperience-eu6d-1-5-tsi-navi-memory-sitze-s/2666213680-216-8425,25890,12080,110.0,6,Germany
Volvo,Xc60,2.0 t4,2020,Petrol,Crossover,White,Rain,Automatic,https://www.instamotion.com/auto/W1HE-9QDG-LA4C,31500,49261,140.0,6,Germany
Fiat,600e,La Prima,2023,Electric,Crossover,Orange,Euskirchen,Automatic,https://www.moll-automobile.de/fahrzeug/383937514/Pkw/fiat-600e-la-prima-led-navi-360-pdc-shzg-massagesitz,38950,499,116.0,6,Germany
Volkswagen,Polo,1.0 TSI DSG,2022,Petrol,Hatchback,Black,Rain,Automatic,https://www.instamotion.com/auto/33LG-OL8L-9FDT,21390,23953,70.0,6,Germany
Volkswagen,Polo,1.0 TSI DSG,2022,Petrol,Hatchback,Black,Rain,Automatic,https://www.instamotion.com/auto/RI6B-6EVL-D56B,21390,23256,70.0,6,Germany
Volkswagen,Polo,1.0 tsi,2022,Petrol,Hatchback,Purple,Rain,Manual,https://www.instamotion.com/auto/IPBW-MH23-5D64,21790,20500,70.0,6,Germany
Volkswagen,Polo,1.0 TSI DSG,2022,Petrol,Hatchback,Gray,Rain,Automatic,https://www.instamotion.com/auto/J4Y6-UB5P-4GRP,26650,18382,70.0,6,Germany
Audi,A4 Allroad,2.0 45 TFSI quattro,2019,Petrol,Crossover,Black,Aurich,Automatic,https://www.12gebrauchtwagen.de/c/4/1426722673?num_on_page=5&page=65&title=Audi+Gebrauchtwagen+kaufen+auf+12Gebrauchtwagen.de,34990,52130,180.0,6,Germany
Volkswagen,Arteon,2.0 TSI Shooting-Brake,2022,Petrol,Wagon,Black,Mönchengladbach,Automatic,https://www.waldhausen-buerkel.de/fahrzeuge/volkswagen/arteon-r-shooting-brake-20-tsi-dsg-4motion/details-t4c8zfmt,48500,16385,235.0,6,Germany
Ford,Ecosport,1.0 EcoBoost,2021,Petrol,Suv,White,Rain,Manual,https://www.instamotion.com/auto/K5A7-GT42-BH5Y,20880,27000,103.0,6,Germany
Audi,Q7,3.0 tfsi,2021,Hybrid,Suv,Black,Mönchengladbach,Automatic,https://www.waldhausen-buerkel.de/fahrzeuge/audi/q7-55-tfsi-e-quattro-klima-navi-leder/details-u7c9x2ld,53950,49589,250.0,6,Germany
Tesla,Model 3,0.0 long range,2022,Electric,Sedan,Black,Rain,Automatic,https://www.instamotion.com/auto/PCAG-SBIU-4OXH,46480,100,324.0,6,Germany
Škoda,Superb,2.0 TDI,2019,Diesel,Wagon,Gray,Stralsund,Automatic,https://www.12gebrauchtwagen.de/c/4/1327169082?num_on_page=2&page=97&title=Skoda+Gebrauchtwagen+kaufen+auf+12Gebrauchtwagen.de,25900,96695,141.0,6,Germany
Škoda,Superb,2.0 TDI,2019,Diesel,Wagon,Black,Hanau,Automatic,https://www.12gebrauchtwagen.de/c/4/1363223514?num_on_page=5&page=88&title=Skoda+Gebrauchtwagen+kaufen+auf+12Gebrauchtwagen.de,27500,67838,141.0,6,Germany
Opel,Grandland X,1.2,2022,Petrol,Suv,Gray,Rain,Automatic,https://www.instamotion.com/auto/3CIF-R7VA-BN87,25190,22829,96.0,6,Germany
Opel,Grandland X,1.6,2022,Hybrid,Suv,Blue,Deggendorf,Automatic,https://gebrauchtwagen.hyundai.de/de/fahrzeugsuche/opel/grandland-16-phev-ultimate-aut-allradlederna/variant-nqc9he2k,32790,20300,223.0,6,Germany
Volkswagen,T-Roc,1.5 tsi,2023,Petrol,Convertible,Black,Borna,Manual,https://www.ebay-kleinanzeigen.de/s-anzeige/volkswagen-t-roc-cabriolet-style-1-5-tsi-led-nav-01-28garan/2696885561-216-15395,29740,4950,110.0,6,Germany
Mercedes Benz,C-Class,300,2023,Hybrid,Wagon,Silver,Neuwied,Automatic,https://www.12gebrauchtwagen.de/c/4/1400523291?num_on_page=5&page=85&title=Mercedes-Benz+Gebrauchtwagen+kaufen+auf+12Gebrauchtwagen.de,46950,10000,152.0,6,Germany
Ferrari,F8 Spider,3.9,2021,Petrol,Convertible,Red,Kassel,Automatic,https://www.12gebrauchtwagen.de/c/4/1400681570?num_on_page=1&page=1&title=Ferrari+F8+Gebrauchtwagen+in+Wiesbaden+kaufen+auf+12Gebrauchtwagen.de,365000,10310,580.0,6,Germany
Volkswagen,Caddy,1.5 tsi,2023,Petrol,Pickup,Blue,Mönchengladbach,Automatic,https://www.waldhausen-buerkel.de/fahrzeuge/volkswagen/caddy-life-15-tsi-dsg-7-sitzer-acc-flUgeltUren/details-qbc6n4tm,32950,3198,84.0,6,Germany
Hyundai,Santa Fe,2.2 CRDi,2022,Diesel,Suv,Black,Coesfeld,Automatic,https://gebrauchtwagen.hyundai.de/de/fahrzeugsuche/hyundai/santa-fe/crdi-prime-4wd-dctledere-sitzevoll-ledaround-v-mmc836lq,43824,22650,143.0,6,Germany
Seat,Leon,1.5 eTSI,2021,Petrol,Hatchback,Black,Rain,Automatic,https://www.instamotion.com/auto/BJSY-6JIV-YRW8,25200,53900,110.0,6,Germany
Dacia,Duster,1.5 dCi,2019,Diesel,Suv,Blue,Cottbus,Manual,https://www.ebay-kleinanzeigen.de/s-anzeige/dacia-duster-ii-1-5-blue-dci-2wd-prestige-gra-dab-kame/2714968440-216-7747,15985,52091,85.0,6,Germany
Nissan,Juke,1.6 hybrid,2023,Hybrid,Crossover,Black,Neuruppin,Automatic,https://gebrauchtwagen.hyundai.de/de/fahrzeugsuche/nissan/juke/hybrid-autom-premiere-edition-navi-2farbig-jkc6svxw,28950,1100,70.0,6,Germany
Audi,Q2,1.5 35 TFSI,2023,Petrol,Crossover,White,Rain,Manual,https://www.instamotion.com/auto/5J9V-VT9N-M5ZT,30630,3700,110.0,6,Germany
Ford,Kuga,2.0 TDCi,2020,Diesel,Suv,Red,Krefeld,Manual,https://www.12gebrauchtwagen.de/c/4/1403788088?num_on_page=1&page=83&title=Ford+Gebrauchtwagen+kaufen+auf+12Gebrauchtwagen.de,19950,105820,111.0,6,Germany
Audi,A4 Allroad,2.0 TDI,2017,Diesel,Crossover,Blue,Neumarkt in der Oberpfalz,Automatic,https://www.12gebrauchtwagen.de/c/4/1424726321?num_on_page=4&page=61&title=Audi+Gebrauchtwagen+kaufen+auf+12Gebrauchtwagen.de,23950,125300,140.0,6,Germany
Jaguar,F-Type,2.0 P300,2020,Petrol,Convertible,Black,Rain,Automatic,https://www.instamotion.com/auto/K5D5-6ESS-5AJL,44600,60842,221.0,6,Germany
Jaguar,F-Type,3.0 V6,2020,Petrol,Convertible,Gray,Rüsselsheim,Automatic,https://www.12gebrauchtwagen.de/c/4/1382661451?num_on_page=2&page=14&title=Jaguar+Gebrauchtwagen+kaufen+auf+12Gebrauchtwagen.de,53950,27000,284.0,6,Germany
Jaguar,F-Type,3.0 V6,2020,Petrol,Convertible,Gray,Rüsselsheim,Automatic,https://www.12gebrauchtwagen.de/c/4/1382928596?num_on_page=1&page=14&title=Jaguar+Gebrauchtwagen+kaufen+auf+12Gebrauchtwagen.de,53950,19000,284.0,6,Germany
Jaguar,F-Type,3.0 V6,2020,Petrol,Convertible,Gray,Rüsselsheim,Automatic,https://www.12gebrauchtwagen.de/c/4/1382670399?num_on_page=3&page=14&premium=false&title=Jaguar+Gebrauchtwagen+kaufen+auf+12Gebrauchtwagen.de,56950,16000,284.0,6,Germany
Jaguar,F-Type,3.0 V6,2020,Petrol,Convertible,Gray,Rüsselsheim,Automatic,https://www.12gebrauchtwagen.de/c/4/1382852564?num_on_page=4&page=14&title=Jaguar+Gebrauchtwagen+kaufen+auf+12Gebrauchtwagen.de,57950,11000,284.0,6,Germany
Audi,A1,1.0,2018,Petrol,Mini,Blue,Viernheim,Manual,https://www.12gebrauchtwagen.de/c/4/1424842928?num_on_page=2&page=56&title=Audi+Gebrauchtwagen+kaufen+auf+12Gebrauchtwagen.de,22870,39700,85.0,6,Germany
Kia,Soul,1.6,2009,Petrol,Mpv,Green,Schorndorf,Manual,https://www.12gebrauchtwagen.de/c/4/1420910449?num_on_page=1&page=1&title=Kia+Soul+Gebrauchtwagen+in+Pforzheim+kaufen+auf+12Gebrauchtwagen.de,4500,137400,93.0,5,Germany
Ford,Focus,1.0 EcoBoost,2020,Petrol,Wagon,Silver,Krefeld,Automatic,https://www.12gebrauchtwagen.de/c/4/1395886696?num_on_page=2&page=98&premium=false&title=Ford+Gebrauchtwagen+kaufen+auf+12Gebrauchtwagen.de,18500,43593,93.0,6,Germany
Ford,Focus,1.5 EcoBoost,2020,Petrol,Sedan,Black,Ulm,Automatic,https://auto24.de/anzeige/ford-focus-1-5-ecoboost-vignale-3721342.html,22780,31625,111.0,6,Germany
Mercedes Benz,E-Class,53 AMG,2021,Petrol,Convertible,White,Rain,Automatic,https://www.instamotion.com/auto/IPYU-FHO7-GY43,79480,39757,320.0,6,Germany
Volkswagen,Tiguan,2.0,2017,Petrol,Crossover,White,Mönchengladbach,Automatic,https://www.12gebrauchtwagen.de/c/4/1417353396?num_on_page=3&page=93&title=VW+Gebrauchtwagen+kaufen+auf+12Gebrauchtwagen.de,24990,93000,162.0,6,Germany
Citroen,C3 Aircross,1.2,2018,Petrol,Suv,Black,Malchow,Automatic,https://www.12gebrauchtwagen.de/c/4/1260711795?num_on_page=2&page=24&title=Citro%C3%ABn+Gebrauchtwagen+kaufen+auf+12Gebrauchtwagen.de,15990,66500,81.0,6,Germany
Bmw,X5,M50d,2020,Diesel,Suv,Black,Rain,Automatic,https://www.instamotion.com/auto/6DNX-SCR6-VKFT,69150,86169,294.0,6,Germany
Volvo,Xc40,1.5,2023,Hybrid,Crossover,Black,Aachen,Automatic,https://marktplatz.auto-motor-und-sport.de/volvo-xc40-5-122810298/?brand=80&series=XC40&isKlassiker=false,48290,13328,194.0,6,Germany
Seat,Leon,1.5 tsi,2022,Petrol,Hatchback,Gray,Rain,Manual,https://www.instamotion.com/auto/8QZF3XFJNHZZCLZUXXC11C0PCXNC99CPQFN1HZQH97H47CY1A00C6WFX6U9MH33C04,28200,1472,110.0,6,Germany
Mercedes Benz,B-Class,200 AMG,2023,Petrol,Sedan,Gray,Achim,Automatic,https://gebrauchtwagen.hyundai.de/de/fahrzeugsuche/mercedes-benz/b-200-amgahkshzpdcs-sitzkamaccparkass/variant-s1c7zc4s,41850,15500,121.0,6,Germany
Seat,Tarraco,1.5 tsi,2023,Petrol,Suv,Black,Rutesheim,Automatic,https://www.ebay-kleinanzeigen.de/s-anzeige/seat-tarraco-eu6d-fr-1-5-tsi-7-sitzer-ahk-klappbar-na/2677622396-216-8425,32890,21981,110.0,6,Germany
Seat,Tarraco,2.0 TDI,2023,Diesel,Suv,White,Rain,Automatic,https://www.instamotion.com/auto/18TH-XBCR-W74U,43990,13391,110.0,6,Germany
Citroen,C4,1.2,2018,Petrol,Sedan,Black,Dresden,Manual,https://www.12gebrauchtwagen.de/c/4/1387823728?num_on_page=1&page=16&title=Citro%C3%ABn+Gebrauchtwagen+kaufen+auf+12Gebrauchtwagen.de,14990,36598,97.0,6,Germany
Volkswagen,Golf,2.0 R,2023,Petrol,Sedan,Black,Walldorf,Automatic,https://marktplatz.auto-motor-und-sport.de/vw-golf-viii-2-0-tsi-r-20-years-dsg-allrad-keyles-9-122752915/?brand=78&series=Golf%20VIII%202.0%20TSI%20R%20&#39;20%20Years&#39;%20DSG%20ALLRAD%20KEYLES&isKlassiker=false,57703,6903,248.0,6,Germany
Škoda,Karoq,2.0 4x4 tdi,2020,Diesel,Suv,White,Coesfeld,Automatic,https://gebrauchtwagen.hyundai.de/de/fahrzeugsuche/skoda/karoq/drive-tdi-4x4-dsganhAngerkupplunglednavikessy-jkc85uye,25924,71450,141.0,6,Germany
Ford,Ecosport,1.0 EcoBoost,2020,Petrol,Suv,Green,Ulm,Manual,https://hey.car/vehicle/322e9909-0a84-49bd-927c-df900e5c72cf?dealerId=cf1b69d0-b20e-4ccd-a94e-7ef427295b2f,15480,43720,75.0,6,Germany
Volkswagen,Golf,1.5 tsi,2022,Petrol,Sedan,Black,Schwäbisch Hall,Automatic,https://www.ebay-kleinanzeigen.de/s-anzeige/volkswagen-golf-viii-1-5tsi-life-navi-acc-led/2544542694-216-15243,24250,5850,110.0,6,Germany
Volkswagen,Golf,2.0 GTI,2015,Petrol,Sedan,Black,Neumarkt in der Oberpfalz,Automatic,https://marktplatz.auto-motor-und-sport.de/vw-golf-15-611362/?brand=78&series=Golf&isKlassiker=false,20850,74600,171.0,6,Germany
Bmw,3 Series,318d,2014,Diesel,Sedan,Gray,Neumarkt in der Oberpfalz,Automatic,https://www.12gebrauchtwagen.de/c/4/1424680015?num_on_page=2&page=96&title=BMW+Gebrauchtwagen+kaufen+auf+12Gebrauchtwagen.de,13950,151700,105.0,6,Germany
Honda,Hr-V,1.5 i-MMD,2023,Hybrid,Crossover,Gray,Hemer,Automatic,https://gebrauchtwagen.hyundai.de/de/fahrzeugsuche/honda/hr-v-15-i-mmd-hybrid-elegance-shz-navi-acc-led/elegance-shz-navi-acc-led-wdc7tsfh,30990,10,97.0,6,Germany
Volkswagen,Taigo,1.5 tsi,2023,Petrol,Crossover,Black,Spaichingen,Automatic,https://marktplatz.auto-motor-und-sport.de/vw-taigo-15-619347/?brand=78&series=Taigo&isKlassiker=false,28900,12700,111.0,6,Germany
Mercedes Benz,C-Class,63 AMG S,2022,Petrol,Convertible,Gray,Rain,Automatic,https://www.instamotion.com/auto/FHJJ-7X8G-N19B,127880,5213,375.0,6,Germany
Bmw,X3,M40d,2023,Diesel,Suv,White,Rain,Automatic,https://www.instamotion.com/auto/NFID-AMXD-KRID,71190,25509,250.0,6,Germany
Bmw,X3,xDrive30d,2023,Diesel,Suv,Black,Rain,Automatic,https://www.instamotion.com/auto/GZGE-3D4S-FDIK,71050,18938,210.0,6,Germany
Mitsubishi,Asx,1.6,2024,Hybrid,Crossover,Black,Ulm,Automatic,https://auto24.de/anzeige/mitsubishi-asx-1-6-plug-in-hybrid-top-68uerig-benzin-elektro-plugin-3786537.html,36990,20,118.0,6,Germany
Mitsubishi,Asx,1.3,2024,Hybrid,Crossover,Gray,Ulm,Automatic,https://auto24.de/anzeige/mitsubishi-asx-1-3-turbo-mildhybrid-intro-edition-116uerig-3786406.html,28490,20,117.0,6,Germany
Porsche,Macan,2.0,2019,Petrol,Suv,White,Fulda,Automatic,https://marktplatz.auto-motor-und-sport.de/porsche-macan-15-619060/?brand=60&series=Macan&isKlassiker=false,52890,71900,182.0,6,Germany
Bmw,3 Series,318d,2015,Diesel,Wagon,Black,Neumarkt in der Oberpfalz,Manual,https://www.12gebrauchtwagen.de/c/4/1424929220?num_on_page=3&page=120&title=BMW+Gebrauchtwagen+kaufen+auf+12Gebrauchtwagen.de,12950,194700,105.0,6,Germany
Škoda,Scala,1.0 dsg tsi,2022,Petrol,Sedan,Black,Mönchengladbach,Automatic,https://www.12gebrauchtwagen.de/c/4/1394091671?num_on_page=3&page=45&premium=false&title=Skoda+Gebrauchtwagen+kaufen+auf+12Gebrauchtwagen.de,22950,22500,110.0,6,Germany
Ford,S-Max,2.0 EcoBlue,2019,Diesel,Mpv,Gray,Rain,Automatic,https://www.instamotion.com/auto/F4X7-95FY-J2JA,32000,32454,140.0,6,Germany
Dacia,Duster,1.2 TCe,2018,Petrol,Suv,Gray,Rain,Manual,https://www.instamotion.com/auto/U28R-DC1V-Z4O3,14163,82181,92.0,6,Germany
Audi,S4,3.0 tfsi,2013,Petrol,Sedan,Black,Villingen Schwenningen,Automatic,https://www.12gebrauchtwagen.de/c/4/1384649765?num_on_page=4&page=45&title=Audi+Gebrauchtwagen+kaufen+auf+12Gebrauchtwagen.de,19900,108752,245.0,5,Germany
Jaguar,Xk,4.2,2006,Petrol,Convertible,Black,Dieburg,Automatic,https://www.12gebrauchtwagen.de/c/4/1428107764?num_on_page=2&page=1&premium=false&title=Jaguar+Gebrauchtwagen+kaufen+auf+12Gebrauchtwagen.de,21970,169000,219.0,4,Germany
Jaguar,F-Pace,3.0,2019,Diesel,Crossover,Black,Krefeld,Automatic,https://www.12gebrauchtwagen.de/c/4/1413916394?num_on_page=2&page=5&title=Jaguar+Gebrauchtwagen+kaufen+auf+12Gebrauchtwagen.de,34800,85453,223.0,6,Germany
Mazda,Cx-5,2.0,2018,Petrol,Crossover,Blue,Berlin,Automatic,https://gebrauchtwagen.hyundai.de/de/fahrzeugsuche/mazda/cx-5/20-skyactiv-g-165-exclusive-line-shzahk-nqc88mqt,23979,40504,123.0,6,Germany
Opel,Grandland X,1.2,2024,Petrol,Suv,Black,Beelitz,Automatic,https://www.schachtschneider.eu/fahrzeuguebersicht/opel/grandland-x/opel-grandland-12-di-automatik-elegance-16820/,32990,1500,96.0,6,Germany
Volkswagen,Touareg,3.0 TDI V6,2016,Diesel,Suv,Gray,Krefeld,Automatic,https://www.12gebrauchtwagen.de/c/4/1368520563?num_on_page=2&page=114&title=VW+Gebrauchtwagen+kaufen+auf+12Gebrauchtwagen.de,24500,136804,195.0,6,Germany
Audi,Q2,1.6 TDI,2018,Diesel,Crossover,Red,Munich,Automatic,https://www.12gebrauchtwagen.de/c/4/1281649454?num_on_page=4&page=108&title=Audi+Gebrauchtwagen+kaufen+auf+12Gebrauchtwagen.de,21950,73526,86.0,6,Germany
Opel,Grandland X,1.2,2023,Petrol,Suv,Gray,Coesfeld,Automatic,https://gebrauchtwagen.hyundai.de/de/fahrzeugsuche/opel/grandland/gs-atahkled360-grad-kamerasportsitzealcantara-qbc7686s,28324,8750,97.0,6,Germany
Opel,Grandland X,1.6 gse,2023,Hybrid,Suv,Black,Coesfeld,Automatic,https://gebrauchtwagen.hyundai.de/de/fahrzeugsuche/opel/grandland/gse-phev-4x4-atahkparklenkassistentnavimatrix--kjc8x3zp,44324,1500,223.0,6,Germany
Opel,Grandland X,1.5,2023,Diesel,Suv,Black,Coesfeld,Automatic,https://gebrauchtwagen.hyundai.de/de/fahrzeugsuche/opel/grandland/elegance-atnavi360kameraahkwireless-charging-t4c7effb,37824,1500,97.0,6,Germany
Kia,Niro,1.6,2019,Hybrid,Suv,White,Erwitte,Automatic,https://www.12gebrauchtwagen.de/c/4/1426491383?num_on_page=2&page=4&title=Kia+Gebrauchtwagen+kaufen+auf+12Gebrauchtwagen.de,19990,46300,78.0,6,Germany
Audi,A6 Allroad,3.0 50 TDI quattro,2020,Diesel,Crossover,Green,Viersen,Automatic,https://auto24.de/anzeige/audi-a6-allroad-3-0-tdi-quattro-50-r-3729036.html,47950,114815,210.0,6,Germany
Škoda,Enyaq,electro,2022,Electric,Suv,White,Markkleeberg,Automatic,https://gebrauchtwagen.hyundai.de/de/fahrzeugsuche/skoda/enyaq-coupe-iv-rs-4x4-automatik-vollaustcrystal/variant-mmc58fqw,49810,15226,222.0,6,Germany
Hyundai,Santa Fe,2.2 CRDi,2021,Diesel,Suv,Gray,Beckum,Automatic,https://gebrauchtwagen.hyundai.de/de/fahrzeugsuche/hyundai/santa-fe/22-crdi-4wd-8at-premium-panorama-7-sitzer-winterradersommerrader-rxc9msxv,30799,131901,149.0,6,Germany
Hyundai,Santa Fe,2.2 CRDi,2021,Diesel,Suv,Black,Espelkamp,Automatic,https://www.12gebrauchtwagen.de/c/4/1412378961?num_on_page=2&page=22&title=Hyundai+Gebrauchtwagen+kaufen+auf+12Gebrauchtwagen.de,35990,111200,149.0,6,Germany
Volvo,V60,2.0 T8,2020,Hybrid,Wagon,Black,Rain,Automatic,https://www.instamotion.com/auto/3F4L-JZMV-V6ZA,34550,80900,288.0,6,Germany
Volvo,V60,2.0 T8,2020,Hybrid,Wagon,White,Rain,Automatic,https://www.instamotion.com/auto/AJY5-P5P4-DLOO,37550,41700,223.0,6,Germany
Porsche,Cayenne,3.0 E-Hybrid,2021,Hybrid,Suv,White,Fulda,Automatic,https://auto24.de/anzeige/porsche-cayenne-e-hybrid-21-zoll-3704732.html,75890,87900,344.0,6,Germany
Porsche,Panamera,2.9 4 E-Hybrid,2024,Hybrid,Sedan,Black,Darmstadt,Automatic,https://marktplatz.auto-motor-und-sport.de/porsche-panamera-5-122806099/?brand=60&series=Panamera&isKlassiker=false,134911,4800,344.0,6,Germany
Nissan,Qashqai,1.3,2019,Petrol,Crossover,Gray,Memmingen,Manual,https://www.deineautoboerse.de/fahrzeug/nissan-qashqai-n-motion-13-led-navi-pano-360-shz-ahk-4040075,21490,59700,117.0,6,Germany
Bmw,3 Series,320,2018,Diesel,Wagon,Black,Marl,Automatic,https://www.12gebrauchtwagen.de/c/4/1419266965?num_on_page=3&page=41&premium=false&title=BMW+Gebrauchtwagen+kaufen+auf+12Gebrauchtwagen.de,19700,146000,141.0,6,Germany
Volkswagen,Passat,1.5,2021,Petrol,Wagon,Green,Siegen,Automatic,https://auto24.de/anzeige/volkswagen-passat-variant-1-5-tsi-business-3462494.html,24955,67300,110.0,6,Germany
Volkswagen,Polo,1.0 TSI DSG,2020,Petrol,Hatchback,White,Rain,Automatic,https://www.instamotion.com/auto/DLDG-LHYI-SNQH,21250,51000,85.0,6,Germany
Mercedes Benz,Eqs,AMG53,2023,Electric,Sedan,Black,Rain,Automatic,https://www.12gebrauchtwagen.de/c/34/1413781936?num_on_page=1&page=1&title=Mercedes-Benz+EQS+Gebrauchtwagen+in+Bielefeld+kaufen+auf+12Gebrauchtwagen.de,141500,9641,484.0,6,Germany
Mini,Cooper,1.6 S,2021,Petrol,Convertible,Black,Rain,Automatic,https://www.instamotion.com/auto/37LI-RA3G-1RT9,28190,30000,131.0,6,Germany
Ford,Tourneo Custom,2.0 TDCi,2023,Diesel,Van,Black,Rain,Automatic,https://www.instamotion.com/auto/7VRY-P7FK-IL1I,42680,23050,110.0,6,Germany
Ford,Tourneo Custom,2.0 TDCi,2023,Diesel,Van,Black,Rain,Automatic,https://www.instamotion.com/auto/BSEP-X26B-OEIJ,41980,20120,110.0,6,Germany
Ford,Fiesta,1.0 EcoBoost,2022,Petrol,Sedan,Blue,Ulm,Manual,https://hey.car/vehicle/1ad99469-c02d-4781-85fa-70c7c4fe4a46?dealerId=cf1b69d0-b20e-4ccd-a94e-7ef427295b2f,17980,23060,75.0,6,Germany
Ford,Fiesta,1.1,2022,Petrol,Sedan,Silver,Ulm,Manual,https://hey.car/vehicle/6adeb346-0156-4b67-b94e-7c6c3352720e?dealerId=cf1b69d0-b20e-4ccd-a94e-7ef427295b2f,15980,22260,55.0,6,Germany
Hyundai,Kona,1.6 T-GDi,2023,Petrol,Crossover,Black,Coesfeld,Automatic,https://gebrauchtwagen.hyundai.de/de/fahrzeugsuche/hyundai/kona/t-gdi-prime-dctvoll-ledhead-up-displayfernlicht-jkc9t7pv,25824,6999,148.0,6,Germany
Audi,A6,2.0 40 TDI,2019,Diesel,Sedan,Black,Viersen,Automatic,https://www.waldhausen-buerkel.de/fahrzeuge/audi/a6-limousine-40-20-tdi-s-tronic-s-line-360kam/details-v3c5zkcd,34950,81694,150.0,6,Germany
Fiat,500 X,1.4 MultiAir,2016,Petrol,Crossover,Gray,Wörth Am Rhein,Automatic,https://www.12gebrauchtwagen.de/c/4/1403936593?num_on_page=3&page=6&title=Fiat+Gebrauchtwagen+kaufen+auf+12Gebrauchtwagen.de,14280,91725,104.0,6,Germany
Porsche,Taycan,4S,2024,Electric,Sedan,Black,Darmstadt,Automatic,https://marktplatz.auto-motor-und-sport.de/porsche-taycan-5-122806092/?brand=60&series=Taycan&isKlassiker=false,139911,9900,425.0,6,Germany
Ford,Kuga,2.0 TDCi,2023,Diesel,Suv,Silver,Leonberg,Automatic,https://marktplatz.auto-motor-und-sport.de/ford-kuga-2-0-4x4-aut-st-line-x-styling-black-pano-18-275148/?brand=26&series=Kuga%202.0%204x4%20Aut.%20ST-LINE%20X%20*STYLING%20BLACK%20*PANO&isKlassiker=false,46950,1449,89.0,6,Germany
Jaguar,F-Type,5.0 P450,2023,Petrol,Convertible,Green,Rain,Automatic,https://www.instamotion.com/auto/K5HA-AKQS-BWMY,116650,9,331.0,6,Germany
Opel,Grandland X,1.5,2020,Hybrid,Suv,Black,Markkleeberg,Automatic,https://gebrauchtwagen.hyundai.de/de/fahrzeugsuche/opel/grandland-16-turbo-hybrid-innovation-incl-serv/variant-p5c8g8bx,28880,11210,149.0,6,Germany
Ford,Galaxy,2.0 EcoBlue,2021,Diesel,Mpv,Black,Rain,Automatic,https://www.instamotion.com/auto/S8NH-PWYX-21TS,30380,75690,110.0,6,Germany
Bmw,X3,20d,2022,Diesel,Suv,Blue,Rain,Automatic,https://www.instamotion.com/auto/EF7J-G2AY-3W7Z,54700,25000,140.0,6,Germany
Alfa Romeo,Stelvio,2.9,2023,Petrol,Crossover,Green,Rain,Automatic,https://www.instamotion.com/auto/CDHP-XSD4-5DCE,80380,20229,375.0,6,Germany
Alfa Romeo,Stelvio,2.9,2023,Petrol,Crossover,Black,Rain,Automatic,https://www.instamotion.com/auto/Q77P-CZBP-EPUK,84380,14854,375.0,6,Germany
Suzuki,Sx4 S-Cross,1.4 Boosterjet,2017,Petrol,Crossover,Blue,Rain,Manual,https://www.instamotion.com/auto/YINS-HEU6-RBP5,14195,112250,103.0,6,Germany
Volvo,Xc90,2.0,2023,Diesel,Suv,Gray,Aachen,Automatic,https://auto24.de/anzeige/volvo-xc90-ultimate-bright-awd-b5-diesel-eu6d-ad-digitales-3439983.html,65790,16218,175.0,6,Germany
Volvo,Xc90,2.0,2023,Diesel,Suv,White,Aachen,Automatic,https://marktplatz.auto-motor-und-sport.de/volvo-xc90-5-122810137/?brand=80&series=XC90&isKlassiker=false,65790,15602,175.0,6,Germany
Bmw,X4,xDrive20d,2023,Diesel,Suv,Blue,Rain,Automatic,https://www.instamotion.com/auto/G2RB-GUJB-TLBW,65050,6118,140.0,6,Germany
Fiat,500c,1.0,2021,Petrol,Convertible,Black,Rain,Manual,https://www.instamotion.com/auto/GHGZ-HUNI-XJ1N,18980,27264,51.0,6,Germany
Fiat,500c,1.0,2021,Petrol,Convertible,White,Rain,Manual,https://www.instamotion.com/auto/QNCL-S6F8-3Y44,18980,26929,51.0,6,Germany
Fiat,500c,1.0,2021,Petrol,Convertible,Black,Rain,Manual,https://www.instamotion.com/auto/KDLW-QWP9-NVDT,19080,18699,51.0,6,Germany
Fiat,500c,1.0,2021,Petrol,Convertible,Blue,Rain,Manual,https://www.instamotion.com/auto/I7WJ-27UZ-ECRB,19180,14900,51.0,6,Germany
Fiat,500c,1.0,2021,Petrol,Convertible,White,Rain,Manual,https://www.instamotion.com/auto/KJMV-9RN6-X9P3,19280,14406,51.0,6,Germany
Fiat,500c,1.0,2021,Petrol,Convertible,Red,Rain,Manual,https://www.instamotion.com/auto/THZJ-KI3Q-5DU7,19280,13891,51.0,6,Germany
Fiat,500c,1.0,2021,Petrol,Convertible,Black,Rain,Manual,https://www.instamotion.com/auto/XAEU-EI12-M1LB,19580,10950,51.0,6,Germany
Volkswagen,T-Cross,1.0 tsi,2023,Petrol,Crossover,Black,Rain,Automatic,https://www.instamotion.com/auto/ZKU6-BQRD-ER2C,24380,36000,81.0,6,Germany
Volkswagen,T-Cross,1.0 tsi,2023,Petrol,Crossover,Black,Rain,Automatic,https://www.instamotion.com/auto/XCS9-VSHL-PYSA,24940,12500,81.0,6,Germany
Volkswagen,T-Cross,1.0 tsi,2023,Petrol,Crossover,Black,Rain,Manual,https://www.instamotion.com/auto/APYU-WQ17-AA8T,24395,11300,81.0,6,Germany
Volkswagen,T-Cross,1.0 tsi,2023,Petrol,Crossover,Gray,Rain,Automatic,https://www.instamotion.com/auto/7HXD-P69R-Z9IF,28080,10000,81.0,6,Germany
Hyundai,Santa Fe,1.6,2020,Hybrid,Suv,Black,Dippoldiswalde,Automatic,https://www.12gebrauchtwagen.de/c/4/1428300190?num_on_page=2&page=44&title=Hyundai+Gebrauchtwagen+kaufen+auf+12Gebrauchtwagen.de,41990,47220,133.0,6,Germany
Volkswagen,Touran,1.6 TDI,2013,Diesel,Mpv,Silver,Hamburg,Automatic,https://www.12gebrauchtwagen.de/c/4/1397264541?num_on_page=3&page=63&premium=false&title=VW+Gebrauchtwagen+kaufen+auf+12Gebrauchtwagen.de,11950,188017,78.0,5,Germany
Fiat,Panda,1.0,2023,Hybrid,Mini,Black,Rain,Manual,https://www.instamotion.com/auto/UPXL-VPA3-J41O,18780,10,51.0,6,Germany
Kia,Sportage,1.6 GDi,2019,Petrol,Crossover,Silver,Volkmarsen,Manual,https://www.12gebrauchtwagen.de/c/4/1381121076?num_on_page=3&page=28&premium=false&title=Kia+Gebrauchtwagen+kaufen+auf+12Gebrauchtwagen.de,20690,83095,101.0,6,Germany
Kia,Sportage,1.6 T-GDi,2019,Petrol,Crossover,Blue,Müllheim,Automatic,https://www.12gebrauchtwagen.de/c/4/1384864612?num_on_page=2&page=30&title=Kia+Gebrauchtwagen+kaufen+auf+12Gebrauchtwagen.de,22890,33250,130.0,6,Germany
Ford,Fiesta,1.0 EcoBoost,2023,Petrol,Sedan,Black,Pforzheim,Manual,https://auto24.de/anzeige/ford-fiesta-1-0-ecoboost-titanium-74uerig-3785998.html,21850,403,75.0,6,Germany
Mercedes Benz,E-Class,500,2006,Petrol,Sedan,Gray,Krefeld,Automatic,https://www.12gebrauchtwagen.de/c/4/1424774856?num_on_page=1&page=1&title=Mercedes-Benz+E+500+Gebrauchtwagen+in+Wuppertal+kaufen+auf+12Gebrauchtwagen.de,15950,116702,288.0,4,Germany
Mercedes Benz,E-Class,300,2024,Diesel,Wagon,Black,Vechta,Automatic,https://gebrauchtwagen.hyundai.de/de/fahrzeugsuche/mercedes-benz/e-300-de-4m-t-amgpanoahkshzspurws-sitzacc/variant-nqc8vcjd,83950,9500,146.0,6,Germany
Hyundai,Tucson,1.6 T-GDi,2023,Petrol,Suv,Red,Beckum,Manual,https://gebrauchtwagen.hyundai.de/de/fahrzeugsuche/hyundai/tucson/16-gdi-turbo-150ps-48v-im-t-2wd-trend-navi-led-p5c834d7,27490,29856,111.0,6,Germany
Hyundai,Tucson,1.6 T-GDi,2023,Petrol,Suv,Black,Beckum,Automatic,https://gebrauchtwagen.hyundai.de/de/fahrzeugsuche/hyundai/tucson/16-t-gdi-7dct-trend-navi-led-wdc9kfln,28999,23197,111.0,6,Germany
Hyundai,Tucson,1.6 T-GDi,2023,Petrol,Suv,Black,Beckum,Automatic,https://gebrauchtwagen.hyundai.de/de/fahrzeugsuche/hyundai/tucson/16-tgdi-7-dct-2wd-trend-navi-led-pdc-wdc9kflm,28999,20070,111.0,6,Germany
Mitsubishi,Colt,1.0 Turbo,2024,Petrol,Hatchback,Red,Ulm,Manual,https://hey.car/vehicle/e4e14d0f-b52c-4a1a-a444-8ac05b6611c9?dealerId=cf1b69d0-b20e-4ccd-a94e-7ef427295b2f,21980,50,67.0,6,Germany
Hyundai,Tucson,1.6 GDi,2023,Petrol,Suv,Black,Mainz,Automatic,https://gebrauchtwagen.hyundai.de/de/fahrzeugsuche/hyundai/tucson-16-tgdi-n-line-dct-4wd-pano-assistpaket/variant-u7c7jlcb,35880,15811,133.0,6,Germany
Mercedes Benz,E-Class,200,2023,Petrol,Convertible,Silver,Vechta,Automatic,https://gebrauchtwagen.hyundai.de/de/fahrzeugsuche/mercedes-benz/e-200-cabrio-amgnightdistronicnaviairscarf/variant-kjc486ea,64650,8950,146.0,6,Germany
Mercedes Benz,C-Class,250,2011,Petrol,Wagon,Gray,Viernheim,Automatic,https://www.12gebrauchtwagen.de/c/4/1424705974?num_on_page=2&page=46&title=Mercedes-Benz+Gebrauchtwagen+kaufen+auf+12Gebrauchtwagen.de,15849,148900,150.0,5,Germany
Mercedes Benz,C-Class,250 CDI BE,2011,Diesel,Wagon,Black,Neumarkt in der Oberpfalz,Manual,https://www.12gebrauchtwagen.de/c/4/1424796915?num_on_page=5&page=60&title=Mercedes-Benz+Gebrauchtwagen+kaufen+auf+12Gebrauchtwagen.de,12950,147000,150.0,5,Germany
Ford,Focus,2.5,2011,Petrol,Wagon,Silver,Hennef,Manual,https://www.12gebrauchtwagen.de/c/4/1424770647?num_on_page=3&page=19&premium=false&title=Ford+Gebrauchtwagen+kaufen+auf+12Gebrauchtwagen.de,9990,88000,110.0,5,Germany
Toyota,Corolla,1.8 D,2023,Hybrid,Wagon,Blue,Hamm,Automatic,https://www.ebay-kleinanzeigen.de/s-anzeige/toyota-corolla-1-8-hybrid-ts-team-d-navi-carplay-kamer/2712336090-216-2025,30940,4000,104.0,6,Germany
Audi,A4,2.0 40 TDI S tronic,2021,Diesel,Wagon,Blue,Krefeld,Automatic,https://www.12gebrauchtwagen.de/c/4/1412252619?num_on_page=2&page=84&premium=false&title=Audi+Gebrauchtwagen+kaufen+auf+12Gebrauchtwagen.de,31950,98785,152.0,6,Germany
Škoda,Enyaq,electro,2021,Electric,Suv,Green,Siegen,Automatic,https://auto24.de/anzeige/skoda-enyaq-iv-50-loft-3527218.html,28350,24600,109.0,6,Germany
Fiat,500c,1.0,2022,Petrol,Convertible,Black,Rain,Manual,https://www.instamotion.com/auto/CJWN-16V4-WO53,24290,9084,51.0,6,Germany
Fiat,500c,1.0,2021,Petrol,Convertible,White,Rain,Manual,https://www.instamotion.com/auto/F9HW-VEA1-M9A7,19580,9913,51.0,6,Germany
Mercedes Benz,A-Class,35 AMG,2022,Petrol,Sedan,Black,Kassel,Automatic,https://www.12gebrauchtwagen.de/c/4/1428125660?num_on_page=3&page=27&title=Mercedes-Benz+Gebrauchtwagen+kaufen+auf+12Gebrauchtwagen.de,40850,45805,228.0,6,Germany
Bmw,M6,4.4,2016,Petrol,Coupe,Gray,Rüsselsheim,Automatic,https://www.12gebrauchtwagen.de/c/4/1224159611?num_on_page=4&page=108&title=BMW+Gebrauchtwagen+kaufen+auf+12Gebrauchtwagen.de,79950,55000,447.0,6,Germany
Aston Martin,Dbx,4.0,2020,Petrol,Suv,Black,Würzburg,Automatic,https://www.12gebrauchtwagen.de/c/4/1407651983?num_on_page=3&page=1&title=Aston+Martin+Gebrauchtwagen+kaufen+auf+12Gebrauchtwagen.de,136889,54500,410.0,6,Germany
Porsche,Cayenne,4.0 GTS,2020,Petrol,Suv,Brown,Fulda,Automatic,https://auto24.de/anzeige/porsche-cayenne-gts-burmester-sportdesign-22-zoll-3736127.html,89890,69500,343.0,6,Germany
Bmw,5 Series,523i,2007,Petrol,Sedan,Silver,Dresden,Manual,https://hey.car/vehicle/e16e62ef-4a6e-42b2-9156-cf1f517262ca?dealerId=a33ddfc5-32b2-4142-ae5a-5aaa5f389e4d,11980,92500,141.0,4,Germany
Audi,Q3,1.5 35 TFSI,2023,Petrol,Crossover,Gray,Rain,Manual,https://www.instamotion.com/auto/AZNA-1X2H-HHOE,39140,6001,110.0,6,Germany
Audi,Q3,2.0 35 TDI,2022,Diesel,Crossover,Black,Rain,Automatic,https://www.instamotion.com/auto/SBO5-MC8G-7QSC,53380,8856,110.0,6,Germany
Audi,Q3,2.0 35 TDI,2022,Diesel,Crossover,Black,Rain,Automatic,https://www.instamotion.com/auto/J96P-IIRC-QIRD,53280,7444,110.0,6,Germany
Audi,Q3,2.0 35 TDI,2022,Diesel,Crossover,Gray,Rain,Automatic,https://www.instamotion.com/auto/1AZU-YXH8-DRGS,46380,7425,110.0,6,Germany
Audi,Q3,2.0 35 TDI,2022,Diesel,Crossover,Black,Rain,Automatic,https://www.instamotion.com/auto/8R3I-H645-ASM4,53380,6662,110.0,6,Germany
Audi,Q3,2.0 35 TDI,2022,Diesel,Crossover,Black,Rain,Automatic,https://www.instamotion.com/auto/G5VF-J1BL-WCW3,54380,6099,110.0,6,Germany
Audi,Q3,2.0 35 TDI,2022,Diesel,Crossover,Black,Rain,Automatic,https://www.instamotion.com/auto/AGAH-6CVY-J5CJ,54380,5181,110.0,6,Germany
Audi,Q3,2.0 40 TDI quattro,2022,Diesel,Crossover,Black,Rain,Automatic,https://www.instamotion.com/auto/BYRR-TU3C-I983,58780,4986,147.0,6,Germany
Audi,Q3,2.0 35 TDI,2022,Diesel,Crossover,Black,Rain,Automatic,https://www.instamotion.com/auto/IBUY-4PEX-9ALC,54380,4255,110.0,6,Germany
Ford,Kuga,1.5,2016,Petrol,Suv,Silver,Stockach,Automatic,https://www.12gebrauchtwagen.de/c/4/1392576578?num_on_page=2&page=36&premium=false&title=Ford+Gebrauchtwagen+kaufen+auf+12Gebrauchtwagen.de,18745,53500,135.0,6,Germany
Land Rover,Range Rover,5.0,2020,Petrol,Suv,Black,Holzgerlingen,Automatic,https://www.12gebrauchtwagen.de/c/4/1412421832?num_on_page=3&page=22&title=Land+Rover+Gebrauchtwagen+kaufen+auf+12Gebrauchtwagen.de,81900,74000,391.0,6,Germany
Fiat,500,1.0,2022,Petrol,Mini,Orange,Rain,Manual,https://www.instamotion.com/auto/4SP6-6NAE-FMXW,15032,90,51.0,6,Germany
Fiat,500,1.0,2022,Petrol,Mini,Gray,Rain,Manual,https://www.instamotion.com/auto/HP4C-BA17-L82R,16529,50,51.0,6,Germany
Fiat,500,1.0,2022,Petrol,Mini,Red,Rain,Manual,https://www.instamotion.com/auto/JZHF-TI6T-F3FJ,20290,10,51.0,6,Germany
Fiat,500,1.0,2022,Hybrid,Mini,Gray,Rain,Manual,https://www.instamotion.com/auto/L4RUY9UMJF9PB6JU11CLLC20F66C2JS6XFVLSZ5H81BWWC44CPZS19CVWUN6U5X,19790,10,51.0,6,Germany
Fiat,500,1.0,2022,Petrol,Mini,Gray,Rain,Manual,https://www.instamotion.com/auto/OO2K-BDLE-NDDU,15529,10,51.0,6,Germany
Fiat,500,1.0,2022,Petrol,Mini,Gray,Rain,Manual,https://www.instamotion.com/auto/8YG2-I1F1-TAZ6,15236,10,51.0,6,Germany
Hyundai,Kona,1.6 T-GDi,2023,Petrol,Crossover,Black,Coesfeld,Automatic,https://gebrauchtwagen.hyundai.de/de/fahrzeugsuche/hyundai/kona/t-gdi-prime-dctvoll-ledhead-up-displayfernlicht-rxc9s322,24924,15950,148.0,6,Germany
Volkswagen,Passat,1.5,2020,Petrol,Wagon,White,Neumarkt in der Oberpfalz,Manual,https://auto24.de/anzeige/volkswagen-passat-variant-1-5-tsi-elegance-opf-3428685.html,25950,64700,111.0,6,Germany
Volkswagen,Passat,1.5,2020,Petrol,Wagon,Green,Siegen,Automatic,https://auto24.de/anzeige/volkswagen-passat-variant-1-5-tsi-business-3463187.html,24450,46300,110.0,6,Germany
Volkswagen,Passat,2.0 TDI,2020,Diesel,Wagon,Red,Bautzen,Automatic,https://auto24.de/anzeige/volkswagen-passat-variant-2-0-tdi-240-r-line-3772738.html,39789,28937,178.0,6,Germany
Škoda,Karoq,1.0 4x4 tsi,2019,Petrol,Suv,Black,Landshut,Automatic,https://www.12gebrauchtwagen.de/c/4/1406669623?num_on_page=2&page=39&title=Skoda+Gebrauchtwagen+kaufen+auf+12Gebrauchtwagen.de,26690,49000,110.0,6,Germany
Opel,Insignia,2.0 CDTi,2021,Diesel,Wagon,Silver,Coesfeld,Automatic,https://gebrauchtwagen.hyundai.de/de/fahrzeugsuche/opel/insignia/b-st-elegance-cdti-atanhAngerkupplungled-matrixl-kjc9kwh2,23824,25450,129.0,6,Germany
Mini,Cooper,1.6 JCW,2020,Petrol,Convertible,Red,Rain,Automatic,https://www.instamotion.com/auto/XEZB-5CNS-D49I,30489,45500,170.0,6,Germany
Mini,Cooper,1.6 S,2020,Petrol,Convertible,Black,Rain,Automatic,https://www.instamotion.com/auto/A61T-C1NV-CSR3,29150,18800,141.0,6,Germany
Audi,A6,2.0 TDI Ultra,2017,Diesel,Wagon,Green,Lüneburg,Manual,https://www.12gebrauchtwagen.de/c/4/1363562112?num_on_page=3&page=71&title=Audi+Gebrauchtwagen+kaufen+auf+12Gebrauchtwagen.de,18998,144700,141.0,6,Germany
Mercedes Benz,Amg Gt,4.0 S,2019,Petrol,Coupe,Gray,Kassel,Automatic,https://marktplatz.auto-motor-und-sport.de/mercedes-benz-amg-gt-63-s-4m-5-sitzer-comand-sitzklima-sd-360-18-283637/?brand=51&series=AMG%20GT%2063%20S%204M+5-Sitzer+COMAND+Sitzklima+SD+360%C2%B0&isKlassiker=false,88495,91102,476.0,6,Germany
Mercedes Benz,Amg Gt,4.0 R,2019,Petrol,Coupe,Black,Mühldorf,Automatic,https://www.12gebrauchtwagen.de/c/4/1410389776?num_on_page=2&page=108&title=Mercedes-Benz+Gebrauchtwagen+kaufen+auf+12Gebrauchtwagen.de,159980,6500,436.0,6,Germany
Ford,Ranger,2.0 TDCi,2020,Diesel,Pickup,Blue,Aachen,Automatic,https://www.moll-automobile.de/fahrzeug/386423904/Pkw/ford-ranger-doppelkabine-4x4-raptor-2-0-tdci-panther,47980,16500,158.0,6,Germany
Volkswagen,Touran,1.2 TSI,2017,Diesel,Mpv,Black,Villingen Schwenningen,Automatic,https://www.12gebrauchtwagen.de/c/4/1424649382?num_on_page=3&page=106&title=VW+Gebrauchtwagen+kaufen+auf+12Gebrauchtwagen.de,18900,142482,110.0,6,Germany
Volkswagen,Touran,1.0 tsi,2017,Petrol,Mpv,Blue,Dresden,Automatic,https://www.12gebrauchtwagen.de/c/4/1407892647?num_on_page=4&page=74&title=VW+Gebrauchtwagen+kaufen+auf+12Gebrauchtwagen.de,19980,122436,111.0,6,Germany
Mercedes Benz,Eqe,350,2024,Electric,Sedan,Gray,Rain,Automatic,https://www.instamotion.com/auto/EHC8-E396-CAYB,101950,8500,215.0,6,Germany
Audi,S3,2.0 TFSI Quattro,2012,Petrol,Sedan,Black,Villingen Schwenningen,Manual,https://www.12gebrauchtwagen.de/c/4/1414056296?num_on_page=3&page=27&premium=false&title=Audi+Gebrauchtwagen+kaufen+auf+12Gebrauchtwagen.de,12900,223778,195.0,5,Germany
Bmw,3 Series,330d,2022,Hybrid,Wagon,Black,Löhne,Automatic,https://www.12gebrauchtwagen.de/c/4/1413859548?num_on_page=2&page=89&title=BMW+Gebrauchtwagen+kaufen+auf+12Gebrauchtwagen.de,39990,21800,210.0,6,Germany
Mercedes Benz,C-Class,300,2020,Hybrid,Wagon,Black,Zwickau,Automatic,https://www.12gebrauchtwagen.de/c/4/1426483182?num_on_page=1&page=54&title=Mercedes-Benz+Gebrauchtwagen+kaufen+auf+12Gebrauchtwagen.de,26950,64537,144.0,6,Germany
Bmw,X3,xDrive20d,2021,Diesel,Suv,Black,Rain,Automatic,https://www.instamotion.com/auto/O5G7-74CN-VPVX,43150,62022,140.0,6,Germany
Škoda,Octavia,2.0 tdi vrs,2014,Diesel,Wagon,White,Mönchengladbach,Automatic,https://www.12gebrauchtwagen.de/c/4/1355268065?num_on_page=2&page=18&title=Skoda+Gebrauchtwagen+kaufen+auf+12Gebrauchtwagen.de,14890,147000,135.0,6,Germany
Volvo,Xc90,2.0,2022,Hybrid,Suv,Gray,Aachen,Automatic,https://auto24.de/anzeige/volvo-xc90-r-design-edition-recharge-awd-t8-twin-engine-eu6d-digitales-3364865.html,67490,18595,338.0,6,Germany
Volvo,Xc90,2.0,2022,Diesel,Suv,Blue,Aachen,Automatic,https://auto24.de/anzeige/volvo-xc90-momentum-pro-awd-b5-diesel-eu6d-digitales-sitze-3358280.html,51980,12132,175.0,6,Germany
Mercedes Benz,C-Class,250 BlueTEC 4MATIC,2015,Diesel,Sedan,Silver,Neumarkt in der Oberpfalz,Automatic,https://www.12gebrauchtwagen.de/c/4/1424729598?num_on_page=2&page=114&premium=false&title=Mercedes-Benz+Gebrauchtwagen+kaufen+auf+12Gebrauchtwagen.de,22950,175800,150.0,6,Germany
Volkswagen,T-Cross,1.0 tsi,2022,Petrol,Crossover,Gray,Rain,Manual,https://www.instamotion.com/auto/NT9S-EFFI-T8YP,18780,61500,70.0,6,Germany
Volkswagen,T-Cross,1.0 tsi,2022,Petrol,Crossover,Black,Siegen,Automatic,https://www.ebay-kleinanzeigen.de/s-anzeige/volkswagen-t-cross-1-0-tsi-life-pdc-sitzheizung/2640171512-216-1027,20550,31900,81.0,6,Germany
Volkswagen,T-Cross,1.0 tsi,2022,Petrol,Crossover,Black,Köln,Manual,https://www.ebay-kleinanzeigen.de/s-anzeige/volkswagen-t-cross-active-1-0-tsi-acc-kamera-navi-app-conne/2705620864-216-981,19480,19889,70.0,6,Germany
Volkswagen,T-Cross,1.0 tsi,2022,Petrol,Crossover,Black,Köln,Manual,https://auto24.de/anzeige/volkswagen-t-cross-1-0-tsi-active-vc-3582614.html,20980,15994,70.0,6,Germany
Volkswagen,T-Cross,1.0 tsi,2022,Petrol,Crossover,Silver,Rain,Automatic,https://www.instamotion.com/auto/XUKW-71TN-Z27C,23990,14081,81.0,6,Germany
Volkswagen,T-Cross,1.0 tsi,2022,Petrol,Crossover,Blue,Rain,Automatic,https://www.instamotion.com/auto/N8BU-E8PP-OW9C,27650,12827,81.0,6,Germany
Volkswagen,T-Cross,1.0 tsi,2022,Petrol,Crossover,Black,Rain,Automatic,https://www.instamotion.com/auto/DGYI-HW42-HV8I,25790,10490,81.0,6,Germany
Volkswagen,T-Cross,1.0 tsi,2022,Petrol,Crossover,Blue,Rain,Automatic,https://www.instamotion.com/auto/I4AA-RFSW-2NBG,26650,10321,81.0,6,Germany
