Price,Make,Model,Mi,Year,Fuel type,Body type,Color,City,Power,Transmission,Contact,Trim
"118,737 EUR (1,379,900 NOK)",Lexus,Rx,100 km,2023,Petrol,Suv,Black,Bodø,276 kW (375 HP),Automatic,https://www.nordvik.no/bruktbil/339036323,
"36,992 EUR (429,900 NOK)",Lexus,Ux,"2,068 km",2023,Electric,Crossover,Gray,Spillum,152 kW (207 HP),Automatic,https://www.nordvik.no/bruktbil/345167679,300e
"37,775 EUR (439,000 NOK)",Lexus,Ux,"2,000 km",2023,Electric,Crossover,Green,Leknes,152 kW (207 HP),Automatic,https://www.nordvik.no/bruktbil/342158655,300e
"5,937 EUR (69,000 NOK)",Opel,Insignia,"221,400 km",2010,Diesel,Wagon,Black,Jessheim,82 kW (112 HP),Manual,https://www.finn.no/car/used/ad.html?finnkode=320859508,2.0 CDTi
"20,565 EUR (239,000 NOK)",Volvo,Xc60,"232,000 km",2014,Diesel,Crossover,Gray,Drammen,121 kW (165 HP),Automatic,https://www.finn.no/car/used/ad.html?finnkode=345282644,2.4 D4
"5,076 EUR (59,000 NOK)",Toyota,Prius,"150,000 km",2008,Hybrid,Hatchback,Silver,Stavanger,58 kW (79 HP),Automatic,https://www.finn.no/car/used/ad.html?finnkode=344966459,1.5
"10,756 EUR (125,000 NOK)",Citroen,C3,"73,000 km",2019,Petrol,Hatchback,Red,Hønefoss,61 kW (83 HP),Manual,https://www.finn.no/car/used/ad.html?finnkode=344887960,1.2 puretech
"7,314 EUR (85,000 NOK)",Toyota,Auris,"210,000 km",2014,Diesel,Hatchback,Gray,Hønefoss,67 kW (91 HP),Manual,https://www.finn.no/car/used/ad.html?finnkode=337246933,1.4 D-4D
"37,775 EUR (439,000 NOK)",Mercedes Benz,Glc-Class,"228,000 km",2020,Electric,Coupe,Black,Drammen,248 kW (337 HP),Automatic,https://www.finn.no/car/used/ad.html?finnkode=345070325,
"10,239 EUR (119,000 NOK)",Hyundai,I10,"26,000 km",2017,Petrol,Mini,White,Stavanger,49 kW (67 HP),Automatic,https://www.finn.no/car/used/ad.html?finnkode=344752766,1.0
"21,339 EUR (248,000 NOK)",Bmw,5 Series,"173,000 km",2016,Diesel,Sedan,Black,Skien,141 kW (192 HP),Automatic,https://www.finn.no/car/used/ad.html?finnkode=344738226,520d xDrive
"14,585 EUR (169,500 NOK)",Citroen,C3,"30,000 km",2019,Petrol,Hatchback,White,Hønefoss,82 kW (112 HP),Automatic,https://www.finn.no/car/used/ad.html?finnkode=345121133,1.2
"11,100 EUR (129,000 NOK)",Audi,A4,"70,000 km",2013,Petrol,Sedan,White,Drammen,89 kW (121 HP),Manual,https://www.finn.no/car/used/ad.html?finnkode=345246324,1.8
"30,056 EUR (349,305 NOK)",Audi,Q5,"190,000 km",2017,Diesel,Suv,Silver,Hønefoss,141 kW (192 HP),Automatic,https://www.finn.no/car/used/ad.html?finnkode=344653378,2.0
"5,593 EUR (65,000 NOK)",Mini,One,"142,800 km",2011,Diesel,Mini,White,Fredrikstad,67 kW (91 HP),Manual,https://www.finn.no/car/used/ad.html?finnkode=344098226,1.6 D
"28,309 EUR (329,000 NOK)",Bmw,5 Series,"107,505 km",2016,Diesel,Wagon,Gray,Sarpsborg,121 kW (165 HP),Automatic,https://www.finn.no/car/used/ad.html?finnkode=344833889,520d
"47,317 EUR (549,900 NOK)",Mercedes Benz,Glc-Class,"42,000 km",2022,Electric,Suv,Black,Oslo,236 kW (321 HP),Automatic,https://www.finn.no/car/used/ad.html?finnkode=339918859,
"33,472 EUR (389,000 NOK)",Volvo,Xc60,"72,750 km",2015,Diesel,Crossover,Gray,Larvik,121 kW (165 HP),Automatic,https://www.finn.no/car/used/ad.html?finnkode=344306253,2.4 D4
"11,607 EUR (134,900 NOK)",Lexus,Ct,"130,000 km",2012,Petrol,Hatchback,Brown,Drammen,73 kW (99 HP),Automatic,https://www.finn.no/car/used/ad.html?finnkode=344106675,200h
"34,359 EUR (399,305 NOK)",Jaguar,F-Pace,"109,410 km",2018,Diesel,Crossover,Gray,Mandal,133 kW (181 HP),Automatic,https://www.finn.no/car/used/ad.html?finnkode=342333006,2.0
"60,233 EUR (699,999 NOK)",Bentley,Flying Spur,"114,000 km",2007,Petrol,Sedan,Black,Drammen,507 kW (690 HP),Automatic,https://www.finn.no/car/used/ad.html?finnkode=223638903,6.0 W12
"14,568 EUR (169,305 NOK)",Volkswagen,Tiguan,"169,500 km",2013,Diesel,Crossover,Silver,Lillehammer,104 kW (141 HP),Automatic,https://www.finn.no/car/used/ad.html?finnkode=343722841,2.0 TDI 4Motion
"10,325 EUR (119,999 NOK)",Mercedes Benz,E-Class,"246,000 km",2011,Diesel,Wagon,Blue,Vestby,126 kW (171 HP),Automatic,https://www.finn.no/car/used/ad.html?finnkode=344158210,
"85,961 EUR (999,000 NOK)",Ford,F Series,"47,000 km",2021,Petrol,Pickup,Black,Hokksund,340 kW (462 HP),Automatic,https://www.finn.no/car/used/ad.html?finnkode=327787220,3.5
"47,325 EUR (549,990 NOK)",Audi,S7,"53,175 km",2012,Petrol,Sedan,Black,Hell,313 kW (426 HP),Automatic,https://www.finn.no/car/used/ad.html?finnkode=337188493,4.0
"18,844 EUR (219,000 NOK)",Tesla,Model S,"181,000 km",2015,Electric,Sedan,Gray,Oslo,521 kW (709 HP),Automatic,https://www.finn.no/car/used/ad.html?finnkode=345000263,0.0 ludicrous p90d performance
"6,444 EUR (74,900 NOK)",Volkswagen,Golf,"175,000 km",2012,Diesel,Wagon,Silver,Skien,78 kW (106 HP),Manual,https://www.finn.no/car/used/ad.html?finnkode=345028173,1.6
"14,542 EUR (169,000 NOK)",Tesla,Model S,"178,233 km",2015,Electric,Sedan,Black,Stange,67 kW (91 HP),Automatic,https://www.finn.no/car/used/ad.html?finnkode=344944378,electro
"33,988 EUR (394,999 NOK)",Bmw,7 Series,"186,911 km",2013,Petrol,Sedan,Gray,Vestby,334 kW (454 HP),Automatic,https://www.finn.no/car/used/ad.html?finnkode=342469928,
"111,853 EUR (1,299,900 NOK)",Mercedes Benz,S-Class,"22,000 km",2015,Petrol,Sedan,Blue,Ski,469 kW (638 HP),Automatic,https://www.finn.no/car/used/ad.html?finnkode=327691094,65 AMG
"18,440 EUR (214,305 NOK)",Bmw,X1,"157,729 km",2016,Diesel,Suv,Silver,Spydeberg,101 kW (137 HP),Automatic,https://www.finn.no/car/used/ad.html?finnkode=344106012,18d
"10,239 EUR (119,000 NOK)",Volvo,Xc90,"198,700 km",2006,Diesel,Suv,Black,Skien,137 kW (186 HP),Automatic,https://www.finn.no/car/used/ad.html?finnkode=342915824,2.4 D5 AWD
"41,315 EUR (480,147 NOK)",Bmw,5 Series,"127,000 km",2018,Diesel,Wagon,White,Oslo,197 kW (268 HP),Automatic,https://www.finn.no/car/used/ad.html?finnkode=321405180,
"28,309 EUR (329,000 NOK)",Mercedes Benz,G-Class,"321,000 km",2001,Diesel,Suv,Silver,Kolbotn,186 kW (253 HP),Automatic,https://www.finn.no/car/used/ad.html?finnkode=342786013,400 CDI
"64,449 EUR (749,000 NOK)",Audi,Sq7,"150,000 km",2017,Diesel,Suv,Black,Hokksund,324 kW (441 HP),Automatic,https://www.finn.no/car/used/ad.html?finnkode=339697304,4.0
"5,850 EUR (67,990 NOK)",Volkswagen,Touran,"199,990 km",2009,Diesel,Mpv,Gray,Skien,126 kW (171 HP),Automatic,https://www.finn.no/car/used/ad.html?finnkode=344141996,2.0 TDI
"10,239 EUR (119,000 NOK)",Toyota,Auris,"148,000 km",2014,Petrol,Hatchback,Black,Kolbotn,101 kW (137 HP),Automatic,https://www.finn.no/car/used/ad.html?finnkode=344629873,1.8 Hybrid
"45,519 EUR (529,000 NOK)",Audi,E-Tron,"65,000 km",2020,Electric,Suv,Black,Vestby,317 kW (431 HP),Automatic,https://www.finn.no/car/used/ad.html?finnkode=344321477,
"9,379 EUR (109,000 NOK)",Kia,Soul Ev,"79,600 km",2016,Electric,Mpv,Blue,Stavanger,24 kW (33 HP),Automatic,https://www.finn.no/car/used/ad.html?finnkode=338378702,
"21,503 EUR (249,900 NOK)",Tesla,Model S,"166,000 km",2017,Electric,Sedan,Black,Siggerud,390 kW (530 HP),Automatic,https://www.finn.no/car/used/ad.html?finnkode=342017032,electro
"11,960 EUR (139,000 NOK)",Toyota,Prius,"152,000 km",2012,Hybrid,Hatchback,Gray,Drammen,73 kW (99 HP),Automatic,https://www.finn.no/car/used/ad.html?finnkode=345070175,1.8
"6,453 EUR (75,000 NOK)",Mitsubishi,Asx,"221,750 km",2011,Diesel,Crossover,Blue,Drammen,86 kW (117 HP),Manual,https://www.finn.no/car/used/ad.html?finnkode=340723430,1.8
"6,882 EUR (79,990 NOK)",Mitsubishi,Asx,"199,999 km",2011,Diesel,Crossover,Silver,Skien,86 kW (117 HP),Manual,https://www.finn.no/car/used/ad.html?finnkode=342602615,1.8
"39,323 EUR (457,000 NOK)",Nissan,Navara,"54,000 km",2021,Diesel,Pickup,Gray,Moelv,141 kW (192 HP),Automatic,https://www.finn.no/car/used/ad.html?finnkode=342179040,2.3
"24,007 EUR (279,000 NOK)",Tesla,Model S,"126,000 km",2017,Electric,Sedan,Blue,Kolbotn,391 kW (532 HP),Automatic,https://www.finn.no/car/used/ad.html?finnkode=344633232,electro
"65,310 EUR (759,000 NOK)",Audi,E-Tron,"32,500 km",2021,Electric,Suv,Blue,Sandnes,375 kW (510 HP),Automatic,https://www.finn.no/car/used/ad.html?finnkode=327536206,
"12,821 EUR (149,000 NOK)",Mazda,Cx-5,"237,000 km",2016,Diesel,Crossover,White,Kolbotn,111 kW (151 HP),Automatic,https://www.finn.no/car/used/ad.html?finnkode=342986616,2.2 D
"30,108 EUR (349,900 NOK)",Tesla,Model X,"124,000 km",2016,Electric,Suv,Red,Siggerud,247 kW (336 HP),Automatic,https://www.finn.no/car/used/ad.html?finnkode=342014778,electro
"30,891 EUR (359,000 NOK)",Bmw,X5,"239,000 km",2014,Diesel,Suv,Black,Kolbotn,192 kW (261 HP),Automatic,https://www.finn.no/car/used/ad.html?finnkode=341013879,xDrive30d
"45,596 EUR (529,900 NOK)",Mercedes Benz,S-Class,"106,200 km",2015,Diesel,Sedan,Silver,Stange,192 kW (261 HP),Automatic,https://www.finn.no/car/used/ad.html?finnkode=339160238,350d 4Matic
"24,950 EUR (289,955 NOK)",Mercedes Benz,R-Class,"127,000 km",2013,Diesel,Mpv,Gray,Drammen,197 kW (268 HP),Automatic,https://www.finn.no/car/used/ad.html?finnkode=344149847,350 CDI
"6,797 EUR (79,000 NOK)",Renault,Zoe,"59,000 km",2017,Electric,Mini,Gray,Drammen,23 kW (31 HP),Automatic,https://www.finn.no/car/used/ad.html?finnkode=338397960,
"7,730 EUR (89,845 NOK)",Kia,Sportage,"231,000 km",2011,Diesel,Crossover,Black,Lillehammer,101 kW (137 HP),Manual,https://www.finn.no/car/used/ad.html?finnkode=324993939,2.0 CRDi
"17,580 EUR (204,305 NOK)",Mercedes Benz,E-Class,"186,000 km",2013,Diesel,Wagon,Gray,Moss,101 kW (137 HP),Automatic,https://www.finn.no/car/used/ad.html?finnkode=343173874,
"32,689 EUR (379,900 NOK)",Toyota,Hilux,"80,500 km",2020,Diesel,Pickup,Gray,Ski,111 kW (151 HP),Automatic,https://www.finn.no/car/used/ad.html?finnkode=344710043,2.4
"3,433 EUR (39,900 NOK)",Ford,Transit,"197,500 km",2009,Diesel,Van,White,Oslo,82 kW (112 HP),Manual,https://www.finn.no/car/used/ad.html?finnkode=325583157,2.2
"27,879 EUR (324,000 NOK)",Subaru,Xv,"88,000 km",2020,Petrol,Crossover,Gray,Skien,85 kW (116 HP),Automatic,https://www.finn.no/car/used/ad.html?finnkode=344141151,
"36,054 EUR (419,000 NOK)",Porsche,Cayenne,"114,735 km",2014,Diesel,Suv,Black,Hamar,157 kW (214 HP),Automatic,https://www.finn.no/car/used/ad.html?finnkode=344793820,3.0 diesel
"22,286 EUR (259,000 NOK)",Mercedes Benz,E-Class,"106,000 km",2013,Diesel,Sedan,Black,Sandnes,152 kW (207 HP),Automatic,https://www.finn.no/car/used/ad.html?finnkode=344675078,
"10,239 EUR (119,000 NOK)",Volkswagen,Golf,"129,000 km",2014,Diesel,Wagon,Silver,Skien,78 kW (106 HP),Manual,https://www.finn.no/car/used/ad.html?finnkode=345259183,1.6 TDI
"5,119 EUR (59,500 NOK)",Volkswagen,Up!,"94,320 km",2013,Petrol,Mini,Silver,Stange,44 kW (60 HP),Manual,https://www.finn.no/car/used/ad.html?finnkode=196398877,1.0
"14,608 EUR (169,777 NOK)",Bmw,5 Series,"241,000 km",2011,Diesel,Sedan,Blue,As,157 kW (214 HP),Automatic,https://www.finn.no/car/used/ad.html?finnkode=319671044,
"47,240 EUR (549,000 NOK)",Toyota,Hilux,"18,800 km",2021,Diesel,Pickup,White,Larvik,152 kW (207 HP),Automatic,https://www.finn.no/car/used/ad.html?finnkode=343004268,2.8
"107,473 EUR (1,249,000 NOK)",Bmw,X7,"38,564 km",2020,Diesel,Suv,Black,Fredrikstad,197 kW (268 HP),Automatic,https://www.finn.no/car/used/ad.html?finnkode=335725803,xDrive30d
"22,286 EUR (259,000 NOK)",Nissan,Navara,"114,780 km",2016,Diesel,Pickup,Gray,Porsgrunn,141 kW (192 HP),Automatic,https://www.finn.no/car/used/ad.html?finnkode=344171940,2.3
"10,239 EUR (119,000 NOK)",Nissan,Leaf,"46,500 km",2017,Electric,Hatchback,Gray,Sandnes,81 kW (110 HP),Automatic,https://www.finn.no/car/used/ad.html?finnkode=343907690,
"39,496 EUR (459,000 NOK)",Bmw,X5,"165,000 km",2014,Diesel,Suv,Black,Larvik,192 kW (261 HP),Automatic,https://www.finn.no/car/used/ad.html?finnkode=343461589,30d
"32,698 EUR (379,999 NOK)",Bmw,X5,"152,000 km",2014,Diesel,Suv,Black,Vestby,162 kW (220 HP),Automatic,https://www.finn.no/car/used/ad.html?finnkode=342485723,xDrive25d
"7,658 EUR (89,000 NOK)",Nissan,Leaf,"117,000 km",2017,Electric,Hatchback,Brown,Kolbotn,81 kW (110 HP),Automatic,https://www.finn.no/car/used/ad.html?finnkode=336931107,
"45,519 EUR (529,000 NOK)",Bmw,M5,"158,900 km",2013,Petrol,Sedan,Brown,Hokksund,417 kW (567 HP),Automatic,https://www.finn.no/car/used/ad.html?finnkode=339194861,4.4
"5,593 EUR (65,000 NOK)",Nissan,Juke,"212,000 km",2012,Diesel,Crossover,Gray,Drammen,82 kW (112 HP),Manual,https://www.finn.no/car/used/ad.html?finnkode=341588839,1.5 dCi
"14,542 EUR (169,000 NOK)",Bmw,I3,"23,750 km",2018,Electric,Hatchback,Gray,Kristiansand,126 kW (171 HP),Automatic,https://www.finn.no/car/used/ad.html?finnkode=345116065,
"83,380 EUR (969,000 NOK)",Audi,E-Tron Gt,"21,000 km",2022,Electric,Coupe,Gray,Vestby,481 kW (654 HP),Automatic,https://www.finn.no/car/used/ad.html?finnkode=342906605,
"60,147 EUR (699,000 NOK)",Mercedes Benz,E-Class,"60,000 km",2018,Petrol,Sedan,Black,Sandnes,299 kW (407 HP),Automatic,https://www.finn.no/car/used/ad.html?finnkode=337538273,43 AMG
"42,937 EUR (499,000 NOK)",Kia,Ev6,"45,875 km",2022,Electric,Crossover,Blue,Tromsø,242 kW (329 HP),Automatic,https://www.finn.no/car/used/ad.html?finnkode=343133391,
"1,399,000 EUR",Mercedes Benz,S-Class,"64,000 km",2018,Petrol,Sedan,Gray,Skien,456 kW (620 HP),Automatic,https://www.finn.no/car/used/ad.html?finnkode=327946121,63 AMG
"6,453 EUR (75,000 NOK)",Bmw,5 Series,"306,000 km",2007,Diesel,Wagon,Black,Furnes,146 kW (199 HP),Automatic,https://www.finn.no/car/used/ad.html?finnkode=306591686,525d
"6,014 EUR (69,900 NOK)",Bmw,5 Series,"265,000 km",2007,Diesel,Wagon,Black,Sandnes,131 kW (178 HP),Automatic,https://www.finn.no/car/used/ad.html?finnkode=343224388,520d
"4,724 EUR (54,900 NOK)",Ford,Grand C-Max,"163,000 km",2013,Diesel,Mpv,Black,Drammen,86 kW (117 HP),Manual,https://www.finn.no/car/used/ad.html?finnkode=329823327,1.6
"5,162 EUR (60,000 NOK)",Bmw,5 Series,"238,000 km",2007,Diesel,Wagon,Gray,Kristiansand,131 kW (178 HP),Automatic,https://www.finn.no/car/used/ad.html?finnkode=344441236,
"8,604 EUR (99,999 NOK)",Volvo,S80,"155,450 km",2011,Diesel,Sedan,Black,Vestby,81 kW (110 HP),Manual,https://www.finn.no/car/used/ad.html?finnkode=325002742,1.6
"42,077 EUR (489,000 NOK)",Bmw,X5,"128,000 km",2016,Diesel,Suv,Gray,Flisa,233 kW (317 HP),Automatic,https://www.finn.no/car/used/ad.html?finnkode=340433547,40d
"46,457 EUR (539,900 NOK)",Bmw,X5,"126,000 km",2016,Diesel,Suv,Black,Stavanger,192 kW (261 HP),Automatic,https://www.finn.no/car/used/ad.html?finnkode=341268058,30d
"53,349 EUR (619,999 NOK)",Bmw,X5,"123,000 km",2016,Diesel,Suv,Black,Hønefoss,284 kW (386 HP),Automatic,https://www.finn.no/car/used/ad.html?finnkode=340220391,M50d
"17,123 EUR (199,000 NOK)",Peugeot,3008,"131,000 km",2017,Diesel,Crossover,Brown,Drammen,89 kW (121 HP),Automatic,https://www.finn.no/car/used/ad.html?finnkode=343972918,1.6
"11,960 EUR (139,000 NOK)",Land Rover,Discovery,"323,568 km",2009,Diesel,Suv,Silver,Hønefoss,182 kW (248 HP),Automatic,https://www.finn.no/car/used/ad.html?finnkode=344830434,2.5 TD
"10,054 EUR (116,845 NOK)",Mitsubishi,Asx,"167,200 km",2012,Diesel,Crossover,Silver,Lillehammer,86 kW (117 HP),Manual,https://www.finn.no/car/used/ad.html?finnkode=344819670,1.8
"5,162 EUR (59,990 NOK)",Bmw,5 Series,"324,000 km",2009,Diesel,Wagon,Blue,Skien,121 kW (165 HP),Automatic,https://www.finn.no/car/used/ad.html?finnkode=340010565,520d
"8,518 EUR (99,000 NOK)",Nissan,Qashqai,"98,000 km",2012,Diesel,Crossover,Black,Jessheim,82 kW (112 HP),Manual,https://www.finn.no/car/used/ad.html?finnkode=344744785,1.5 dCi
"8,518 EUR (99,000 NOK)",Mitsubishi,Outlander,"223,000 km",2010,Diesel,Suv,Blue,Sandnes,116 kW (158 HP),Automatic,https://www.finn.no/car/used/ad.html?finnkode=339477023,2.2 HDi
"13,681 EUR (159,000 NOK)",Suzuki,Sx4 S-Cross,"122,500 km",2014,Petrol,Crossover,Gray,Fredrikstad,89 kW (121 HP),Automatic,https://www.finn.no/car/used/ad.html?finnkode=345212918,1.6
"68,838 EUR (799,999 NOK)",Toyota,Land Cruiser V8,"272,000 km",2013,Diesel,Suv,Black,Kristiansand,202 kW (275 HP),Automatic,https://www.finn.no/car/used/ad.html?finnkode=312054094,4.5
"50,754 EUR (589,845 NOK)",Toyota,Land Cruiser V8,"268,000 km",2013,Diesel,Suv,Black,Kolbotn,202 kW (275 HP),Automatic,https://www.finn.no/car/used/ad.html?finnkode=345122022,4.5
"68,829 EUR (799,900 NOK)",Mercedes Benz,S-Class,"93,000 km",2015,Petrol,Sedan,Black,Oslo,339 kW (461 HP),Automatic,https://www.finn.no/car/used/ad.html?finnkode=338094930,500 4MATIC
"111,862 EUR (1,299,999 NOK)",Lamborghini,Gallardo,"37,550 km",2012,Petrol,Coupe,Orange,Vestby,417 kW (567 HP),Automatic,https://www.finn.no/car/used/ad.html?finnkode=340113986,5.2 LP 560-4
"6,452 EUR (74,990 NOK)",Peugeot,508,"211,000 km",2013,Diesel,Sedan,White,Skien,85 kW (116 HP),Automatic,https://www.finn.no/car/used/ad.html?finnkode=338698835,1.6 HDi
"7,658 EUR (89,000 NOK)",Mitsubishi,Outlander,"181,000 km",2011,Diesel,Suv,Black,Skien,104 kW (141 HP),Manual,https://www.finn.no/car/used/ad.html?finnkode=344104445,2.3 did
"7,658 EUR (89,000 NOK)",Mitsubishi,Outlander,"180,000 km",2011,Diesel,Suv,Black,Drammen,104 kW (141 HP),Manual,https://www.finn.no/car/used/ad.html?finnkode=345282603,2.3 did
"71,333 EUR (829,000 NOK)",Audi,A8,"60,500 km",2017,Diesel,Sedan,Brown,Holmestrand,287 kW (390 HP),Automatic,https://www.finn.no/car/used/ad.html?finnkode=312409590,4.1 TDI
"58,426 EUR (679,000 NOK)",Bentley,Continental Gt,"59,000 km",2006,Petrol,Coupe,Black,Kolbotn,417 kW (567 HP),Automatic,https://www.finn.no/car/used/ad.html?finnkode=332390865,6.0 W12
"36,045 EUR (418,900 NOK)",Bmw,5 Series,"209,833 km",2015,Diesel,Wagon,Black,Tromsø,192 kW (261 HP),Automatic,https://www.finn.no/car/used/ad.html?finnkode=344243922,530d xDrive
"45,949 EUR (534,000 NOK)",Volvo,V90,"59,900 km",2017,Diesel,Wagon,Silver,Furnes,175 kW (238 HP),Automatic,https://www.finn.no/car/used/ad.html?finnkode=191587688,2.0 d5
"20,565 EUR (239,000 NOK)",Bmw,5 Series,"163,000 km",2013,Diesel,Wagon,Black,Oslo,157 kW (214 HP),Automatic,https://www.finn.no/car/used/ad.html?finnkode=345129440,
"6,625 EUR (77,000 NOK)",Škoda,Superb,"224,951 km",2012,Diesel,Wagon,Silver,Oslo,78 kW (106 HP),Manual,https://www.finn.no/car/used/ad.html?finnkode=318564365,1.6 TDI
"8,518 EUR (99,000 NOK)",Volvo,V60,"210,000 km",2013,Diesel,Wagon,Gray,Skien,85 kW (116 HP),Automatic,https://www.finn.no/car/used/ad.html?finnkode=342371387,1.6 DRIVe
"28,387 EUR (329,900 NOK)",Tesla,Model S,"35,000 km",2017,Electric,Sedan,Red,Porsgrunn,391 kW (532 HP),Automatic,https://www.finn.no/car/used/ad.html?finnkode=342089303,electro
"26,236 EUR (304,900 NOK)",Tesla,Model S,"86,500 km",2018,Electric,Sedan,Black,Porsgrunn,391 kW (532 HP),Automatic,https://www.finn.no/car/used/ad.html?finnkode=343719193,electro
"35,990 EUR",Citroen,C3,"114,000 km",2006,Petrol,Hatchback,Gray,Skien,81 kW (110 HP),Automatic,https://www.finn.no/car/used/ad.html?finnkode=341954818,1.6
"53,000 EUR",Citroen,C3,"112,000 km",2006,Petrol,Hatchback,Gray,Skien,81 kW (110 HP),Automatic,https://www.finn.no/car/used/ad.html?finnkode=328641609,1.6
"59,372 EUR (689,990 NOK)",Mercedes Benz,Eqc,"6,500 km",2023,Electric,Suv,Black,Hønefoss,304 kW (413 HP),Automatic,https://www.finn.no/car/used/ad.html?finnkode=344507582,400
"58,942 EUR (685,000 NOK)",Ford,Mustang,"52,406 km",2013,Petrol,Coupe,Black,Oslo,426 kW (579 HP),Manual,https://www.finn.no/car/used/ad.html?finnkode=319320816,5.0
"17,123 EUR (199,000 NOK)",Volvo,Xc60,"255,000 km",2013,Diesel,Crossover,Gray,Drammen,121 kW (165 HP),Automatic,https://www.finn.no/car/used/ad.html?finnkode=343882573,2.4 D4
"24,953 EUR (289,999 NOK)",Mercedes Benz,C-Class,"123,800 km",2015,Diesel,Wagon,White,Vestby,152 kW (207 HP),Automatic,https://www.finn.no/car/used/ad.html?finnkode=345189108,
"2,838 EUR (32,990 NOK)",Peugeot,308,"165,000 km",2007,Petrol,Wagon,Gray,Skien,81 kW (110 HP),Automatic,https://www.finn.no/car/used/ad.html?finnkode=341976987,1.6
"5,592 EUR (64,990 NOK)",Bmw,3 Series,"227,000 km",2006,Diesel,Wagon,Silver,Skien,121 kW (165 HP),Automatic,https://www.finn.no/car/used/ad.html?finnkode=341289521,320d
"62,384 EUR (725,000 NOK)",Bmw,M3,"89,000 km",2016,Petrol,Sedan,Gray,Al,321 kW (437 HP),Automatic,https://www.finn.no/car/used/ad.html?finnkode=344865872,3.0 DKG
"40,356 EUR (469,000 NOK)",Volkswagen,Touareg,"147,000 km",2017,Diesel,Suv,Silver,Kolbotn,195 kW (265 HP),Automatic,https://www.finn.no/car/used/ad.html?finnkode=342082401,3.0 TDI V6
"34,410 EUR (399,900 NOK)",Bmw,Z4m,"85,000 km",2006,Petrol,Convertible,Black,Drammen,255 kW (347 HP),Manual,https://www.finn.no/car/used/ad.html?finnkode=344066364,
"66,170 EUR (769,000 NOK)",Mercedes Benz,Gle-Class,"126,000 km",2018,Diesel,Suv,Black,Sandnes,192 kW (261 HP),Automatic,https://www.finn.no/car/used/ad.html?finnkode=344136982,350d 4Matic
"6,797 EUR (79,000 NOK)",Citroen,C4 Aircross,"149,000 km",2013,Diesel,Crossover,Brown,Drammen,85 kW (116 HP),Manual,https://www.finn.no/car/used/ad.html?finnkode=335975589,
"28,752 EUR (334,147 NOK)",Bmw,5 Series,"190,000 km",2017,Diesel,Wagon,Gray,Al,141 kW (192 HP),Automatic,https://www.finn.no/car/used/ad.html?finnkode=328746591,
"7,571 EUR (87,990 NOK)",Audi,A4,"189,000 km",2006,Petrol,Wagon,Silver,Skien,178 kW (242 HP),Automatic,https://www.finn.no/car/used/ad.html?finnkode=342046081,2.0
"37,852 EUR (439,900 NOK)",Tesla,Model X,"65,000 km",2017,Electric,Suv,Black,Siggerud,390 kW (530 HP),Automatic,https://www.finn.no/car/used/ad.html?finnkode=342100970,electro
"19,777 EUR (229,845 NOK)",Bmw,X5,"268,000 km",2011,Diesel,Suv,Black,Hønefoss,182 kW (248 HP),Automatic,https://www.finn.no/car/used/ad.html?finnkode=343480823,D
"34,333 EUR (399,000 NOK)",Peugeot,E-Expert,100 km,2022,Electric,Van,Black,Sandnes,101 kW (137 HP),Automatic,https://www.finn.no/car/used/ad.html?finnkode=343999492,
"6,014 EUR (69,900 NOK)",Peugeot,307 Cc,"112,953 km",2007,Petrol,Convertible,Blue,Oslo,81 kW (110 HP),Manual,https://www.finn.no/car/used/ad.html?finnkode=314197004,1.6
"20,565 EUR (239,000 NOK)",Bmw,X5,"218,000 km",2011,Diesel,Suv,Black,Sandnes,182 kW (248 HP),Automatic,https://www.finn.no/car/used/ad.html?finnkode=343886591,D
"24,857 EUR (288,880 NOK)",Hyundai,Kona,"15,000 km",2020,Electric,Crossover,White,Oslo,152 kW (207 HP),Automatic,https://www.finn.no/car/used/ad.html?finnkode=344223412,
"15,393 EUR (178,900 NOK)",Ford,Galaxy,"153,000 km",2016,Diesel,Mpv,Gray,Skien,111 kW (151 HP),Manual,https://www.finn.no/car/used/ad.html?finnkode=343891914,2.0 Duratorq
"27,526 EUR (319,900 NOK)",Mercedes Benz,C-Class,"149,900 km",2019,Diesel,Wagon,Black,Sandnes,119 kW (162 HP),Manual,https://www.finn.no/car/used/ad.html?finnkode=342934426,200D
"14,542 EUR (169,000 NOK)",Volkswagen,Caddy,"86,890 km",2019,Petrol,Pickup,White,Drammen,93 kW (126 HP),Manual,https://www.finn.no/car/used/ad.html?finnkode=343882888,1.4
"48,961 EUR (569,000 NOK)",Bmw,X4m,"94,820 km",2018,Petrol,Suv,Black,Stavanger,268 kW (364 HP),Automatic,https://www.finn.no/car/used/ad.html?finnkode=335032381,40i
"13,681 EUR (159,000 NOK)",Volkswagen,Passat,"103,000 km",2015,Diesel,Wagon,Silver,Kolbotn,78 kW (106 HP),Automatic,https://www.finn.no/car/used/ad.html?finnkode=344897560,1.6 TDI
"15,402 EUR (179,000 NOK)",Volkswagen,Caddy,"57,000 km",2019,Petrol,Pickup,White,Drammen,93 kW (126 HP),Manual,https://www.finn.no/car/used/ad.html?finnkode=343882979,1.4
"29,170 EUR (339,000 NOK)",Volvo,Xc60,"113,000 km",2015,Diesel,Crossover,White,Skien,134 kW (182 HP),Automatic,https://www.finn.no/car/used/ad.html?finnkode=343923100,2.4 D5
"30,108 EUR (349,900 NOK)",Volvo,Xc60,"108,000 km",2015,Diesel,Crossover,Gray,Stavanger,121 kW (165 HP),Automatic,https://www.finn.no/car/used/ad.html?finnkode=344856247,2.4 D4 AWD
"23,921 EUR (278,000 NOK)",Volkswagen,Touran,"59,609 km",2018,Petrol,Mpv,Silver,Arendal,111 kW (151 HP),Automatic,https://www.finn.no/car/used/ad.html?finnkode=344662836,1.4
"13,767 EUR (159,999 NOK)",Mercedes Benz,Cls-Class,"238,400 km",2009,Diesel,Sedan,White,Porsgrunn,167 kW (227 HP),Automatic,https://www.finn.no/car/used/ad.html?finnkode=345002066,320 CDI
"13,759 EUR (159,900 NOK)",Ford,Kuga,"148,000 km",2014,Diesel,Suv,Gray,Skien,104 kW (141 HP),Manual,https://www.finn.no/car/used/ad.html?finnkode=345236485,2.0 TDCi
"11,616 EUR (135,000 NOK)",Bmw,3 Series,"191,800 km",2006,Petrol,Coupe,Gray,Kongsvinger,162 kW (220 HP),Automatic,https://www.finn.no/car/used/ad.html?finnkode=341708385,325i
"38,635 EUR (449,000 NOK)",Bmw,M5,"141,700 km",2005,Petrol,Sedan,Black,Oslo,378 kW (514 HP),Automatic,https://www.finn.no/car/used/ad.html?finnkode=343188178,5.0 v10
"9,464 EUR (109,990 NOK)",Nissan,Nv,"109,000 km",2017,Diesel,Van,Gray,Ski,82 kW (112 HP),Manual,https://www.finn.no/car/used/ad.html?finnkode=345073170,1.5
"60,224 EUR (699,900 NOK)",Dodge,Ram 1500,"59,000 km",2020,Petrol,Pickup,Black,Ski,295 kW (401 HP),Automatic,https://www.finn.no/car/used/ad.html?finnkode=342170476,5.7
"145,421 EUR (1,690,000 NOK)",Porsche,911,"22,980 km",2015,Petrol,Coupe,Silver,Oslo,417 kW (567 HP),Automatic,https://www.finn.no/car/used/ad.html?finnkode=275649042,3.8
"5,937 EUR (69,000 NOK)",Mazda,3,"169,000 km",2012,Diesel,Hatchback,White,Stavanger,86 kW (117 HP),Manual,https://www.finn.no/car/used/ad.html?finnkode=335880841,1.6
"5,937 EUR (69,000 NOK)",Peugeot,3008,"227,900 km",2011,Diesel,Crossover,White,Oslo,82 kW (112 HP),Automatic,https://www.finn.no/car/used/ad.html?finnkode=321420334,1.6
"77,357 EUR (899,000 NOK)",Chevrolet,Camaro,"15,698 km",2017,Petrol,Coupe,Gray,Oslo,343 kW (466 HP),Automatic,https://www.finn.no/car/used/ad.html?finnkode=310887734,6.2
"8,518 EUR (99,000 NOK)",Ford,Transit,"167,000 km",2015,Diesel,Van,White,Drammen,93 kW (126 HP),Manual,https://www.finn.no/car/used/ad.html?finnkode=343078445,2.2
"23,060 EUR (268,000 NOK)",Tesla,Model S,"120,000 km",2018,Electric,Sedan,Silver,Oslo,391 kW (532 HP),Automatic,https://www.finn.no/car/used/ad.html?finnkode=337467541,electro
"11,960 EUR (139,000 NOK)",Toyota,Avensis,"152,000 km",2013,Petrol,Wagon,Red,Jessheim,109 kW (148 HP),Automatic,https://www.finn.no/car/used/ad.html?finnkode=344706534,1.8 VVT-i
"34,333 EUR (399,000 NOK)",Audi,A6,"147,475 km",2015,Diesel,Wagon,Blue,Gjøvik,202 kW (275 HP),Automatic,https://www.finn.no/car/used/ad.html?finnkode=342055488,3.0 TDI Quattro
"56,705 EUR (659,000 NOK)",Bmw,7 Series,"109,512 km",2016,Petrol,Sedan,Black,Bryne,334 kW (454 HP),Automatic,https://www.finn.no/car/used/ad.html?finnkode=329729093,750i
"77,434 EUR (899,900 NOK)",Porsche,Taycan,"57,900 km",2020,Electric,Sedan,White,Porsgrunn,516 kW (702 HP),Automatic,https://www.finn.no/car/used/ad.html?finnkode=338744892,Turbo
"71,333 EUR (829,000 NOK)",Bmw,7 Series,"60,000 km",2018,Petrol,Sedan,Black,Stavanger,334 kW (454 HP),Automatic,https://www.finn.no/car/used/ad.html?finnkode=329720401,750Li xDrive
"20,642 EUR (239,900 NOK)",Bmw,3 Series,"139,000 km",2008,Diesel,Convertible,Blue,Oslo,131 kW (178 HP),Automatic,https://www.finn.no/car/used/ad.html?finnkode=344772717,320d
"25,728 EUR (299,000 NOK)",Bmw,X5,"160,000 km",2013,Diesel,Suv,Black,Skien,182 kW (248 HP),Automatic,https://www.finn.no/car/used/ad.html?finnkode=343917968,xDrive30d
"27,449 EUR (319,000 NOK)",Ford,Transit,"100,600 km",2017,Petrol,Van,White,Arendal,126 kW (171 HP),Manual,https://www.finn.no/car/used/ad.html?finnkode=341341019,2.0
"85,101 EUR (989,000 NOK)",Porsche,Taycan,"35,000 km",2021,Electric,Sedan,Black,Kolbotn,425 kW (578 HP),Automatic,https://www.finn.no/car/used/ad.html?finnkode=319016670,4S
"18,844 EUR (219,000 NOK)",Škoda,Octavia,"126,000 km",2017,Petrol,Wagon,Gray,Kolbotn,133 kW (181 HP),Automatic,https://www.finn.no/car/used/ad.html?finnkode=344898303,1.8 TSI
"25,728 EUR (299,000 NOK)",Jaguar,I-Pace,"126,500 km",2019,Electric,Suv,Gray,Arendal,298 kW (405 HP),Automatic,https://www.finn.no/car/used/ad.html?finnkode=344662689,EV400S
"7,658 EUR (89,000 NOK)",Mercedes Benz,E-Class,"207,000 km",2007,Diesel,Sedan,Black,Stavanger,126 kW (171 HP),Automatic,https://www.finn.no/car/used/ad.html?finnkode=334663844,
"82,175 EUR (955,000 NOK)",Land Rover,Range Rover Sport,"86,000 km",2018,Diesel,Suv,Gray,Tønsberg,228 kW (310 HP),Automatic,https://www.finn.no/car/used/ad.html?finnkode=344997065,3.0 SDV6
"7,916 EUR (92,000 NOK)",Volkswagen,Passat,"211,000 km",2012,Diesel,Wagon,Black,Skien,104 kW (141 HP),Automatic,https://www.finn.no/car/used/ad.html?finnkode=344548484,2.0 TDI SCR
"59,287 EUR (689,000 NOK)",Mercedes Benz,E-Class,"112,247 km",2014,Petrol,Wagon,Black,Tromsø,436 kW (593 HP),Automatic,https://www.finn.no/car/used/ad.html?finnkode=340249609,63 AMG
"18,928 EUR (219,976 NOK)",Ford,Transit Custom,"141,000 km",2020,Diesel,Van,White,Kolbotn,126 kW (171 HP),Automatic,https://www.finn.no/car/used/ad.html?finnkode=345167795,2.0
"12,038 EUR (139,900 NOK)",Volvo,V60,"131,940 km",2015,Diesel,Wagon,Gray,Kristiansand,85 kW (116 HP),Manual,https://www.finn.no/car/used/ad.html?finnkode=345076414,1.6 D2
"91,985 EUR (1,069,000 NOK)",Mercedes Benz,S-Class,"66,000 km",2017,Petrol,Sedan,Black,Sandnes,436 kW (593 HP),Automatic,https://www.finn.no/car/used/ad.html?finnkode=343081055,63 AMG
"5,076 EUR (59,000 NOK)",Škoda,Octavia,"224,000 km",2010,Diesel,Wagon,Black,Stavanger,78 kW (106 HP),Automatic,https://www.finn.no/car/used/ad.html?finnkode=344980862,1.6 TDI
"57,566 EUR (669,000 NOK)",Maserati,Granturismo,"102,000 km",2010,Petrol,Coupe,Black,Sandnes,327 kW (445 HP),Automatic,https://www.finn.no/car/used/ad.html?finnkode=319256524,4.7
"44,736 EUR (519,900 NOK)",Bmw,X5,"168,500 km",2015,Diesel,Suv,Gray,Kristiansand,233 kW (317 HP),Automatic,https://www.finn.no/car/used/ad.html?finnkode=341478685,xDrive40d
"5,937 EUR (69,000 NOK)",Škoda,Octavia,"175,000 km",2011,Petrol,Wagon,Gray,Jessheim,90 kW (122 HP),Automatic,https://www.finn.no/car/used/ad.html?finnkode=345109066,1.4 TSI
"7,658 EUR (89,000 NOK)",Škoda,Octavia,"171,000 km",2011,Petrol,Wagon,White,Skien,78 kW (106 HP),Automatic,https://www.finn.no/car/used/ad.html?finnkode=341546654,1.2 TFSI
"73,054 EUR (849,000 NOK)",Mercedes Benz,Eqe,"23,000 km",2023,Electric,Sedan,Black,Ski,354 kW (481 HP),Automatic,https://www.finn.no/car/used/ad.html?finnkode=307212512,
"6,014 EUR (69,900 NOK)",Nissan,Qashqai,"217,450 km",2011,Diesel,Crossover,Violet,Drammen,82 kW (112 HP),Manual,https://www.finn.no/car/used/ad.html?finnkode=343809600,1.5 dCi
"8,596 EUR (99,900 NOK)",Kia,Soul,"82,000 km",2016,Electric,Mpv,Black,Porsgrunn,82 kW (112 HP),Automatic,https://www.finn.no/car/used/ad.html?finnkode=333030480,
"43,712 EUR (508,000 NOK)",Tesla,Model Y,"53,000 km",2022,Electric,Suv,White,Sarpsborg,398 kW (541 HP),Automatic,https://www.finn.no/car/used/ad.html?finnkode=340168418,electro
"11,444 EUR (133,000 NOK)",Mercedes Benz,C-Class,"152,000 km",2012,Diesel,Sedan,White,Stavanger,101 kW (137 HP),Automatic,https://www.finn.no/car/used/ad.html?finnkode=324298481,200 CDI
"55,922 EUR (649,900 NOK)",Bmw,Ix,"13,900 km",2023,Electric,Suv,Blue,Porsgrunn,213 kW (290 HP),Automatic,https://www.finn.no/car/used/ad.html?finnkode=319185383,
"43,884 EUR (510,000 NOK)",Tesla,Model Y,"35,000 km",2022,Electric,Suv,Red,Stavanger,383 kW (521 HP),Automatic,https://www.finn.no/car/used/ad.html?finnkode=342293710,0.0 long range
"46,218 EUR (537,129 NOK)",Tesla,Model Y,"19,900 km",2022,Electric,Suv,White,Stavanger,398 kW (541 HP),Automatic,https://www.finn.no/car/used/ad.html?finnkode=341354460,0.0 performance
"6,797 EUR (79,000 NOK)",Nissan,Qashqai,"179,000 km",2013,Petrol,Crossover,Brown,Jessheim,87 kW (118 HP),Manual,https://www.finn.no/car/used/ad.html?finnkode=342962433,1.6
"10,239 EUR (119,000 NOK)",Ford,Mondeo,"146,000 km",2011,Diesel,Wagon,White,Skien,149 kW (203 HP),Manual,https://www.finn.no/car/used/ad.html?finnkode=344575117,2.2 TDCi
"5,076 EUR (59,000 NOK)",Citroen,C3,"146,000 km",2010,Petrol,Hatchback,Blue,Stavanger,70 kW (95 HP),Manual,https://www.finn.no/car/used/ad.html?finnkode=339461172,1.4 VTi
"48,100 EUR (559,000 NOK)",Bmw,X5,"141,000 km",2017,Diesel,Suv,Gray,Stavanger,233 kW (317 HP),Automatic,https://www.finn.no/car/used/ad.html?finnkode=334572206,40d
"55,513 EUR (645,147 NOK)",Bmw,X5,"135,000 km",2017,Diesel,Suv,Black,Hønefoss,233 kW (317 HP),Automatic,https://www.finn.no/car/used/ad.html?finnkode=341004420,xDrive40d
"51,620 EUR (599,900 NOK)",Bmw,X5,"126,000 km",2017,Diesel,Suv,Black,Sarpsborg,233 kW (317 HP),Automatic,https://www.finn.no/car/used/ad.html?finnkode=343979980,40d
"37,775 EUR (439,000 NOK)",Ford,Mustang Mach-E,"40,800 km",2021,Electric,Crossover,Black,Stavanger,200 kW (272 HP),Automatic,https://www.finn.no/car/used/ad.html?finnkode=335406759,
"11,112 EUR (129,147 NOK)",Volkswagen,Cc,"177,000 km",2012,Diesel,Sedan,Gray,Kjenner,126 kW (171 HP),Automatic,https://www.finn.no/car/used/ad.html?finnkode=334250825,2.0 TDI
"17,123 EUR (199,000 NOK)",Volkswagen,Transporter,"220,000 km",2016,Diesel,Van,Silver,As,111 kW (151 HP),Automatic,https://www.finn.no/car/used/ad.html?finnkode=344988789,2.4
"14,542 EUR (169,000 NOK)",Volvo,Xc60,"181,000 km",2010,Diesel,Crossover,Gray,Skien,121 kW (165 HP),Automatic,https://www.finn.no/car/used/ad.html?finnkode=343584143,2.4 D5
"33,558 EUR (389,999 NOK)",Porsche,Panamera,"110,723 km",2011,Petrol,Sedan,Black,Vestby,298 kW (405 HP),Automatic,https://www.finn.no/car/used/ad.html?finnkode=341967589,4.8 4S
"275,353 EUR (3,199,999 NOK)",Lamborghini,Aventador,"49,524 km",2012,Petrol,Coupe,White,Vestby,521 kW (709 HP),Automatic,https://www.finn.no/car/used/ad.html?finnkode=338648507,6.5 lp 700-4
"18,844 EUR (219,000 NOK)",Škoda,Octavia,"86,722 km",2019,Petrol,Wagon,Silver,Arendal,111 kW (151 HP),Automatic,https://www.finn.no/car/used/ad.html?finnkode=344662936,1.5 tsi
"19,704 EUR (229,000 NOK)",Toyota,Prius,"74,938 km",2021,Hybrid,Hatchback,Black,Arendal,90 kW (122 HP),Automatic,https://www.finn.no/car/used/ad.html?finnkode=344663422,1.8
"84,240 EUR (979,000 NOK)",Land Rover,Range Rover Sport,"122,062 km",2015,Petrol,Suv,Gray,Oslo,410 kW (558 HP),Automatic,https://www.finn.no/car/used/ad.html?finnkode=336767240,5.0
"8,518 EUR (99,000 NOK)",Volvo,V40 Cross Country,"245,000 km",2014,Diesel,Wagon,Black,Drammen,85 kW (116 HP),Manual,https://www.finn.no/car/used/ad.html?finnkode=341592082,1.6
"6,022 EUR (69,990 NOK)",Toyota,Auris,"210,000 km",2010,Petrol,Hatchback,Black,Skien,73 kW (99 HP),Manual,https://www.finn.no/car/used/ad.html?finnkode=341526455,1.3
"34,776 EUR (404,147 NOK)",Bmw,5 Series,"109,300 km",2014,Diesel,Wagon,Gray,Al,192 kW (261 HP),Automatic,https://www.finn.no/car/used/ad.html?finnkode=333749477,
"4,732 EUR (55,000 NOK)",Toyota,Auris,"219,000 km",2011,Petrol,Hatchback,Black,Skien,73 kW (99 HP),Manual,https://www.finn.no/car/used/ad.html?finnkode=330468952,1.3
"8,174 EUR (95,000 NOK)",Volvo,Xc60,"255,200 km",2010,Diesel,Crossover,Blue,Stange,121 kW (165 HP),Automatic,https://www.finn.no/car/used/ad.html?finnkode=342943957,2.4 d3
"52,403 EUR (609,000 NOK)",Tesla,Model Y,"7,100 km",2023,Electric,Suv,Black,Tromsø,398 kW (541 HP),Automatic,https://www.finn.no/car/used/ad.html?finnkode=296949094,electro
"42,929 EUR (498,900 NOK)",Hyundai,Ioniq 6,"13,380 km",2023,Electric,Sedan,Black,Oslo,242 kW (329 HP),Automatic,https://bruktbil.mobile.no/340442272,
"46,371 EUR (538,900 NOK)",Mazda,Cx-60,"17,242 km",2022,Hybrid,Suv,Gray,Oslo,244 kW (332 HP),Automatic,https://bruktbil.mobile.no/343283311,2.5
"116,156 EUR (1,349,900 NOK)",Lexus,Rx,"2,900 km",2023,Petrol,Suv,Brown,Bodø,276 kW (375 HP),Automatic,https://www.nordvik.no/bruktbil/335731201,
"44,650 EUR (518,900 NOK)",Hyundai,Ioniq,"5,305 km",2023,Electric,Sedan,Gold,Oslo,242 kW (329 HP),Automatic,https://bruktbil.mobile.no/338369324,
"39,487 EUR (458,900 NOK)",Hyundai,Ioniq,"5,002 km",2023,Electric,Sedan,Black,Oslo,242 kW (329 HP),Automatic,https://bruktbil.mobile.no/338368881,
"6,453 EUR (75,000 NOK)",Hyundai,I30,"146,000 km",2011,Diesel,Wagon,Silver,Skien,67 kW (91 HP),Manual,https://bruktbil.mobile.no/336314044,1.6 CRDi
"42,929 EUR (498,900 NOK)",Hyundai,Ioniq,"26,737 km",2023,Electric,Sedan,Black,Oslo,242 kW (329 HP),Automatic,https://bruktbil.mobile.no/338638367,
"42,154 EUR (489,900 NOK)",Lexus,Ux,"4,000 km",2023,Electric,Crossover,Gray,Bodø,152 kW (207 HP),Automatic,https://www.nordvik.no/bruktbil/339036727,300e
"17,984 EUR (209,000 NOK)",Subaru,Outback,"119,500 km",2015,Petrol,Crossover,Black,Skien,130 kW (177 HP),Automatic,https://www.finn.no/car/used/ad.html?finnkode=325004699,2.5
"7,649 EUR (88,900 NOK)",Toyota,Prius,"101,000 km",2007,Hybrid,Hatchback,Beige,Jessheim,85 kW (116 HP),Automatic,https://www.finn.no/car/used/ad.html?finnkode=343178314,1.5
"6,010 EUR (69,845 NOK)",Mitsubishi,Outlander,"220,459 km",2009,Petrol,Suv,Blue,Spydeberg,126 kW (171 HP),Automatic,https://www.finn.no/car/used/ad.html?finnkode=345102073,2.4
"60,233 EUR (699,999 NOK)",Bentley,Flying Spur,"109,000 km",2005,Petrol,Sedan,Blue,Drammen,417 kW (567 HP),Automatic,https://www.finn.no/car/used/ad.html?finnkode=272950223,6.0 W12
"16,263 EUR (189,000 NOK)",Volvo,Xc60,"192,000 km",2012,Diesel,Crossover,Black,Trondheim,121 kW (165 HP),Automatic,https://www.finn.no/car/used/ad.html?finnkode=345174912,2.4 D5
"64,535 EUR (749,990 NOK)",Mercedes Benz,Gle-Class,"133,000 km",2017,Petrol,Coupe,Black,Skien,273 kW (371 HP),Automatic,https://www.finn.no/car/used/ad.html?finnkode=322273803,43 AMG
"38,635 EUR (449,000 NOK)",Opel,Vivaro,"34,808 km",2018,Diesel,Van,Gray,Arendal,93 kW (126 HP),Manual,https://www.finn.no/car/used/ad.html?finnkode=344672487,1.6
"9,385 EUR (109,068 NOK)",Toyota,Prius,"98,000 km",2009,Hybrid,Hatchback,White,Skien,73 kW (99 HP),Automatic,https://www.finn.no/car/used/ad.html?finnkode=344695548,1.8
"5,082 EUR (59,068 NOK)",Opel,Insignia,"167,000 km",2011,Diesel,Sedan,Black,Sola,97 kW (132 HP),Manual,https://www.finn.no/car/used/ad.html?finnkode=333347216,2.0
"10,239 EUR (119,000 NOK)",Peugeot,308,"108,003 km",2015,Petrol,Wagon,White,Eidsvoll,97 kW (132 HP),Manual,https://www.finn.no/car/used/ad.html?finnkode=344873559,1.2 vti
"24,867 EUR (289,000 NOK)",Bmw,3 Series,"69,000 km",2016,Petrol,Sedan,Silver,Levanger,137 kW (186 HP),Automatic,https://www.finn.no/car/used/ad.html?finnkode=342892346,320i xDrive
"56,783 EUR (659,900 NOK)",Bentley,Flying Spur,"100,150 km",2010,Petrol,Sedan,Black,Mandal,417 kW (567 HP),Automatic,https://www.finn.no/car/used/ad.html?finnkode=339189829,6.0 W12
"6,797 EUR (79,000 NOK)",Opel,Insignia,"157,200 km",2012,Diesel,Wagon,Gray,Sandnes,97 kW (132 HP),Manual,https://www.finn.no/car/used/ad.html?finnkode=331539204,2.0 CDTi
"63,085 EUR (733,147 NOK)",Mercedes Benz,Gle-Class,"95,500 km",2017,Petrol,Coupe,Silver,Lillestrøm,273 kW (371 HP),Automatic,https://www.finn.no/car/used/ad.html?finnkode=332664218,43 AMG
"15,402 EUR (179,000 NOK)",Honda,Hr-V,"98,000 km",2016,Petrol,Crossover,White,Stavanger,97 kW (132 HP),Automatic,https://www.finn.no/car/used/ad.html?finnkode=344782309,1.5 i-VTEC
"86,039 EUR (999,900 NOK)",Mercedes Benz,Gle-Class,"78,606 km",2017,Petrol,Suv,White,Kongsvinger,436 kW (593 HP),Automatic,https://www.finn.no/car/used/ad.html?finnkode=312525917,
"28,394 EUR (329,990 NOK)",Jaguar,I-Pace,"95,000 km",2018,Electric,Suv,Silver,Oslo,298 kW (405 HP),Automatic,https://www.finn.no/car/used/ad.html?finnkode=342128053,EV400HSE
"54,201 EUR (629,900 NOK)",Mercedes Benz,Gle-Class,"63,000 km",2017,Petrol,Coupe,Silver,Stavanger,248 kW (337 HP),Automatic,https://www.finn.no/car/used/ad.html?finnkode=341934694,400 4MATIC
"13,595 EUR (158,000 NOK)",Bmw,X1,"153,200 km",2014,Diesel,Suv,Black,Arendal,101 kW (137 HP),Automatic,https://www.finn.no/car/used/ad.html?finnkode=344962388,xDrive18d
"85,187 EUR (990,000 NOK)",Tesla,Model X,"19,000 km",2022,Electric,Suv,Black,Trondheim,,Automatic,https://www.finn.no/car/used/ad.html?finnkode=343193360,0.0 plaid
"74,861 EUR (869,999 NOK)",Bmw,X6m,"106,000 km",2016,Petrol,Suv,Black,Hønefoss,428 kW (582 HP),Automatic,https://www.finn.no/car/used/ad.html?finnkode=339028728,
"13,759 EUR (159,900 NOK)",Mercedes Benz,Vito,"154,000 km",2017,Diesel,Van,Silver,Nesbru,85 kW (116 HP),Manual,https://www.finn.no/345143373,
"23,146 EUR (269,000 NOK)",Bmw,3 Series,"34,700 km",2018,Petrol,Wagon,Black,Oslo,101 kW (137 HP),Automatic,https://www.finn.no/car/used/ad.html?finnkode=343400902,
"72,194 EUR (839,000 NOK)",Alfa Romeo,Stelvio,"80,000 km",2018,Petrol,Crossover,Red,Sandnes,380 kW (517 HP),Automatic,https://www.finn.no/car/used/ad.html?finnkode=344659648,2.9
"24,945 EUR (289,900 NOK)",Kia,Niro,"23,000 km",2021,Electric,Suv,Black,Oslo,152 kW (207 HP),Automatic,https://www.finn.no/car/used/ad.html?finnkode=344320670,
"25,805 EUR (299,900 NOK)",Toyota,Hilux,"154,000 km",2018,Diesel,Pickup,Red,Ski,111 kW (151 HP),Automatic,https://www.finn.no/car/used/ad.html?finnkode=343896822,2.4
"8,602 EUR (99,974 NOK)",Citroen,C4 Cactus,"81,000 km",2014,Petrol,Hatchback,White,Drammen,61 kW (83 HP),Manual,https://www.finn.no/car/used/ad.html?finnkode=341096025,1.2
"51,542 EUR (599,000 NOK)",Isuzu,D-Max,"27,413 km",2021,Diesel,Pickup,Orange,Tromsø,121 kW (165 HP),Automatic,https://www.finn.no/car/used/ad.html?finnkode=342795583,1.9
"36,992 EUR (429,900 NOK)",Isuzu,D-Max,"75,789 km",2022,Diesel,Pickup,Orange,Ski,121 kW (165 HP),Automatic,https://www.finn.no/car/used/ad.html?finnkode=342787871,1.9
"4,116 EUR (47,845 NOK)",Volkswagen,Touran,"257,856 km",2007,Diesel,Mpv,Black,Spydeberg,104 kW (141 HP),Automatic,https://www.finn.no/car/used/ad.html?finnkode=337806738,2.0
"19,704 EUR (229,000 NOK)",Tesla,Model S,"131,700 km",2015,Electric,Sedan,Red,Sandnes,293 kW (398 HP),Automatic,https://www.finn.no/car/used/ad.html?finnkode=344956773,electro
"7,733 EUR (89,879 NOK)",Peugeot,4008,"194,300 km",2013,Petrol,Crossover,Gray,Lillestrøm,85 kW (116 HP),Manual,https://www.finn.no/car/used/ad.html?finnkode=340840747,1.6
"24,084 EUR (279,900 NOK)",Tesla,Model S,"130,000 km",2015,Electric,Sedan,Gray,Holmestrand,,Automatic,https://www.finn.no/car/used/ad.html?finnkode=342961523,electro
"30,917 EUR (359,305 NOK)",Bmw,5 Series,"177,000 km",2018,Diesel,Wagon,Gray,Stokmarknes,141 kW (192 HP),Automatic,https://www.finn.no/car/used/ad.html?finnkode=341848968,
"9,379 EUR (109,000 NOK)",Volvo,V60,"206,800 km",2012,Diesel,Wagon,Orange,Fredrikstad,121 kW (165 HP),Manual,https://www.finn.no/car/used/ad.html?finnkode=344697144,2.0
"19,782 EUR (229,900 NOK)",Mercedes Benz,R-Class,"171,000 km",2011,Diesel,Mpv,Black,Stavanger,197 kW (268 HP),Automatic,https://www.finn.no/car/used/ad.html?finnkode=345165182,350 CDI
"58,426 EUR (679,000 NOK)",Audi,E-Tron,"9,300 km",2021,Electric,Suv,Red,Moss,304 kW (413 HP),Automatic,https://www.finn.no/car/used/ad.html?finnkode=275911783,
"27,449 EUR (319,000 NOK)",Škoda,Kodiaq,"171,000 km",2018,Diesel,Suv,Blue,Hønefoss,141 kW (192 HP),Automatic,https://www.finn.no/car/used/ad.html?finnkode=342857269,2.0 TDI
"18,831 EUR (218,845 NOK)",Bmw,3 Series,"238,953 km",2012,Diesel,Sedan,Black,Sola,182 kW (248 HP),Automatic,https://www.finn.no/car/used/ad.html?finnkode=342206078,
"19,300 EUR (224,305 NOK)",Bmw,X3,"127,911 km",2013,Diesel,Suv,Black,Bergen,121 kW (165 HP),Automatic,https://www.finn.no/car/used/ad.html?finnkode=342939660,xDrive20d
"10,755 EUR (124,990 NOK)",Škoda,Octavia,"167,000 km",2014,Petrol,Wagon,Red,Ski,104 kW (141 HP),Automatic,https://www.finn.no/car/used/ad.html?finnkode=343688725,1.4
"5,076 EUR (59,000 NOK)",Mazda,6,"218,000 km",2010,Diesel,Sedan,Brown,Stavanger,96 kW (131 HP),Manual,https://www.finn.no/car/used/ad.html?finnkode=339945562,2.2 cd
"51,620 EUR (599,900 NOK)",Seres,Sf5,1 km,2023,Electric,Crossover,Black,Elverum,436 kW (593 HP),Automatic,https://www.finn.no/car/used/ad.html?finnkode=329945004,electro
"11,960 EUR (139,000 NOK)",Lexus,Is,"134,000 km",2009,Diesel,Sedan,Gray,Kolbotn,131 kW (178 HP),Manual,https://www.finn.no/car/used/ad.html?finnkode=343683035,220D
"9,454 EUR (109,875 NOK)",Peugeot,Partner,"103,000 km",2016,Petrol,Pickup,Gray,Drammen,73 kW (99 HP),Automatic,https://www.finn.no/car/used/ad.html?finnkode=345058734,1.6
"47,223 EUR (548,800 NOK)",Mercedes Benz,Eqc,"48,000 km",2021,Electric,Suv,Black,Hokksund,304 kW (413 HP),Automatic,https://www.finn.no/car/used/ad.html?finnkode=332431573,
"6,444 EUR (74,900 NOK)",Nissan,Leaf,"68,000 km",2013,Electric,Hatchback,Gray,Nesbru,81 kW (110 HP),Automatic,https://www.finn.no/car/used/ad.html?finnkode=344244583,Tekna
"42,593 EUR (495,000 NOK)",Mercedes Benz,Eqc,"35,000 km",2021,Electric,Suv,Gray,Melhus,304 kW (413 HP),Automatic,https://www.finn.no/car/used/ad.html?finnkode=344832345,400
"7,658 EUR (89,000 NOK)",Hyundai,I20,"61,000 km",2012,Petrol,Hatchback,Black,Stavanger,62 kW (84 HP),Manual,https://www.finn.no/car/used/ad.html?finnkode=340443869,1.2
"36,131 EUR (419,900 NOK)",Audi,E-Tron,"63,700 km",2020,Electric,Suv,Gray,Arendal,290 kW (394 HP),Automatic,https://www.finn.no/car/used/ad.html?finnkode=341631850,
"18,844 EUR (219,000 NOK)",Volvo,Xc70,"203,280 km",2012,Diesel,Crossover,White,Trondheim,121 kW (165 HP),Automatic,https://www.finn.no/car/used/ad.html?finnkode=344713349,2.4
"36,999 EUR (429,990 NOK)",Bmw,4 Series,"155,000 km",2015,Diesel,Coupe,Black,Hell,233 kW (317 HP),Automatic,https://www.finn.no/car/used/ad.html?finnkode=341106179,435d xDrive
"18,921 EUR (219,900 NOK)",Volkswagen,Touran,"170,000 km",2017,Petrol,Mpv,Blue,Drøbak,111 kW (151 HP),Automatic,https://www.finn.no/car/used/ad.html?finnkode=343856187,1.4
"30,108 EUR (349,900 NOK)",Volvo,Xc60,"129,300 km",2016,Diesel,Crossover,White,Mandal,141 kW (192 HP),Automatic,https://www.finn.no/car/used/ad.html?finnkode=341265480,2.4 D4 AWD
"38,720 EUR (449,990 NOK)",Jeep,Wrangler,"108,749 km",2017,Diesel,Suv,Gray,Hell,149 kW (203 HP),Automatic,https://www.finn.no/car/used/ad.html?finnkode=343879518,2.8 CRD
"42,937 EUR (499,000 NOK)",Audi,E-Tron,"49,000 km",2021,Electric,Suv,Black,Kolbotn,317 kW (431 HP),Automatic,https://www.finn.no/car/used/ad.html?finnkode=341752165,
"21,882 EUR (254,305 NOK)",Tesla,Model S,"110,300 km",2017,Electric,Sedan,Silver,Sarpsborg,314 kW (427 HP),Automatic,https://www.finn.no/car/used/ad.html?finnkode=343723996,electro
"7,735 EUR (89,900 NOK)",Subaru,Outback,"242,000 km",2010,Diesel,Crossover,Gray,Skjetten,111 kW (151 HP),Manual,https://www.finn.no/car/used/ad.html?finnkode=319297867,2.0 D
"799,800 EUR",Mercedes Benz,Gls-Class,"86,200 km",2017,Petrol,Suv,White,Hønefoss,436 kW (593 HP),Automatic,https://www.finn.no/car/used/ad.html?finnkode=345157732,63 AMG
"49,477 EUR (575,000 NOK)",Tesla,Model X,"139,500 km",2016,Electric,Suv,Black,Nesbru,575 kW (782 HP),Automatic,https://www.finn.no/car/used/ad.html?finnkode=336710746,electro
"18,500 EUR (214,999 NOK)",Bmw,3 Series,"214,000 km",2009,Diesel,Sedan,Black,Ski,202 kW (275 HP),Automatic,https://www.finn.no/car/used/ad.html?finnkode=339995016,
"18,844 EUR (219,000 NOK)",Mazda,Cx-5,"97,976 km",2014,Diesel,Crossover,Gray,Arendal,111 kW (151 HP),Automatic,https://www.finn.no/car/used/ad.html?finnkode=344663526,2.2 D
"30,917 EUR (359,305 NOK)",Bmw,X5,"259,000 km",2014,Diesel,Suv,Black,Notodden,192 kW (261 HP),Automatic,https://www.finn.no/car/used/ad.html?finnkode=343153210,xDrive30d
"5,149 EUR (59,845 NOK)",Volkswagen,Tiguan,"248,000 km",2009,Diesel,Crossover,Gray,Kolbotn,104 kW (141 HP),Automatic,https://www.finn.no/car/used/ad.html?finnkode=343450574,2.0 TDI 4Motion
"66,256 EUR (769,999 NOK)",Audi,E-Tron,"12,000 km",2022,Electric,Suv,White,Hønefoss,439 kW (597 HP),Automatic,https://www.finn.no/car/used/ad.html?finnkode=344958006,
"111,853 EUR (1,299,900 NOK)",Porsche,Taycan,"12,000 km",2023,Electric,Sedan,Black,Kristiansand,445 kW (605 HP),Automatic,https://www.finn.no/car/used/ad.html?finnkode=307045606,
"54,209 EUR (629,990 NOK)",Kia,Ev6,150 km,2023,Electric,Crossover,White,Elverum,242 kW (329 HP),Automatic,https://www.finn.no/car/used/ad.html?finnkode=344671485,GT 77 kWh
"4,216 EUR (49,000 NOK)",Nissan,Leaf,"105,900 km",2013,Electric,Hatchback,Black,Sandnes,81 kW (110 HP),Automatic,https://www.finn.no/car/used/ad.html?finnkode=344138800,
"8,114 EUR (94,305 NOK)",Mitsubishi,Asx,"153,840 km",2014,Petrol,Crossover,Silver,Kopervik,87 kW (118 HP),Manual,https://www.finn.no/car/used/ad.html?finnkode=340098711,1.6
"25,754 EUR (299,305 NOK)",Volkswagen,Tiguan,"144,511 km",2017,Diesel,Crossover,White,Mandal,111 kW (151 HP),Automatic,https://www.finn.no/car/used/ad.html?finnkode=344899924,2.0 TDI
"22,363 EUR (259,900 NOK)",Mazda,Cx-5,"95,700 km",2017,Diesel,Crossover,Blue,Porsgrunn,111 kW (151 HP),Automatic,https://www.finn.no/car/used/ad.html?finnkode=343265876,2.2 D
"68,795 EUR (799,500 NOK)",Land Rover,Range Rover Velar,"55,000 km",2018,Diesel,Suv,Gray,Kristiansand,284 kW (386 HP),Automatic,https://www.finn.no/car/used/ad.html?finnkode=293964411,3.0
"24,880 EUR (289,147 NOK)",Mazda,Cx-5,"82,482 km",2017,Petrol,Crossover,Black,Mandal,143 kW (194 HP),Automatic,https://www.finn.no/car/used/ad.html?finnkode=344696683,2.5
"6,875 EUR (79,900 NOK)",Hyundai,Ix20,"71,800 km",2013,Petrol,Hatchback,Silver,Rakkestad,67 kW (91 HP),Manual,https://www.finn.no/car/used/ad.html?finnkode=345231543,
"4,216 EUR (49,000 NOK)",Mitsubishi,I-Miev,"87,000 km",2013,Electric,Mini,White,Sola,35 kW (48 HP),Manual,https://www.finn.no/car/used/ad.html?finnkode=335036795,
"37,801 EUR (439,305 NOK)",Porsche,Cayenne,"149,500 km",2014,Diesel,Suv,Black,Sem,157 kW (214 HP),Automatic,https://www.finn.no/car/used/ad.html?finnkode=344783939,3.0 D
"3,872 EUR (45,000 NOK)",Ford,Focus,"153,500 km",2010,Diesel,Wagon,Blue,Fredrikstad,67 kW (91 HP),Manual,https://www.finn.no/car/used/ad.html?finnkode=243368508,1.6 TDCi
"51,627 EUR (599,990 NOK)",Kia,Ev6,"2,211 km",2023,Electric,Crossover,White,Elverum,242 kW (329 HP),Automatic,https://www.finn.no/car/used/ad.html?finnkode=344671909,GT 77 kWh
"34,333 EUR (399,000 NOK)",Porsche,Cayenne,"134,000 km",2014,Diesel,Suv,Black,Stavanger,157 kW (214 HP),Automatic,https://www.finn.no/car/used/ad.html?finnkode=342796975,3.0 D
"23,663 EUR (275,000 NOK)",Alpina,B7,"109,500 km",2004,Petrol,Sedan,Black,Haugesund,372 kW (506 HP),Automatic,https://www.finn.no/car/used/ad.html?finnkode=342990363,4.4
"6,883 EUR (79,995 NOK)",Toyota,Rav4,"204,000 km",2008,Diesel,Suv,Gray,Drammen,101 kW (137 HP),Manual,https://www.finn.no/car/used/ad.html?finnkode=344264635,2.2
"9,405 EUR (109,305 NOK)",Volvo,V60,"186,000 km",2014,Diesel,Wagon,White,Oslo,85 kW (116 HP),Manual,https://www.finn.no/car/used/ad.html?finnkode=344914962,1.6 D2
"55,070 EUR (640,000 NOK)",Porsche,Cayenne,"123,983 km",2014,Petrol,Suv,Black,Oslo,410 kW (558 HP),Automatic,https://www.finn.no/car/used/ad.html?finnkode=338683321,4.8
"30,891 EUR (359,000 NOK)",Saic,Marvel R,"4,000 km",2022,Electric,Crossover,Blue,Skien,133 kW (181 HP),Automatic,https://www.finn.no/car/used/ad.html?finnkode=344618421,electro
"11,100 EUR (129,000 NOK)",Volkswagen,Golf,"122,900 km",2014,Petrol,Wagon,Gray,Fredrikstad,104 kW (141 HP),Manual,https://www.finn.no/car/used/ad.html?finnkode=343867777,1.4 TSI
"21,503 EUR (249,900 NOK)",Nissan,Navara,"153,000 km",2016,Diesel,Pickup,Gray,Ski,141 kW (192 HP),Automatic,https://www.finn.no/car/used/ad.html?finnkode=345200633,2.3
"8,762 EUR (101,835 NOK)",Bmw,5 Series,"259,000 km",2011,Diesel,Wagon,White,Drammen,137 kW (186 HP),Automatic,https://www.finn.no/car/used/ad.html?finnkode=340215799,
