Price,Make,Model,Trim,Mi,Year,Fuel type,Body type,Color,City,Power,Transmission,Contact,Euro norm
"61,469 EUR",Porsche,Cayman,2.5,"66,920 km",2017,Petrol,Coupe,White,Constanţa,191 kW (260 HP),Automatic,https://www.leasingsh.ro/porsche-cayman-2017-POR42243.html,
"59,269 EUR",Mercedes Benz,Gls-Class,,"99,988 km",2018,Petrol,Suv,Gray,Constanţa,182 kW (248 HP),Automatic,https://www.leasingsh.ro/mercedes-benz-gls-400-2018-MER41796.html,
"48,269 EUR",Volvo,Xc90,2.0,"50,000 km",2018,Petrol,Suv,Black,Constanţa,170 kW (231 HP),Automatic,https://www.leasingsh.ro/volvo-xc-90-2018-VOL42245.html,
"14,890 EUR",Bmw,X3,,"209,462 km",2013,Diesel,Suv,White,Bistriţa,184 kW (250 HP),Automatic,https://cautimasina.ro/bmw-x3-2013-diesel-second-hand-info-65f4e1d1663265e341779213,5
"17,493 EUR",Volkswagen,T-Cross,1.0 tsi,"70,400 km",2021,Petrol,Crossover,Gray,Bucureşti,70 kW (95 HP),Automatic,https://www.anuntul.ro/anunt-autoturism-volkswagen-t-cross-BJneWx#NyJo9d%20,
"20,450 EUR",Bmw,X1,,"189,093 km",2017,Diesel,Suv,Black,Ploieşti,110 kW (150 HP),Automatic,https://www.anuntul.ro/anunt-autoturism-bmw-x1-kMb4qW#NyJo9d%20,
"6,795 EUR",Mazda,3,1.6,"163,000 km",2010,Petrol,Hatchback,Black,Cluj Napoca,77 kW (105 HP),Manual,https://www.anuntul.ro/anunt-autoturism-mazda-3-kMdvv1#NyJo9d%20,
"47,899 EUR",Volvo,Xc90,2.0,"68,500 km",2020,Diesel,Suv,Gray,Bucureşti,175 kW (238 HP),Automatic,https://www.leasingsh.ro/volvo-xc-90-2020-VOL51670.html,
"31,273 EUR",Bmw,2 Series,,"56,567 km",2020,Petrol,Convertible,Blue,Otopeni,135 kW (184 HP),Automatic,https://www.anuntul.ro/anunt-autoturism-bmw-seria-2-2kqmeZ#NyJo9d%20,
"68,010 EUR",Land Rover,Defender,2.0,"44,950 km",2020,Diesel,Suv,Silver,Constanţa,179 kW (243 HP),Automatic,https://www.leasingsh.ro/land-rover-defender-2020-LAN37755.html,
"51,741 EUR",Bmw,X3,xDrive20d,"45,735 km",2021,Diesel,Suv,Black,Otopeni,140 kW (190 HP),Automatic,https://www.anuntul.ro/anunt-autoturism-bmw-x3-eaDjEY#NyJo9d%20,
"19,500 EUR",Opel,Mokka,1.6,"22,300 km",2022,Diesel,Crossover,White,Bucureşti,82 kW (112 HP),Automatic,https://www.leasingsh.ro/opel-mokka-2022-OPE51679.html,
"9,950 EUR",Volkswagen,Tiguan,2.0,"168,419 km",2009,Diesel,Crossover,Gray,Bistriţa,140 kW (190 HP),Manual,https://cautimasina.ro/volkswagen-tiguan-2009-diesel-second-hand-info-65e331e5d3b470484d0828f6,
"63,879 EUR",Mercedes Benz,Glc-Class,300,"39,000 km",2020,Hybrid,Suv,Gray,Frasin,,Automatic,https://www.leasingsh.ro/mercedes-benz-glc-300-2020-MER31935.html,6
"49,990 EUR",Bmw,X3,,"34,900 km",2019,Diesel,Suv,White,Bucureşti,243 kW (330 HP),Automatic,https://www.leasingsh.ro/bmw-x3-2019-BMW34172.html,
"15,500 EUR",Opel,Astra,1.4,"24,000 km",2018,Petrol,Hatchback,Blue,Bucureşti,75 kW (102 HP),Manual,https://www.bestauto.ro/anunturi/auto-moto/masini-second-hand/opel/astra/anunt/opel-astra-k-24-000-km-reali/2ffgg5i329d076g3e747338e3g665d8g.html,6
"6,190 EUR",Nissan,Qashqai,1.6,"290,000 km",2009,Petrol,Crossover,Black,Ploieşti,116 kW (158 HP),Manual,https://cautimasina.ro/nissan-qashqai-2009-benzina-second-hand-info-65f4901e9f25b8719363820f,5
"62,129 EUR",Bmw,X5,,"95,460 km",2019,Petrol,Suv,Black,Constanţa,186 kW (253 HP),Automatic,https://www.leasingsh.ro/bmw-x5-2019-BMW40461.html,
"12,899 EUR",Renault,Captur,1.0,"44,700 km",2020,Petrol,Suv,Blue,Bucureşti,74 kW (101 HP),Automatic,https://www.leasingsh.ro/renault-captur-2020-REN51680.html,
"19,742 EUR",Audi,Q5,2.0,"287,881 km",2016,Diesel,Suv,Black,Bistriţa,141 kW (192 HP),Automatic,https://www.depozitauto.ro/autoturisme/audi.q5.bistrita-nasaud.2016.268037.html,6
"32,990 EUR",Mercedes Benz,Glc-Class,220d 4Matic,"95,240 km",2018,Diesel,Suv,Gray,Ploieşti,124 kW (169 HP),Automatic,https://www.anuntul.ro/anunt-autoturism-mercedes-benz-glc-2kn7J6#NyJo9d%20,
"19,900 EUR",Bmw,X5,30d,"236,181 km",2014,Diesel,Suv,White,Cluj Napoca,,Automatic,https://www.anuntul.ro/anunt-autoturism-bmw-x5-mjrRZ6#NyJo9d%20,
"11,390 EUR",Škoda,Octavia,1.0 tsi,"61,000 km",2017,Petrol,Sedan,,Bucureşti,84 kW (114 HP),Manual,https://www.anuntul.ro/anunt-autoturism-skoda-octavia-rmED8W#NyJo9d%20,
"21,899 EUR",Kia,Sportage,1.6 GDi,"97,400 km",2019,Petrol,Crossover,White,Braşov,101 kW (137 HP),Automatic,https://www.leasingsh.ro/kia-sportage-2019-KIA53153.html,
"26,490 EUR",Jeep,Grand Cherokee,3.0 crd,"112,000 km",2016,Diesel,Suv,,Oradea,184 kW (250 HP),Automatic,https://www.anuntul.ro/anunt-autoturism-jeep-grand-cherokee-rqwMwb#NyJo9d%20,
"3,399 EUR",Renault,Scenic,1.5 dCi,"239,313 km",2007,Diesel,Mpv,,Bucureşti,78 kW (106 HP),Manual,https://www.anuntul.ro/anunt-autoturism-renault-scenic-ea8dz2#NyJo9d%20,
"9,900 EUR",Nissan,Navara,2.5,"244,224 km",2014,Diesel,Pickup,White,Oradea,,Manual,https://www.anuntul.ro/anunt-autoturism-nissan-navara-rmjn3W#NyJo9d%20,
"8,500 EUR",Kia,Carens,1.7,"177,000 km",2015,Diesel,Mpv,,Iaşi,115 kW (156 HP),Manual,https://cautimasina.ro/kia-carens-2015-diesel-second-hand-info-65f8b913c96d443f565d71f8,5
"11,490 EUR",Mazda,Cx-5,2.2 D,"187,000 km",2012,Diesel,Crossover,,Bacău,110 kW (150 HP),Manual,https://www.anuntul.ro/anunt-autoturism-mazda-cx-5-zKzERm#NyJo9d%20,
"31,982 EUR",Hyundai,Tucson,1.6,"79,651 km",2021,Hybrid,Suv,Gray,Braşov,171 kW (233 HP),Automatic,https://www.leasingsh.ro/hyundai-tucson-2021-HYU53151.html,
"28,850 EUR",Renault,Arkana,1.3,"40,381 km",2021,Petrol,Crossover,Blue,Piteşti,104 kW (141 HP),Automatic,https://www.leasingsh.ro/renault-arkana-2021-REN34629.html,
"7,490 EUR",Seat,Leon,1.6,"241,000 km",2013,Diesel,Hatchback,,Bacău,77 kW (105 HP),Manual,https://www.anuntul.ro/anunt-autoturism-seat-leon-m3nwr2#NyJo9d%20,
"23,980 EUR",Bmw,X1,xDrive18d,"47,867 km",2019,Diesel,Suv,Blue,Bucureşti,111 kW (151 HP),Automatic,https://bavariaused.com/produs/bmw-x1-xdrive18d-147606/,6
"16,599 EUR",Volvo,Xc60,2.4 D5,"212,300 km",2013,Diesel,Crossover,,Cluj Napoca,158 kW (215 HP),Automatic,https://www.anuntul.ro/anunt-autoturism-volvo-xc60-2kLD4J#NyJo9d%20,
"5,990 EUR",Renault,Koleos,2.0 dCi,"193,000 km",2009,Diesel,Suv,,Târgu Mureş,110 kW (150 HP),Manual,https://www.anuntul.ro/anunt-autoturism-renault-koleos-2knz8q#NyJo9d%20,
"33,900 EUR",Lexus,Nx,2.5,"78,415 km",2018,Hybrid,Suv,Gray,Braşov,115 kW (156 HP),Automatic,https://www.leasingsh.ro/lexus-seria-nx-2018-LEX53156.html,
"6,100 EUR",Volkswagen,Golf,1.4,"152,000 km",2011,Petrol,Hatchback,Gray,Bucureşti,119 kW (162 HP),Manual,https://lajumate.ro/volkswagen-golf-vi-14-benzina-160-cp-152000-km-15493754.html,5
"14,990 EUR",Hyundai,Santa Fe,2.2 CRDi,"168,000 km",2013,Diesel,Suv,,Târgu Mureş,144 kW (196 HP),Automatic,https://www.anuntul.ro/anunt-autoturism-hyundai-santa-fe-zKkbjY#NyJo9d%20,
"40,000 EUR",Jeep,Wrangler,2.8 CRD,"4,874 km",2016,Diesel,Suv,Gray,Bucureşti,149 kW (203 HP),Automatic,https://www.leasingsh.ro/jeep-wrangler-2016-JEE51746.html,
"9,990 EUR",Toyota,Auris,2.0 D-4D,"228,000 km",2015,Diesel,Hatchback,,Bacău,91 kW (124 HP),Manual,https://www.anuntul.ro/anunt-autoturism-toyota-auris-VlVXRn#NyJo9d%20,
"13,790 EUR",Nissan,X-Trail,1.6,"217,000 km",2014,Diesel,Suv,,Ploieşti,131 kW (178 HP),Manual,https://lajumate.ro/nissan-x-trail-7locuri4x4-fab-102014-16-dci-131cp-euro-4-15518490.html,5
"15,500 EUR",Seat,Leon,2.0 TSI Cupra,"133,783 km",2014,Petrol,Hatchback,,Târgu Mureş,205 kW (279 HP),Automatic,https://www.anuntul.ro/anunt-autoturism-seat-leon-BqRM1r#NyJo9d%20,
"14,999 EUR",Ford,Kuga,2.0 TDCi,"173,922 km",2014,Diesel,Suv,,Bistriţa,163 kW (222 HP),Manual,https://cautimasina.ro/ford-kuga-2014-diesel-second-hand-info-65f90b2abcc5adcf2640944b,5
"27,999 EUR",Mercedes Benz,Glc-Class,,"149,960 km",2018,Diesel,Suv,,Piteşti,124 kW (169 HP),Automatic,https://www.anuntul.ro/anunt-autoturism-mercedes-benz-glc-kMb47P#NyJo9d%20,
"63,809 EUR",Bmw,X5,,"79,400 km",2019,Diesel,Suv,Blue,Bucureşti,197 kW (268 HP),Automatic,https://www.leasingsh.ro/bmw-x5-2019-BMW37616.html,
"257,420 EUR",Ferrari,Portofino M,3.9,"5,990 km",2020,Petrol,Convertible,,Bucureşti,441 kW (600 HP),Automatic,https://www.anuntul.ro/anunt-autoturism-ferrari-portofino-BqvEkZ#NyJo9d%20,
"12,320 EUR",Audi,A4,2.0 TDI,"223,311 km",2015,Diesel,Sedan,,Reşiţa,110 kW (150 HP),Manual,https://www.anuntul.ro/anunt-autoturism-audi-a4-Vl9Rj7#NyJo9d%20,
"14,500 EUR",Bmw,X3,,"197,171 km",2013,Diesel,Suv,,Cluj Napoca,230 kW (313 HP),Automatic,https://www.anuntul.ro/anunt-autoturism-bmw-x3-kMWLJz#NyJo9d%20,
"5,690 EUR",Ford,Focus,1.6,"290,000 km",2012,Diesel,Hatchback,Black,Ploieşti,86 kW (117 HP),Manual,https://lajumate.ro/ford-focus-mk316-diesel116cpeuro-5posibilitatea-ratebuyback-15518396.html,5
"8,200 EUR",Volvo,V60,2.4 D5 AWD,"230,537 km",2012,Diesel,Wagon,,Cluj Napoca,,Automatic,https://www.anuntul.ro/anunt-autoturism-volvo-v60-eaKoZy#NyJo9d%20,
"73,025 EUR",Bmw,7 Series,740d,"35,513 km",2023,Diesel,Sedan,Black,Arad,213 kW (290 HP),Automatic,https://bavariaused.com/produs/bmw-740d-duwrsg9jk2c2znjkwee9pq/,6
"54,537 EUR",Bmw,X3,M40d,"46,080 km",2023,Diesel,Suv,White,Arad,253 kW (344 HP),Automatic,https://bavariaused.com/produs/bmw-x3-m40d-duwrsg9jk2c2l0hmwee9pq/,6
"51,176 EUR",Bmw,X3,xDrive30d,"36,099 km",2023,Diesel,Suv,Blue,Arad,213 kW (290 HP),Automatic,https://bavariaused.com/produs/bmw-x3-xdrive30d-duwrsg9jk2c2dnjiwee9pq/,6
"43,613 EUR",Bmw,X3,xDrive20d,"15,320 km",2022,Diesel,Suv,Gray,Arad,141 kW (192 HP),Automatic,https://bavariaused.com/produs/bmw-x3-xdrive20d-duwrsg9jk2c2l0rjwee9pq/,6
"91,344 EUR",Bmw,M8,4.4,"25,901 km",2023,Petrol,Convertible,Black,Arad,466 kW (634 HP),Automatic,https://bavariaused.com/produs/bmw-m8-competition-cabrio-xdrive-duwrsg9jk2c2ugzmwee9pq/,6
"27,647 EUR",Bmw,X3,,"75,535 km",2021,Hybrid,Suv,Gray,Arad,217 kW (295 HP),Automatic,https://bavariaused.com/produs/bmw-x3-xdrive30e-duwrsg9jk2c3zlbjwee9pq/,6
"33,000 EUR",Cadillac,Ct6,3.0,"135,120 km",2016,Petrol,Sedan,,Bucureşti,306 kW (416 HP),Automatic,https://www.anuntul.ro/anunt-autoturism-cadillac-ct6-2knBNJ#NyJo9d%20,
"44,453 EUR",Bmw,M2,,"52,060 km",2021,Petrol,Coupe,Black,Arad,306 kW (416 HP),Automatic,https://bavariaused.com/produs/bmw-m2-competition-duwrsg9jk2c2l2zlwee9pq/,6
"33,327 EUR",Bmw,X1,,"25,160 km",2023,Petrol,Suv,White,Arad,101 kW (137 HP),Automatic,https://bavariaused.com/produs/bmw-x1-sdrive18i-duwrqw9jk2k2ufhawee9pq/,6
"66,798 EUR",Bmw,X7,,"72,637 km",2022,Diesel,Suv,Black,Arad,253 kW (344 HP),Automatic,https://bavariaused.com/produs/bmw-x7-xdrive40d-duwrsg9jk2c2dkhhwee9pq/,6
"24,285 EUR",Bmw,X1,,"52,203 km",2021,Hybrid,Suv,White,Arad,164 kW (223 HP),Automatic,https://bavariaused.com/produs/bmw-x1-xdrive25e-duwrsg9jk2c2znziwee9pq/,6
"62,941 EUR",Bmw,8 Series,M850i xDrive,"42,891 km",2023,Petrol,Coupe,White,Arad,395 kW (537 HP),Automatic,https://bavariaused.com/produs/bmw-m850i-xdrive-duwrsg9jk2c3uerrwee9pq/,6
"15,957 EUR",Mini,One,1.6,"27,296 km",2021,Petrol,Mini,Black,Arad,76 kW (103 HP),Manual,https://bavariaused.com/produs/mini-one-duwrsg9jk2c2dlrmwee9pq/,6
"17,990 EUR",Mazda,Cx-30,1.8,"188,000 km",2019,Diesel,Crossover,Black,Ploieşti,86 kW (117 HP),Automatic,https://carzz.ro/mazda-cx-30fab-102019euro518-diesel-116cp-posibilitate-rate-anunt_3407364.html,6
"12,600 EUR",Dacia,Duster,1.5 dCi,"156,330 km",2018,Diesel,Suv,,Cluj Napoca,,Manual,https://www.anuntul.ro/anunt-autoturism-dacia-duster-BqWk7Z#NyJo9d%20,
"14,000 EUR",Hyundai,Ix35,1.7,"228,592 km",2011,Diesel,Crossover,,Bucureşti,,Manual,https://www.anuntul.ro/anunt-autoturism-hyundai-ix35-ear23y#NyJo9d%20,
"26,999 EUR",Volkswagen,Passat,1.5,"27,600 km",2021,Petrol,Sedan,Gray,Constanţa,150 kW (204 HP),Automatic,https://cautimasina.ro/volkswagen-passat-2021-benzina-second-hand-info-65f4e26172d155a11ffb0456,6
"19,500 EUR",Land Rover,Discovery Sport,2.0,258 km,2017,Diesel,Suv,White,Bucureşti,111 kW (151 HP),Automatic,https://www.bestauto.ro/anunturi/auto-moto/masini-second-hand/land-rover/discovery-sport/anunt/land-rover-discovery-sport-2-0-l-td4-automatic-2017-57-258-km-1-999-cm3-diesel/g304f4ih7f2072h22787ffg677952979.html,6
"19,992 EUR",Nissan,X-Trail,1.6,"32,000 km",2016,Diesel,Suv,White,Bucureşti,97 kW (132 HP),Manual,https://www.bestauto.ro/anunturi/auto-moto/masini-second-hand/nissan/x-trail/anunt/ocazie-nissan-x-trail-1-6-cdi-2016-cu-motor-nou-32-000-km-inscris-in-civ-la-rar-si-ambreiaj-nou/8h5984g25dd27e4023d5df3297e37fhi.html,
"89,238 EUR",Porsche,Cayenne,4.0 Turbo,"94,744 km",2018,Petrol,Suv,,Bucureşti,404 kW (549 HP),Automatic,https://www.anuntul.ro/anunt-autoturism-porsche-cayenne-Zze8b1#NyJo9d%20,
"21,900 EUR",Škoda,Kodiaq,2.0,"209,000 km",2019,Diesel,Suv,,Oradea,139 kW (189 HP),Automatic,https://www.anuntul.ro/anunt-autoturism-skoda-kodiaq-xP49eW#NyJo9d%20,
"63,000 EUR",Ford,Tourneo Custom,2.0,"5,600 km",2019,Diesel,Van,Gray,Braşov,93 kW (126 HP),Automatic,https://www.bestauto.ro/anunturi/auto-moto/masini-second-hand/ford/tourneo-custom/anunt/autorulota-benimar-497-din-2019-5600-km-reali/g21g454eg45g7774d8208297631fi6i2.html,6
"62,941 EUR",Bmw,X6,xDrive30d,"25,360 km",2023,Diesel,Suv,White,Arad,213 kW (290 HP),Automatic,https://bavariaused.com/produs/bmw-x6-xdrive30d-duwrsg9jk2c3ufhzwee9pq/,6
"66,302 EUR",Bmw,X6,xDrive30d,"21,685 km",2023,Diesel,Suv,Black,Arad,213 kW (290 HP),Automatic,https://bavariaused.com/produs/bmw-x6-xdrive30d-duwrsg9jk2c3ufhrwee9pq/,6
"17,890 EUR",Audi,Q2,1.6,385 km,2019,Diesel,Crossover,Black,Oradea,86 kW (117 HP),Automatic,https://www.bestauto.ro/anunturi/auto-moto/masini-second-hand/audi/q2/anunt/audi-q2-2019-142-385-km-1598-cm3-diesel/0960g48h52h070h0213hd2hh37e37e19.html,6
"15,705 EUR",Mini,One,1.6,"55,857 km",2021,Petrol,Mini,White,Arad,76 kW (103 HP),Automatic,https://bavariaused.com/produs/mini-one-duwrsg9jk2c3uhjmwee9pq/,6
"60,873 EUR",Bmw,X5,xDrive40i,"37,384 km",2023,Petrol,Suv,Black,Arad,248 kW (337 HP),Automatic,https://bavariaused.com/produs/bmw-x5-xdrive40i-duwrsg9jk2c3ufbrwee9pq/,6
"66,378 EUR",Bmw,X5,M50i,"24,482 km",2023,Petrol,Suv,Black,Arad,395 kW (537 HP),Automatic,https://bavariaused.com/produs/bmw-x5-m50i-duwrsg9jk2c2l1hzwee9pq/,6
"61,260 EUR",Bmw,X5,xDrive40i,"23,073 km",2023,Petrol,Suv,Black,Arad,248 kW (337 HP),Automatic,https://bavariaused.com/produs/bmw-x5-xdrive40i-duwrsg9jk2c3uerjwee9pq/,6
"61,092 EUR",Bmw,X5,xDrive40i,"18,332 km",2023,Petrol,Suv,Black,Arad,248 kW (337 HP),Automatic,https://bavariaused.com/produs/bmw-x5-xdrive40i-duwrsg9jk2c3ufbmwee9pq/,6
"8,990 EUR",Volvo,S60,1.6,"202,373 km",2012,Petrol,Sedan,,Oradea,,Manual,https://www.anuntul.ro/anunt-autoturism-volvo-s60-eeVGv1#NyJo9d%20,
"34,999 EUR",Volvo,Xc90,2.0 D5 AWD,"95,000 km",2015,Diesel,Suv,,Iaşi,,Automatic,https://www.anuntul.ro/anunt-autoturism-volvo-xc90-mjrlkD#NyJo9d%20,
"8,999 EUR",Dacia,Duster,1.5 dCi,"237,000 km",2015,Diesel,Suv,,Bucureşti,,Manual,https://www.anuntul.ro/anunt-autoturism-dacia-duster-m3b0G0#NyJo9d%20,
"14,490 EUR",Dacia,Duster,1.5 dCi,"155,193 km",2018,Diesel,Suv,Blue,Constanţa,81 kW (110 HP),,https://www.leasingsh.ro/dacia-duster-2018-DAC52357.html,
"114,980 EUR",Bmw,M3,3.0 cs,239 km,2023,Petrol,Coupe,,Băneasa,410 kW (558 HP),Automatic,https://bavariaused.com/produs/bmw-m3-cs-177991/,6
"56,180 EUR",Bmw,8 Series,840d xDrive,"44,594 km",2019,Diesel,Coupe,,Băneasa,238 kW (324 HP),Automatic,https://bavariaused.com/produs/bmw-840d-xdrive-gran-coupe-134544/,6
"17,500 EUR",Hyundai,Tucson,2.0,"123,000 km",2018,Diesel,Suv,,Bucureşti,100 kW (136 HP),Manual,https://www.anuntul.ro/anunt-autoturism-hyundai-tucson-zMLXWV#NyJo9d%20,
"10,989 EUR",Peugeot,2008,1.5,"69,500 km",2019,Diesel,Crossover,White,Constanţa,76 kW (103 HP),,https://www.leasingsh.ro/peugeot-2008-2019-PEU51623.html,
"5,700 EUR",Volkswagen,Golf,1.2,"188,000 km",2012,Petrol,Hatchback,,Bucureşti,,Manual,https://www.anuntul.ro/anunt-autoturism-volkswagen-golf-Ve7mBk#NyJo9d%20,
"3,500 EUR",Hyundai,Accent,1.4,"115,000 km",2007,Petrol,Hatchback,,Timişoara,97 kW (132 HP),Manual,https://cautimasina.ro/hyundai-accent-2007-benzina-second-hand-info-65b2191ab1b22d0105a5efce,4
"29,900 EUR",Ford,Mustang,5.0 GT,"100,000 km",2015,Petrol,Coupe,,Sibiu,,Automatic,https://www.anuntul.ro/anunt-autoturism-ford-mustang-BqRbvk#NyJo9d%20,
"21,900 EUR",Dacia,Duster,1.5 dCi,"5,393 km",2022,Diesel,Suv,,Satu Mare,,Manual,https://www.anuntul.ro/anunt-autoturism-dacia-duster-2kOnrx#NyJo9d%20,
"23,890 EUR",Volkswagen,T-Cross,1.0 tsi,"22,400 km",2022,Petrol,Crossover,,Cluj Napoca,,Automatic,https://www.anuntul.ro/anunt-autoturism-volkswagen-t-cross-ZzVeO3#NyJo9d%20,
"82,980 EUR",Bmw,X6m,,"59,458 km",2021,Petrol,Suv,,Băneasa,447 kW (608 HP),Automatic,https://bavariaused.com/produs/bmw-x6-m-competition-154250/,6
"26,000 EUR",Škoda,Kodiaq,1.5,"87,680 km",2019,Petrol,Suv,,Galaţi,110 kW (150 HP),Automatic,https://www.anuntul.ro/anunt-autoturism-skoda-kodiaq-ZzVejl#NyJo9d%20,
"24,580 EUR",Bmw,1 Series,118i,"4,000 km",2023,Petrol,Coupe,,Băneasa,104 kW (141 HP),Automatic,https://bavariaused.com/produs/bmw-118i-187779/,6
"58,202 EUR",Land Rover,Range Rover Sport,3.0,"88,750 km",2017,Diesel,Suv,,Bucureşti,,Automatic,https://www.anuntul.ro/anunt-autoturism-land-rover-range-rover-sport-Vl29l7#NyJo9d%20,
"14,750 EUR",Dacia,Duster,1.5 dCi,"150,105 km",2019,Diesel,Suv,Gray,Bucureşti,85 kW (116 HP),,https://www.leasingsh.ro/dacia-duster-2019-DAC52864.html,
"24,000 EUR",Volkswagen,Touareg,3.0 TDI V6,"174,200 km",2015,,Suv,Gray,Vaslui,195 kW (265 HP),Automatic,https://anunturi-auto.4tuning.ro/masini-second/vw/touareg/anunt-88661422.html,6
"14,450 EUR",Renault,Kadjar,1.5,"159,304 km",2017,Diesel,Suv,Gray,Bucureşti,82 kW (112 HP),,https://www.leasingsh.ro/renault-kadjar-2017-REN51804.html,
"29,569 EUR",Land Rover,Discovery,2.0,"92,671 km",2019,,Suv,Black,Constanţa,98 kW (133 HP),Automatic,https://www.leasingsh.ro/land-rover-discovery-2019-LAN42360.html,
"49,358 EUR",Audi,Q5,2.0,"64,420 km",2021,,Suv,Black,Constanţa,111 kW (151 HP),Automatic,https://www.leasingsh.ro/audi-q5-2021-AUD42476.html,
"88,080 EUR",Bmw,M8,4.4,"14,948 km",2022,Petrol,Coupe,,Băneasa,447 kW (608 HP),Automatic,https://bavariaused.com/produs/bmw-m8-competition-164702/,6
"19,000 EUR",Jeep,Cherokee,2.2,"100,000 km",2016,Diesel,Suv,,Bucureşti,147 kW (200 HP),Automatic,https://www.anuntul.ro/anunt-autoturism-jeep-cherokee-ZzVeZ6#NyJo9d%20,
"10,350 EUR",Bmw,X1,,"230,000 km",2013,,Suv,Gold,Iaşi,106 kW (144 HP),Manual,https://anunturi-auto.4tuning.ro/masini-second/bmw/x1/bmw-x1-euro-5-2013-88280839.html,5
"10,950 EUR",Renault,Captur,1.5 dCi,"117,283 km",2015,Diesel,Suv,Gray,Constanţa,67 kW (91 HP),,https://www.leasingsh.ro/renault-captur-2015-REN53357.html,
"13,950 EUR",Dacia,Duster,1.5 dCi,"157,572 km",2019,Diesel,Suv,Blue,Constanţa,81 kW (110 HP),,https://www.leasingsh.ro/dacia-duster-2019-DAC52866.html,
"14,750 EUR",Dacia,Duster,1.5 dCi,"133,378 km",2019,Diesel,Suv,Blue,Roman,81 kW (110 HP),,https://www.leasingsh.ro/dacia-duster-2019-DAC52867.html,
"14,250 EUR",Dacia,Duster,1.5 dCi,"119,641 km",2019,Diesel,Suv,Blue,Constanţa,82 kW (112 HP),,https://www.leasingsh.ro/dacia-duster-2019-DAC52876.html,
"15,250 EUR",Dacia,Duster,1.5 dCi,"104,805 km",2019,Diesel,Suv,Blue,Bucureşti,82 kW (112 HP),,https://www.leasingsh.ro/dacia-duster-2019-DAC52878.html,
"8,490 EUR",Volkswagen,Touran,2.0,"290,000 km",2012,Diesel,Mpv,,Ploieşti,104 kW (141 HP),Manual,https://lajumate.ro/volkswagen-touran-dsg-7-locuri-20-diesel-140-cp-euro-5-15518311.html,5
"20,450 EUR",Peugeot,5008,1.5,"125,333 km",2019,Diesel,Mpv,White,Constanţa,96 kW (131 HP),,https://www.leasingsh.ro/peugeot-5008-2019-PEU51795.html,
"14,750 EUR",Dacia,Duster,1.5 dCi,"115,198 km",2020,Diesel,Suv,Gray,Bucureşti,85 kW (116 HP),,https://www.leasingsh.ro/dacia-duster-2020-DAC53204.html,
"83,235 EUR",Ineos,Grenadier,3.0,"24,714 km",2023,Diesel,Suv,,Timişoara,185 kW (252 HP),Automatic,https://bavariaused.com/produs/ineos-grenadier-190453/,6
"80,639 EUR",Ineos,Grenadier,3.0,"6,400 km",2023,Diesel,Suv,,Sibiu,185 kW (252 HP),Automatic,https://bavariaused.com/produs/ineos-grenadier-190611/,6
"79,962 EUR",Ineos,Grenadier,3.0,"5,250 km",2023,Diesel,Suv,,Otopeni,185 kW (252 HP),Automatic,https://bavariaused.com/produs/ineos-grenadier-190614/,6
"81,340 EUR",Ineos,Grenadier,3.0,"5,100 km",2023,Petrol,Suv,,Braşov,213 kW (290 HP),Automatic,https://bavariaused.com/produs/ineos-grenadier-189201/,6
"10,890 EUR",Opel,Mokka,1.6,"118,000 km",2018,Diesel,Crossover,Black,Bucureşti,136 kW (185 HP),Manual,https://cautimasina.ro/opel-mokka-2018-diesel-second-hand-info-65dba6d4ce014d10e352af87,6
"57,980 EUR",Bmw,8 Series,M850i xDrive,"52,190 km",2021,Petrol,Coupe,,Timişoara,395 kW (537 HP),Automatic,https://bavariaused.com/produs/bmw-m850i-xdrive-gran-coupe-165620/,6
"9,750 EUR",Dacia,Sandero,1.5 dCi,"35,805 km",2020,Diesel,Hatchback,Blue,Roman,55 kW (75 HP),,https://www.leasingsh.ro/dacia-sandero-2020-DAC52456.html,
"34,990 EUR",Audi,Q7,3.0 TDI,"170,000 km",2015,Diesel,Suv,,Ploieşti,202 kW (275 HP),Automatic,https://lajumate.ro/audi-q7-3xsline-matrix-30-tdi-272-cpeuro-6posibilitate-buyback-15430831.html,6
"10,289 EUR",Citroen,C3 Aircross,1.6,"146,992 km",2019,Diesel,Suv,White,Constanţa,74 kW (101 HP),,https://www.leasingsh.ro/citroen-c3-aircross-2019-CIT53509.html,
"9,850 EUR",Bmw,X1,,"238,000 km",2013,Diesel,Suv,Beige,Iaşi,143 kW (194 HP),Manual,https://cautimasina.ro/bmw-x1-2013-diesel-second-hand-info-65f4dd9872d155a11ffb03a6,5
"15,250 EUR",Dacia,Duster,1.5 dCi,"136,053 km",2019,Diesel,Suv,Blue,Constanţa,81 kW (110 HP),,https://www.leasingsh.ro/dacia-duster-2019-DAC52868.html,
"27,899 EUR",Škoda,Kodiaq,2.0 2.0,"86,965 km",2018,Diesel,Suv,Gray,Iaşi,111 kW (151 HP),,https://www.leasingsh.ro/skoda-kodiaq-2018-SKO51651.html,
"44,349 EUR",Mercedes Benz,C-Class,,"34,314 km",2019,Petrol,,Gray,Constanţa,100 kW (136 HP),Automatic,https://www.leasingsh.ro/mercedes-benz-c-200-2019-MER42233.html,
"30,229 EUR",Mercedes Benz,C-Class,250,"85,034 km",2017,Petrol,,Gray,Constanţa,115 kW (156 HP),Automatic,https://www.leasingsh.ro/mercedes-benz-c-250-2017-MER41815.html,
"80,000 EUR",Bmw,I8,,"49,999 km",2018,Hybrid,Coupe,,Bucureşti,266 kW (362 HP),Automatic,https://www.anuntul.ro/anunt-autoturism-bmw-i8-rqxY0K#NyJo9d%20,
"56,500 EUR",Audi,A7,,"98,000 km",2019,Hybrid,Sedan,,Bucureşti,210 kW (286 HP),Automatic,https://www.anuntul.ro/anunt-autoturism-audi-a7-2kmlMl#NyJo9d%20,
"5,950 EUR",Opel,Adam,1.4,332 km,2014,Petrol,Mini,,Oradea,64 kW (87 HP),Manual,https://www.bestauto.ro/anunturi/auto-moto/masini-second-hand/opel/adam/anunt/opel-adam-1-4-glam-2014-140-332-km-1-398-cm3-benzina/1ff1f4if75g978071e1i9e45734g94i5.html,5
"25,500 EUR",Mercedes Benz,Gla-Class,180,"8,550 km",2019,Petrol,Suv,Black,Otopeni,122 kW (166 HP),Automatic,https://lajumate.ro/mercedes-benz-gla-180-15528386.html,6
"42,500 EUR",Bmw,X3,D,"121,000 km",2019,Diesel,Suv,,Bucureşti,169 kW (230 HP),Automatic,https://www.anuntul.ro/anunt-autoturism-bmw-x3-ZzqGz1#NyJo9d%20,
"5,699 EUR",Citroen,C5,2.0 HDi,"217,234 km",2010,Diesel,,Gray,Bucureşti,103 kW (140 HP),Manual,https://www.anuntul.ro/anunt-autoturism-citroen-c5-mjdn9D#NyJo9d%20,
"14,650 EUR",Škoda,Karoq,1.6 TDI,"198,000 km",2019,Diesel,Suv,Black,Bucureşti,116 kW (158 HP),Automatic,https://cautimasina.ro/skoda-karoq-2019-diesel-second-hand-info-65dba6d1ce014d10e352af81,6
"10,489 EUR",Opel,Astra,1.6,"99,804 km",2020,Diesel,,Blue,Constanţa,90 kW (122 HP),Manual,https://www.leasingsh.ro/opel-astra-2020-OPE52783.html,
"6,150 EUR",Volkswagen,Touran,1.6,"194,000 km",2011,,Mpv,Black,Bucureşti,78 kW (106 HP),Manual,https://anunturi-auto.4tuning.ro/masini-second/vw/touran/anunt-88835687.html,5
"5,299 EUR",Mazda,6,2.0,"263,005 km",2008,Diesel,,Black,Cluj Napoca,102 kW (139 HP),Manual,https://www.anuntul.ro/anunt-autoturism-mazda-6-x7vLmB#NyJo9d%20,
"12,750 EUR",Škoda,Octavia,1.0 tsi,"191,409 km",2020,Petrol,,Black,Ploieşti,85 kW (116 HP),Manual,https://www.anuntul.ro/anunt-autoturism-skoda-octavia-eeVqKY#NyJo9d%20,
"8,250 EUR",Škoda,Octavia,1.6 TDI,"325,000 km",2013,Diesel,,Beige,Săcele,78 kW (106 HP),Manual,https://carzz.ro/skoda-octavia-iii-16-tdi-business-anunt_3417291.html,5
"4,590 EUR",Škoda,Roomster,1.6,"165,000 km",2013,,Mpv,Black,Bucureşti,78 kW (106 HP),Manual,https://anunturi-auto.4tuning.ro/masini-second/skoda/roomster/anunt-88835682.html,5
"22,969 EUR",Volkswagen,Caddy,2.0,"125,000 km",2019,,Pickup,White,Constanţa,82 kW (112 HP),Automatic,https://www.leasingsh.ro/volkswagen-caddy-2019-VOL40540.html,
"16,499 EUR",Bmw,5 Series,,"227,300 km",2016,Diesel,,Black,Piteşti,139 kW (189 HP),Automatic,https://www.anuntul.ro/anunt-autoturism-bmw-seria-5-mjQ6xG#NyJo9d%20,
"29,999 EUR",Audi,A5,2.0,"139,300 km",2019,Diesel,,White,Piteşti,139 kW (189 HP),Automatic,https://www.anuntul.ro/anunt-autoturism-audi-a5-VljOW7#NyJo9d%20,
"82,940 EUR",Porsche,Cayenne,3.0,"19,000 km",2020,Hybrid,Suv,White,,344 kW (468 HP),Automatic,https://www.leasingsh.ro/porsche-cayenne-2020-POR37570.html,
"81,001 EUR",Bmw,X4,,"34,579 km",2020,Petrol,Suv,Gray,,279 kW (379 HP),Automatic,https://www.leasingsh.ro/bmw-x4-2020-BMW40471.html,
"49,950 EUR",Volvo,Xc60,2.0,"96,010 km",2018,Petrol,Crossover,Black,,231 kW (314 HP),Automatic,https://www.leasingsh.ro/volvo-xc60-2018-VOL34742.html,
"14,780 EUR",Hyundai,Kona,1.0,"79,000 km",2020,Petrol,Crossover,Green,,89 kW (121 HP),Manual,https://www.leasingsh.ro/hyundai-kona-2020-HYU53818.html,6
"24,990 EUR",Audi,Q5,2.0,"139,000 km",2018,Diesel,Suv,Gray,,141 kW (192 HP),Automatic,https://www.leasingsh.ro/audi-q5-2018-AUD52730.html,
"9,163 EUR",Citroen,C-Elysee,1.2,"71,600 km",2019,Petrol,Sedan,Gray,,61 kW (83 HP),Manual,https://www.leasingsh.ro/citroen-c-elysee-2019-CIT30556.html,6
"16,898 EUR",Jeep,Compass,1.6,"110,800 km",2018,Diesel,Crossover,White,,89 kW (121 HP),Automatic,https://www.leasingsh.ro/jeep-compass-2018-JEE51677.html,
"29,166 EUR",Volkswagen,Tiguan,2.0,"100,000 km",2019,Petrol,Crossover,Silver,,104 kW (141 HP),Automatic,https://www.leasingsh.ro/volkswagen-tiguan-2019-VOL40608.html,
"15,269 EUR",Smart,Forfour,0.9,"67,256 km",2019,Petrol,Hatchback,Silver,,49 kW (67 HP),Automatic,https://www.leasingsh.ro/smart-forfour-2019-SMA42391.html,
"22,900 EUR",Jeep,Compass,1.4,"73,489 km",2019,Petrol,Crossover,Gray,,170 kW (231 HP),Automatic,https://cautimasina.ro/jeep-compass-2019-benzina-second-hand-info-65f4935d89821b9753605700,
"16,289 EUR",Toyota,Rav4,2.0,"163,000 km",2018,Diesel,Suv,Gray,,143 kW (194 HP),Manual,https://cautimasina.ro/toyota-rav-4-2018-diesel-second-hand-info-65ed4f83d552b0dc72eb55d1,
"36,900 EUR",Volvo,Xc60,2.0,"75,974 km",2020,Hybrid,Crossover,White,,320 kW (435 HP),Automatic,https://cautimasina.ro/volvo-xc60-2020-hibrid-second-hand-info-65f49c3a89821b9753606132,
"59,321 EUR",Lexus,Rx,,"87,350 km",2021,Hybrid,Suv,Green,,262 kW (356 HP),Automatic,https://cautimasina.ro/lexus-rx-2021-hibrid-second-hand-info-65e8c2f9776cf52ec5db7369,
"38,913 EUR",Bmw,X6,,"150,000 km",2018,Diesel,Suv,White,Bucureşti,258 kW (351 HP),Automatic,https://cautimasina.ro/bmw-x6-2018-diesel-second-hand-info-65ee144fd552b0dc72eb981f,
"64,769 EUR",Audi,S6,3.0,"80,000 km",2021,Diesel,,White,Constanţa,188 kW (256 HP),Automatic,https://www.leasingsh.ro/audi-s6-2021-AUD42367.html,
"24,714 EUR",Kia,Pro Ceed,1.4,"59,000 km",2020,Petrol,,Silver,Constanţa,76 kW (103 HP),Manual,https://www.leasingsh.ro/kia-proceed-2020-KIA42255.html,
"36,450 EUR",Renault,Koleos,2.0 dCi,"3,709 km",2022,Diesel,Suv,Black,,141 kW (192 HP),Automatic,https://www.leasingsh.ro/renault-koleos-2022-REN56223.html,6
"51,488 EUR",Bmw,X5,,"46,000 km",2020,Petrol,Suv,Black,,253 kW (344 HP),Automatic,https://www.leasingsh.ro/bmw-x5-2020-BMW55473.html,6
"84,950 EUR",Mercedes Benz,Gle-Class,,"109,238 km",2020,Hybrid,Suv,Blue,,324 kW (441 HP),Automatic,https://www.leasingsh.ro/mercedes-benz-coupe-2020-MER54885.html,6
"32,899 EUR",Audi,Q5,2.0,"87,556 km",2019,Petrol,Suv,Black,,182 kW (248 HP),Automatic,https://www.leasingsh.ro/audi-q5-2019-AUD54069.html,6
"74,987 EUR",Bmw,7 Series,745Le,"36,900 km",2022,Hybrid,Sedan,Gray,,213 kW (290 HP),Automatic,https://www.leasingsh.ro/bmw-745le-2022-BMW54153.html,6
"6,500 EUR",Ford,Transit,,"360,000 km",2010,Diesel,Van,Green,Buzău,,Manual,https://www.anuntul.ro/anunt-autoturism-ford-transit-Zz7vE0#NyJo9d%20,
"36,479 EUR",Audi,Q7,3.0,"135,940 km",2018,Diesel,Suv,Black,,202 kW (275 HP),Automatic,https://www.leasingsh.ro/audi-q7-2018-AUD55732.html,
"82,900 EUR",Mercedes Benz,Gle-Class,,"44,574 km",2020,Petrol,Suv,Black,,324 kW (441 HP),Automatic,https://www.leasingsh.ro/mercedes-benz-gle-53-amg-2020-MER54958.html,6
"32,498 EUR",Lexus,Nx,,"63,777 km",2019,Hybrid,Suv,Black,,115 kW (156 HP),Automatic,https://www.leasingsh.ro/lexus-seria-nx-2019-LEX55256.html,6
"113,050 EUR",Mercedes Benz,Gls-Class,,"22,000 km",2023,Diesel,Suv,Gray,,246 kW (335 HP),Automatic,https://www.leasingsh.ro/mercedes-benz-gls-400-2023-MER54792.html,6
"20,950 EUR",Kia,Sportage,1.6 GDi,"84,000 km",2018,Petrol,Crossover,Gray,,101 kW (137 HP),Automatic,https://www.leasingsh.ro/kia-sportage-2018-KIA55467.html,6
"20,900 EUR",Kia,Sportage,1.6 GDi,"60,300 km",2018,Petrol,Crossover,Black,,131 kW (178 HP),Automatic,https://www.leasingsh.ro/kia-sportage-2018-KIA51678.html,
"54,954 EUR",Bmw,7 Series,730Ld,"76,900 km",2020,Diesel,Sedan,Black,,197 kW (268 HP),Automatic,https://www.leasingsh.ro/bmw-730ld-2020-BMW54832.html,6
"11,489 EUR",Dacia,Lodgy,1.5 dCi,"177,591 km",2019,Diesel,Mpv,White,,85 kW (116 HP),Manual,https://www.leasingsh.ro/dacia-lodgy-2019-DAC53051.html,
"65,899 EUR",Bmw,7 Series,750i,"97,300 km",2019,Petrol,Sedan,Black,,395 kW (537 HP),Automatic,https://www.leasingsh.ro/bmw-750i-2019-BMW54807.html,6
"166,588 EUR",Mercedes Benz,G-Class,500,"21,000 km",2022,Petrol,Suv,Gray,,314 kW (427 HP),Automatic,https://www.leasingsh.ro/mercedes-benz-g-500-2022-MER55683.html,6
"51,950 EUR",Bmw,X5,,"138,000 km",2019,Petrol,Suv,White,,253 kW (344 HP),Automatic,https://www.leasingsh.ro/bmw-x5-2019-BMW55475.html,6
"165,999 EUR",Mercedes Benz,G-Class,,"21,461 km",2023,Diesel,Suv,Gray,,246 kW (335 HP),Automatic,https://www.leasingsh.ro/mercedes-benz-g-400-2023-MER54564.html,6
"18,683 EUR",Renault,Espace,2.0,"167,000 km",2019,Diesel,Mpv,Beige,,119 kW (162 HP),Automatic,https://www.leasingsh.ro/renault-espace-2019-REN53580.html,6
"218,841 EUR",Bentley,Flying Spur,4.0,"3,509 km",2023,Petrol,Sedan,Black,,410 kW (558 HP),Automatic,https://www.leasingsh.ro/bentley-flying-spur-2023-BEN54921.html,6
"29,990 EUR",Volkswagen,Tiguan,2.0,"83,821 km",2019,Diesel,Crossover,Gray,,141 kW (192 HP),Automatic,https://www.leasingsh.ro/volkswagen-tiguan-2019-VOL56231.html,6
"36,890 EUR",Mercedes Benz,Gle-Class,350,"132,995 km",2018,Diesel,Suv,Black,,192 kW (261 HP),Automatic,https://www.leasingsh.ro/mercedes-benz-gle-350-2018-MER56189.html,6
"34,899 EUR",Bmw,X4,,"122,000 km",2018,Petrol,Suv,Blue,,137 kW (186 HP),Automatic,https://www.leasingsh.ro/bmw-x4-2018-BMW56183.html,6
"6,650 EUR",Ford,Focus,1.0 EcoBoost,"178,000 km",2016,Petrol,,White,Bucureşti,93 kW (126 HP),Manual,https://lajumate.ro/ford-focus-10-ecoboost-125-cp-2016-euro-6-178676-km-15498439.html,6
"47,588 EUR",Mercedes Benz,Eqc,,"24,000 km",2020,Electric,Suv,White,,304 kW (413 HP),Automatic,https://www.leasingsh.ro/mercedes-benz-eqc-2020-MER55704.html,6
"32,900 EUR",Ford,Ranger,2.0,"68,406 km",2020,Diesel,Pickup,Orange,,158 kW (215 HP),Automatic,https://www.leasingsh.ro/ford-ranger-2020-FOR55616.html,6
"29,990 EUR",Renault,Koleos,2.0 dCi,"101,582 km",2021,Diesel,Suv,Blue,,141 kW (192 HP),Automatic,https://www.leasingsh.ro/renault-koleos-2021-REN56232.html,6
"19,990 EUR",Toyota,C-Hr,1.8,"92,349 km",2019,Hybrid,Suv,Gray,,73 kW (99 HP),Automatic,https://www.leasingsh.ro/toyota-c-hr-2019-TOY53671.html,6
"39,899 EUR",Bmw,7 Series,,"92,557 km",2016,Diesel,Sedan,Blue,,238 kW (324 HP),Automatic,https://www.leasingsh.ro/bmw-740-2016-BMW34744.html,
"261,800 EUR",Mercedes Benz,G-Class,63 AMG,36 km,2024,Petrol,Suv,Black,,436 kW (593 HP),Automatic,https://www.leasingsh.ro/mercedes-benz-g-63-amg-2024-MER54809.html,6
"49,950 EUR",Mercedes Benz,Cls-Class,,"98,150 km",2019,Petrol,Sedan,Black,,273 kW (371 HP),Automatic,https://www.leasingsh.ro/mercedes-benz-cls-450-2019-MER55899.html,6
"49,990 EUR",Ssangyong,Rexton,2.2,1 km,2023,Diesel,Suv,White,Ploieşti,,Automatic,https://www.anuntul.ro/anunt-autoturism-ssangyong-korrando-eaX7Jy#NyJo9d%20,
"22,253 EUR",Peugeot,508,2.0,"143,000 km",2019,Diesel,Sedan,Gray,,121 kW (165 HP),Automatic,https://www.leasingsh.ro/peugeot-508-2019-PEU53577.html,6
"31,439 EUR",Bmw,1 Series,,"40,000 km",2021,Petrol,Hatchback,White,,97 kW (132 HP),Automatic,https://www.leasingsh.ro/bmw-120-2021-BMW40660.html,
"27,349 EUR",Ford,Ranger,3.2,"115,000 km",2019,Diesel,Pickup,Gray,,149 kW (203 HP),Automatic,https://www.leasingsh.ro/ford-ranger-2019-FOR54464.html,
"78,999 EUR",Jeep,Gladiator,3.0,"32,787 km",2021,Diesel,Pickup,Blue,Bucureşti,264 kW (359 HP),Automatic,https://cautimasina.ro/jeep-gladiator-2021-diesel-second-hand-info-65f8e3a4b92e6c0bb527c872,6
"14,490 EUR",Dacia,Duster,1.6,"79,825 km",2019,Petrol,Suv,White,Bucureşti,114 kW (155 HP),Manual,https://cautimasina.ro/dacia-duster-2019-benzina-second-hand-info-65e8d334776cf52ec5db84c0,
"14,990 EUR",Dacia,Duster,1.6,"62,978 km",2019,Petrol,Suv,White,Bucureşti,114 kW (155 HP),Manual,https://cautimasina.ro/dacia-duster-2019-benzina-second-hand-info-65e46b57b2a504ea5ede842d,
"20,890 EUR",Peugeot,3008,1.5,"103,835 km",2019,Diesel,Crossover,Blue,Bucureşti,130 kW (177 HP),Automatic,https://cautimasina.ro/peugeot-3008-2019-diesel-second-hand-info-65e4479fb2a504ea5ede6eeb,
"30,900 EUR",Volvo,Xc60,2.0,"109,648 km",2019,Diesel,Crossover,Blue,,190 kW (258 HP),Automatic,https://cautimasina.ro/volvo-xc60-2019-diesel-second-hand-info-65f4982c89821b9753605c89,
"70,268 EUR",Mercedes Benz,S-Class,450,"95,212 km",2018,Petrol,,Silver,Constanţa,201 kW (273 HP),Automatic,https://www.leasingsh.ro/mercedes-benz-s-450-2018-MER42182.html,
"16,450 EUR",Ford,Kuga,2.0 TDCi,"95,000 km",2018,Diesel,Suv,Blue,Otopeni,150 kW (204 HP),Automatic,https://cautimasina.ro/ford-kuga-2018-diesel-second-hand-info-65f49fdc89821b9753606564,6
"29,899 EUR",Lexus,Nx,,"111,079 km",2018,Hybrid,Suv,Gray,,155 kW (211 HP),Automatic,https://cautimasina.ro/lexus-nx-2018-hibrid-second-hand-info-65f4867889821b9753604e55,
"56,999 EUR",Bmw,M4,3.0 DKG,"42,000 km",2020,Petrol,Convertible,Yellow,Otopeni,335 kW (456 HP),Automatic,https://carzz.ro/bmw-m4-cabrio-dkg-competition-anunt_3412125.html,6
"14,690 EUR",Ford,Ecosport,1.0,"95,459 km",2020,Petrol,Suv,Gray,,93 kW (126 HP),Automatic,https://www.anuntul.ro/anunt-autoturism-ford-ecosport-Z0DLW6#NyJo9d%20,
"22,900 EUR",Bmw,X1,,"133,500 km",2018,Diesel,Suv,White,,190 kW (258 HP),Automatic,https://cautimasina.ro/bmw-x1-2018-diesel-second-hand-info-65e8cb4e776cf52ec5db7c3b,
"89,899 EUR",Mercedes Benz,Gls-Class,,"77,600 km",2021,Diesel,Suv,Black,,330 kW (449 HP),Automatic,https://cautimasina.ro/mercedes-benz-gls-2021-diesel-second-hand-info-65ee1144d552b0dc72eb9516,
"60,499 EUR",Bmw,X5,,"86,973 km",2019,Diesel,Suv,White,,265 kW (360 HP),Automatic,https://cautimasina.ro/bmw-x5-2019-diesel-second-hand-info-65f4917c89821b97536054f5,
"13,000 EUR",Toyota,Auris,1.8 Hybrid,"148,011 km",2016,Hybrid,Hatchback,Gray,Râmnicu Vâlcea,99 kW (135 HP),Automatic,https://cautimasina.ro/toyota-auris-2016-hibrid-second-hand-info-65ee1257d552b0dc72eb95f1,
"43,000 EUR",Bmw,X3,,"69,000 km",2021,Hybrid,Suv,Black,,184 kW (250 HP),Automatic,https://cautimasina.ro/bmw-x3-2021-hibrid-second-hand-info-65ee1423d552b0dc72eb97f5,
"47,900 EUR",Mercedes Benz,Glc-Class,300,"14,557 km",2021,Electric,Suv,Blue,,194 kW (264 HP),Automatic,https://cautimasina.ro/mercedes-benz-glc-2021-altul-second-hand-info-65e315bb24c314cc11efb23d,
"62,949 EUR",Porsche,Cayenne,2.9 s,"137,000 km",2019,Petrol,Suv,Blue,Otopeni,440 kW (598 HP),Automatic,https://carzz.ro/porsche-cayenne-s-tiptronic-s-anunt_3417102.html,6
"15,500 EUR",Renault,Talisman,1.6,"149,901 km",2017,Diesel,Sedan,White,Râmnicu Vâlcea,119 kW (162 HP),Automatic,https://www.anuntul.ro/anunt-autoturism-renault-talisman-26w2mZ#NyJo9d%20,
"23,000 EUR",Volkswagen,Tiguan,2.0,"44,900 km",2021,Diesel,Crossover,Gray,,150 kW (204 HP),Automatic,https://cautimasina.ro/volkswagen-tiguan-2021-diesel-second-hand-info-65e03b11df5f293b5af9ea36,
"37,990 EUR",Bmw,X3,,"88,241 km",2020,Diesel,Suv,Black,,141 kW (192 HP),Automatic,https://www.anuntul.ro/anunt-autoturism-bmw-x3-26v2kD#NyJo9d%20,
"12,449 EUR",Renault,Clio,1.5 dCi,"41,550 km",2020,Diesel,,White,Constanţa,63 kW (86 HP),Manual,https://www.leasingsh.ro/renault-clio-2020-REN52481.html,
"35,990 EUR",Bmw,X4,,"77,312 km",2019,Diesel,Suv,Black,Bucureşti,190 kW (258 HP),Automatic,https://www.anuntul.ro/anunt-autoturism-bmw-x4-m3OJ4x#NyJo9d%20,
"27,500 EUR",Audi,Q3,1.5,"50,000 km",2019,Petrol,Crossover,Gray,,150 kW (204 HP),Automatic,https://cautimasina.ro/audi-q3-2019-benzina-second-hand-info-65f4a26a89821b9753606881,
"22,454 EUR",Toyota,C-Hr,1.8,"62,000 km",2022,Hybrid,Suv,White,Otopeni,90 kW (122 HP),Automatic,https://carzz.ro/toyota-c-hr-18-hsd-122-cp-4x2-cvt-core-anunt_3419316.html,6
"40,341 EUR",Mercedes Benz,Glb-Class,,"37,000 km",2020,Diesel,Suv,Black,Arad,150 kW (204 HP),Automatic,https://cautimasina.ro/mercedes-benz-glb-2020-diesel-second-hand-info-65f4a32589821b975360696b,
"14,690 EUR",Hyundai,Kona,1.0,"61,956 km",2020,Petrol,Crossover,Blue,,89 kW (121 HP),Manual,https://www.anuntul.ro/anunt-autoturism-hyundai-kona-zM3VqM#NyJo9d%20,
"13,790 EUR",Dacia,Duster,1.6,"100,088 km",2019,Petrol,Suv,Gray,Bucureşti,114 kW (155 HP),Manual,https://cautimasina.ro/dacia-duster-2019-benzina-second-hand-info-65df94494daf2c9b8a6ec963,
"14,990 EUR",Renault,Megane,1.5,"130,807 km",2018,Diesel,,White,Constanţa,82 kW (112 HP),Automatic,https://www.leasingsh.ro/renault-megane-2018-REN53522.html,
"27,790 EUR",Bmw,X1,,"59,682 km",2021,Diesel,Suv,Black,,111 kW (151 HP),Automatic,https://www.anuntul.ro/anunt-autoturism-bmw-x1-m3v1lR#NyJo9d%20,
"26,418 EUR",Renault,Arkana,1.6,"66,000 km",2022,Hybrid,Crossover,Blue,Bucureşti,70 kW (95 HP),Automatic,https://www.anuntul.ro/anunt-autoturism-renault-arkana-xPjw8e#NyJo9d%20,
"31,773 EUR",Hyundai,Santa Fe,2.2 CRDi,"54,000 km",2019,Diesel,Suv,Gray,Bucureşti,200 kW (272 HP),Automatic,https://cautimasina.ro/hyundai-santa-fe-2019-diesel-second-hand-info-65e032cfdf5f293b5af9e289,
"24,990 EUR",Hyundai,Tucson,1.6 GDi,"131,158 km",2021,Petrol,Suv,Gray,,180 kW (245 HP),Automatic,https://cautimasina.ro/hyundai-tucson-2021-benzina-second-hand-info-65e8cd25776cf52ec5db7e2d,
"34,690 EUR",Bmw,X4,,"140,016 km",2019,Diesel,Suv,Black,Bucureşti,190 kW (258 HP),Automatic,https://www.anuntul.ro/anunt-autoturism-bmw-x4-Z0DjeG#NyJo9d%20,
"129,900 EUR",Porsche,911,3.0,"45,500 km",2020,Petrol,Coupe,Gray,,450 kW (612 HP),Automatic,https://cautimasina.ro/porsche-911-2020-benzina-second-hand-info-65ee126bd552b0dc72eb9613,
"32,368 EUR",Ford,Edge,2.0,"62,000 km",2019,Diesel,Suv,Gray,Bucureşti,238 kW (324 HP),Automatic,https://cautimasina.ro/ford-edge-2019-diesel-second-hand-info-65e3125124c314cc11efae27,
"64,950 EUR",Bmw,X7,,"85,226 km",2020,Petrol,Suv,Black,,340 kW (462 HP),Automatic,https://cautimasina.ro/bmw-x7-2020-benzina-second-hand-info-65f47f8e89821b97536049fe,
"23,500 EUR",Ford,Kuga,2.5,"48,697 km",2020,Hybrid,Suv,Gray,,152 kW (207 HP),Automatic,https://cautimasina.ro/ford-kuga-2020-hibrid-second-hand-info-65f4a4be89821b9753606b36,
"13,900 EUR",Peugeot,508,2.0,"194,000 km",2017,Diesel,Sedan,Black,Bragadiru,132 kW (180 HP),Automatic,https://www.anuntul.ro/anunt-autoturism-peugeot-508-ZzmYl6#NyJo9d%20,
"20,199 EUR",Škoda,Kamiq,1.0 tsi,"32,700 km",2022,Petrol,Suv,Blue,Otopeni,82 kW (112 HP),Automatic,https://carzz.ro/skoda-kamiq-10-tsi-dsg-style-anunt_3415195.html,6
"18,088 EUR",Hyundai,Ioniq,1.6,"133,000 km",2019,Hybrid,Sedan,Black,Bucureşti,105 kW (143 HP),Automatic,https://cautimasina.ro/hyundai-ioniq-2019-altul-second-hand-info-65e3123124c314cc11efae10,
"29,393 EUR",Bmw,X3,,"154,000 km",2019,Diesel,Suv,Gray,Bucureşti,190 kW (258 HP),Automatic,https://cautimasina.ro/bmw-x3-2019-diesel-second-hand-info-65e03c93df5f293b5af9ebbd,
"23,890 EUR",Bmw,X1,,"47,947 km",2019,Diesel,Suv,Black,,111 kW (151 HP),Automatic,https://www.anuntul.ro/anunt-autoturism-bmw-x1-eeRv0y#NyJo9d%20,
"29,490 EUR",Bmw,X1,,"39,022 km",2019,Diesel,Suv,Gray,Bucureşti,190 kW (258 HP),Automatic,https://cautimasina.ro/bmw-x1-2019-diesel-second-hand-info-65e30fa724c314cc11efab32,
"19,850 EUR",Nissan,Qashqai,1.5,"71,589 km",2021,Petrol,Crossover,White,,157 kW (214 HP),Automatic,https://cautimasina.ro/nissan-qashqai-2021-benzina-second-hand-info-65e037dadf5f293b5af9e71a,
"55,573 EUR",Bmw,X5,,"129,000 km",2020,Diesel,Suv,Gray,Bucureşti,265 kW (360 HP),Automatic,https://cautimasina.ro/bmw-x5-2020-diesel-second-hand-info-65ee0fbcd552b0dc72eb939d,
"27,000 EUR",Volvo,Xc90,2.0,"176,663 km",2017,Diesel,Suv,Black,Râmnicu Vâlcea,175 kW (238 HP),Automatic,https://www.anuntul.ro/anunt-autoturism-volvo-xc90-m3vVex#NyJo9d%20,
"72,000 EUR",Land Rover,Defender,3.0,"31,000 km",2021,Petrol,Suv,Blue,Braşov,400 kW (544 HP),Automatic,https://cautimasina.ro/land-rover-defender-2021-benzina-second-hand-info-65e03d6ddf5f293b5af9ec5a,
"15,400 EUR",Škoda,Kamiq,1.0 tsi,"53,117 km",2021,Petrol,Suv,Blue,,95 kW (129 HP),Manual,https://cautimasina.ro/skoda-kamiq-2021-benzina-second-hand-info-65e3143324c314cc11efb071,
"42,899 EUR",Volvo,Xc90,2.0,"123,719 km",2019,Hybrid,Suv,Gray,Bucureşti,303 kW (412 HP),Automatic,https://cautimasina.ro/volvo-xc90-2019-hibrid-second-hand-info-65f8e3a6b92e6c0bb527c874,6
"25,900 EUR",Audi,Q3,2.0,"103,059 km",2019,Diesel,Crossover,Gray,,150 kW (204 HP),Automatic,https://cautimasina.ro/audi-q3-2019-diesel-second-hand-info-65ed554fd552b0dc72eb5c6f,
"23,901 EUR",Volkswagen,Passat,2.0,"126,210 km",2017,Diesel,,Gray,Iaşi,111 kW (151 HP),Manual,https://www.leasingsh.ro/volkswagen-passat-2017-VOL51646.html,
"29,000 EUR",Ford,Ranger,3.2,"84,944 km",2018,Diesel,Pickup,Orange,,200 kW (272 HP),Automatic,https://cautimasina.ro/ford-ranger-2018-diesel-second-hand-info-65f4a5ea89821b9753606c93,
"108,900 EUR",Mercedes Benz,G-Class,500,"109,326 km",2018,Petrol,Suv,Gray,,314 kW (427 HP),Automatic,https://www.leasingsh.ro/mercedes-benz-g-500-2018-MER55576.html,6
"46,069 EUR",Tesla,Model X,electro,"125,000 km",2017,Electric,Crossover,Gray,,287 kW (390 HP),Automatic,https://www.leasingsh.ro/tesla-model-x-2017-TES42477.html,
"17,800 EUR",Ssangyong,Tivoli,1.5,"64,365 km",2019,Petrol,Crossover,White,,121 kW (165 HP),Manual,https://www.leasingsh.ro/ssangyong-tivoli-2019-SSA55913.html,6
"24,500 EUR",Volvo,Xc60,2.0,"199,040 km",2018,Diesel,Crossover,Black,,141 kW (192 HP),Automatic,https://www.leasingsh.ro/volvo-xc-60-2018-VOL53542.html,6
"56,498 EUR",Ford,Mustang Mach-E,,"8,000 km",2022,Electric,Crossover,Gray,,261 kW (355 HP),Automatic,https://www.leasingsh.ro/ford-mustang-mach-e-2022-FOR53968.html,6
"17,989 EUR",Volvo,V60,2.0,"222,800 km",2018,Diesel,Wagon,Blue,,141 kW (192 HP),Automatic,https://www.leasingsh.ro/volvo-v60-2018-VOL55479.html,6
"49,989 EUR",Tesla,Model Y,electro,"2,182 km",2022,Electric,Suv,Black,,383 kW (521 HP),Automatic,https://www.leasingsh.ro/tesla-model-y-2022-TES54981.html,6
"38,900 EUR",Volvo,Xc60,2.0,"53,000 km",2022,Petrol,Crossover,White,,186 kW (253 HP),Automatic,https://www.leasingsh.ro/volvo-xc-60-2022-VOL55879.html,6
"39,900 EUR",Volvo,Xc60,2.0,"40,043 km",2022,Petrol,Crossover,Blue,,186 kW (253 HP),Automatic,https://www.leasingsh.ro/volvo-xc-60-2022-VOL55598.html,
"94,010 EUR",Audi,A8,3.0 TDI,"22,610 km",2022,Diesel,Sedan,Black,,212 kW (288 HP),Automatic,https://www.leasingsh.ro/audi-a8-2022-AUD55775.html,
"57,949 EUR",Bmw,M4,3.0,"46,000 km",2021,Petrol,Coupe,Blue,,278 kW (378 HP),Automatic,https://www.leasingsh.ro/bmw-m4-2021-BMW54482.html,6
"85,000 EUR",Bmw,M4,3.0,"27,000 km",2021,Petrol,Coupe,Green,,380 kW (517 HP),Automatic,https://www.leasingsh.ro/bmw-m4-2021-BMW54959.html,
"25,450 EUR",Bmw,X2,,"119,000 km",2019,Diesel,Suv,Blue,,141 kW (192 HP),Automatic,https://www.leasingsh.ro/bmw-x2-2019-BMW54468.html,6
"22,250 EUR",Dacia,Jogger,1.6,"26,101 km",2022,Hybrid,Suv,Gray,,104 kW (141 HP),Automatic,https://www.leasingsh.ro/dacia-jogger-2022-DAC56233.html,6
"211,701 EUR",Mercedes Benz,Gls-Class,,10 km,2024,Petrol,Suv,Black,,415 kW (564 HP),Automatic,https://www.leasingsh.ro/mercedes-benz-gls-maybach-2024-MER54930.html,6
"27,499 EUR",Renault,Koleos,2.0 dCi,"44,424 km",2020,Diesel,Suv,Black,,141 kW (192 HP),Automatic,https://www.leasingsh.ro/renault-koleos-2020-REN53551.html,6
"19,724 EUR",Hyundai,Ioniq,1.6,"41,934 km",2019,Hybrid,Sedan,White,,78 kW (106 HP),Automatic,https://www.leasingsh.ro/hyundai-ioniq-2019-HYU53915.html,6
"49,990 EUR",Bmw,X5,,"75,000 km",2020,Diesel,Suv,Black,,172 kW (234 HP),Automatic,https://www.leasingsh.ro/bmw-x5-2020-BMW53847.html,6
"67,990 EUR",Bmw,X5,,"43,080 km",2020,Diesel,Suv,Gray,,197 kW (268 HP),Automatic,https://www.leasingsh.ro/bmw-x5-2020-BMW53731.html,6
"63,903 EUR",Land Rover,Range Rover Sport,3.0,"39,790 km",2020,Diesel,Suv,Gray,,228 kW (310 HP),Automatic,https://www.leasingsh.ro/land-rover-range-rover-sport-2020-LAN55310.html,6
"65,331 EUR",Land Rover,Range Rover Sport,2.0,"33,000 km",2020,Petrol,Suv,Gray,,223 kW (303 HP),Automatic,https://www.leasingsh.ro/land-rover-range-rover-sport-2020-LAN55680.html,6
"95,188 EUR",Mercedes Benz,Gle-Class,400,"50,000 km",2022,Diesel,Suv,Black,,246 kW (335 HP),Automatic,https://www.leasingsh.ro/mercedes-benz-400-coupe-2022-MER55668.html,6
"83,300 EUR",Mercedes Benz,Gle-Class,400,"38,500 km",2022,Diesel,Suv,Gray,,246 kW (335 HP),Automatic,https://www.leasingsh.ro/mercedes-benz-400-coupe-2022-MER54192.html,6
"87,949 EUR",Mercedes Benz,Gle-Class,400,"36,501 km",2022,Diesel,Suv,Black,,246 kW (335 HP),Automatic,https://www.leasingsh.ro/mercedes-benz-gle-400-2022-MER54241.html,6
"151,130 EUR",Mercedes Benz,Gle-Class,63 AMG,"17,000 km",2021,Petrol,Suv,White,,456 kW (620 HP),Automatic,https://www.leasingsh.ro/mercedes-benz-gle-63-amg-2021-MER55667.html,6
"36,464 EUR",Lexus,Nx,,"56,494 km",2020,Hybrid,Suv,Gray,,143 kW (194 HP),Automatic,https://www.leasingsh.ro/lexus-seria-nx-2020-LEX53784.html,6
"184,000 EUR",Mercedes Benz,G-Class,63 AMG,"10,000 km",2019,Petrol,Suv,Black,,436 kW (593 HP),Automatic,https://www.leasingsh.ro/mercedes-benz-g-63-amg-2019-MER54970.html,
"13,760 EUR",Fiat,500,1.0,"7,100 km",2023,Petrol,Mini,Gray,,52 kW (71 HP),Manual,https://www.leasingsh.ro/fiat-500-2023-FIA53773.html,6
"53,400 EUR",Alfa Romeo,Stelvio,2.9,"66,588 km",2019,Petrol,Crossover,Black,,380 kW (517 HP),Automatic,https://www.leasingsh.ro/alfa-romeo-stelvio-2019-ALF54536.html,6
"16,999 EUR",Volkswagen,T-Cross,1.0,"45,000 km",2019,Petrol,Crossover,White,,85 kW (116 HP),Automatic,https://www.leasingsh.ro/volkswagen-t-cross-2019-VOL56041.html,6
"26,490 EUR",Toyota,Rav4,2.5,"164,335 km",2019,Hybrid,Suv,White,,132 kW (180 HP),Automatic,https://www.leasingsh.ro/toyota-rav4-2019-TOY53730.html,6
"31,900 EUR",Toyota,Rav4,2.5,"134,469 km",2019,Hybrid,Suv,Blue,,115 kW (156 HP),Automatic,https://www.leasingsh.ro/toyota-rav4-2019-TOY55275.html,6
"46,000 EUR",Mercedes Benz,C-Class,43 AMG,"68,800 km",2018,Petrol,Coupe,Black,,290 kW (394 HP),Automatic,https://www.leasingsh.ro/mercedes-benz-c-43-amg-2018-MER54199.html,6
"49,968 EUR",Mercedes Benz,Glb-Class,200,"7,500 km",2022,Petrol,Suv,Black,,121 kW (165 HP),Automatic,https://www.leasingsh.ro/mercedes-benz-glb-200-2022-MER55693.html,6
"82,990 EUR",Bmw,7 Series,740Ld,"56,000 km",2022,Diesel,Sedan,Gray,,253 kW (344 HP),Automatic,https://www.leasingsh.ro/bmw-740ld-2022-BMW56169.html,6
"36,900 EUR",Volkswagen,Touareg,3.0 TDI,"96,468 km",2019,Diesel,Suv,Black,,172 kW (234 HP),Automatic,https://www.leasingsh.ro/volkswagen-touareg-2019-VOL55362.html,6
"46,500 EUR",Volkswagen,Touareg,3.0 TDI,"81,000 km",2019,Diesel,Suv,White,,213 kW (290 HP),Automatic,https://www.leasingsh.ro/volkswagen-touareg-2019-VOL56079.html,6
"44,799 EUR",Volkswagen,Touareg,3.0 TDI,"56,371 km",2019,Diesel,Suv,Black,,213 kW (290 HP),Automatic,https://www.leasingsh.ro/volkswagen-touareg-2019-VOL53983.html,6
"90,900 EUR",Mercedes Benz,Gle-Class,,"81,677 km",2021,Petrol,Suv,White,,324 kW (441 HP),Automatic,https://www.leasingsh.ro/mercedes-benz-53-amg-coupe-2021-MER55604.html,6
"29,999 EUR",Volvo,S60,2.0,"51,756 km",2020,Petrol,Sedan,Black,,141 kW (192 HP),Automatic,https://www.leasingsh.ro/volvo-s60-2020-VOL53547.html,6
"24,498 EUR",Bmw,X1,,"107,687 km",2018,Diesel,Suv,White,,111 kW (151 HP),Automatic,https://www.leasingsh.ro/bmw-x1-2018-BMW55018.html,6
"26,899 EUR",Audi,S5,3.0,"200,000 km",2018,Petrol,Coupe,Blue,,263 kW (358 HP),Automatic,https://www.leasingsh.ro/audi-s5-2018-AUD54962.html,
"56,786 EUR",Mercedes Benz,Glc-Class,300,"16,529 km",2022,Diesel,Suv,Black,,182 kW (248 HP),Automatic,https://www.leasingsh.ro/mercedes-benz-glc-300-2022-MER54211.html,6
"56,900 EUR",Mercedes Benz,Glc-Class,200,"15,723 km",2022,Petrol,Suv,Black,,152 kW (207 HP),Automatic,https://www.leasingsh.ro/mercedes-benz-glc-200-2022-MER55590.html,6
"69,299 EUR",Mercedes Benz,Glc-Class,200,"14,000 km",2022,Petrol,Suv,Gray,,152 kW (207 HP),Automatic,https://www.leasingsh.ro/mercedes-benz-glc-200-2022-MER55665.html,6
"28,203 EUR",Mercedes Benz,Glc-Class,,"142,000 km",2018,Diesel,Suv,Black,,152 kW (207 HP),Automatic,https://www.leasingsh.ro/mercedes-benz-glc-250-2018-MER53867.html,6
"59,440 EUR",Lexus,Rx,,"28,500 km",2022,Hybrid,Suv,Gray,,195 kW (265 HP),Automatic,https://www.leasingsh.ro/lexus-seria-rx-2022-LEX54797.html,6
"44,090 EUR",Bmw,X4,,"77,787 km",2020,Petrol,Suv,Gray,,187 kW (254 HP),Automatic,https://www.leasingsh.ro/bmw-x4-2020-BMW53728.html,6
"12,198 EUR",Hyundai,I20,1.2,"74,637 km",2020,Petrol,Hatchback,White,,62 kW (84 HP),Manual,https://www.leasingsh.ro/hyundai-i20-2020-HYU55012.html,6
"115,900 EUR",Mercedes Benz,Gls-Class,63 AMG,"44,652 km",2021,Petrol,Suv,Black,,456 kW (620 HP),Automatic,https://www.leasingsh.ro/mercedes-benz-gls-63-amg-2021-MER55614.html,6
"57,120 EUR",Jeep,Grand Cherokee,6.4 SRT8,"32,000 km",2018,Petrol,Suv,Black,,348 kW (473 HP),Automatic,https://www.leasingsh.ro/jeep-grand-cherokee-2018-JEE52840.html,
"48,950 EUR",Bmw,X5,,"82,052 km",2019,Hybrid,Suv,Black,,213 kW (290 HP),Automatic,https://www.leasingsh.ro/bmw-x5-2019-BMW54490.html,6
"44,999 EUR",Land Rover,Range Rover Sport,3.0,"99,800 km",2019,Diesel,Suv,Black,,228 kW (310 HP),Automatic,https://www.leasingsh.ro/land-rover-range-rover-sport-2019-LAN53563.html,6
"11,000 EUR",Toyota,Auris,1.8,"259,206 km",2016,Hybrid,Hatchback,Black,,73 kW (99 HP),Automatic,https://www.leasingsh.ro/toyota-auris-2016-TOY53557.html,6
