Price,Make,Model,Trim,Mi,Year,Fuel type,Body type,Color,City,Power,Transmission,Contact
"699,000 EUR",Volvo,Xc90,2.0,"37,420 km",2022,Diesel,Suv,Silver,Svarta,173 kW (235 HP),Semi Automatic,https://www.bytbil.com/jamtlands-lan/personbil-xc90-r-design-pro-ed-b5-235-hk-awd-bw-se-spec-moms-5031-17528745
"33,194 EUR (379,000 SEK)",Bmw,X6,xDrive30d,"100,000 km",2015,Diesel,Suv,Black,Eskilstuna,190 kW (258 HP),Automatic,https://www.blocket.se/annons/1001042692
"9,187 EUR (104,900 SEK)",Mercedes Benz,C-Class,,"193,000 km",2024,Diesel,Sedan,Silver,Karlstad,200 kW (272 HP),Automatic,https://www.bytbil.com/varmlands-lan/personbil-c-350-7g-avantgarde-pano-harman-kardon-gps-drag-9574-17335444
"46,332 EUR (529,000 SEK)",Bmw,X6,xDrive40d,"92,250 km",2024,Diesel,Suv,Black,Kungsbacka,230 kW (313 HP),Automatic,https://www.bytbil.com/hallands-lan/personbil-x6-xdrive40d-m-sport-innovation-ed-bo-drag-varmare-8210-17599270
"389,900 EUR",Bmw,5 Series,530e,"37,990 km",2023,Hybrid,Sedan,Black,Svarta,135 kW (184 HP),Automatic,https://www.bytbil.com/stockholms-lan/personbil-530e-iperformance-m-sport-pano-h-k-b-kamera-navi-252hk-11518-17444254
"849,900 EUR",Bmw,X5,,"28,000 km",2024,Hybrid,Suv,Blue,Knivsta,210 kW (286 HP),Automatic,https://www.bytbil.com/stockholms-lan/personbil-x5-xdrive45e-iperformance-m-sport-superdeal-6-95-394hk-100537-17483512
"559,900 EUR",Audi,Rs7,4.0 TFSI V8,"110,000 km",2015,Petrol,Sedan,White,Landvetter,412 kW (560 HP),Automatic,https://www.bytbil.com/vastra-gotalands-lan/personbil-rs7-4-0-tfsi-v8-quattro-taklucka-bo-hud-se-spec-7869-17518150
"48,084 EUR (549,000 SEK)",Bmw,7 Series,740d,"57,000 km",2018,Diesel,Sedan,Black,Vallentuna,235 kW (320 HP),Automatic,https://www.bytbil.com/stockholms-lan/personbil-740-d-xdrive-limousine-m-sport-laser-hud-h-k-pano-se-utr-9042-17590009
"10,939 EUR (124,900 SEK)",Nissan,Qashqai,1.6,"189,760 km",2014,Diesel,Crossover,White,Kalmar,96 kW (131 HP),Automatic,https://www.bytbil.com/kalmar-lan/personbil-qashqai-1-6-dci-130hk-xtronic-cvt-panorama-360-8570-17514165
"9,625 EUR (109,900 SEK)",Volvo,V70,2.5 D5,"276,000 km",2012,Diesel,Wagon,Silver,Karlstad,160 kW (218 HP),Automatic,https://bilweb.se/varmlands-lan/volvo-v70-d5-geartronic-momentum-ocean-race-euro5-voc-2012-kombi-10666568
"46,411 EUR (529,900 SEK)",Audi,Sq5,3.0 TDI,"96,010 km",2019,Diesel,Suv,Black,Falun,255 kW (347 HP),Automatic,https://www.blocket.se/annons/1001014375
"21,432 EUR (244,700 SEK)",Volkswagen,Golf,2.0 R,"121,000 km",2014,Petrol,Sedan,Silver,Bro,221 kW (301 HP),Automatic,https://www.blocket.se/annons/1001075572
"34,508 EUR (394,000 SEK)",Lexus,Rx,450h,"98,490 km",2017,Hybrid,Suv,Black,Stockholm,233 kW (317 HP),Automatic,https://www.blocket.se/annons/1001055390
"64,287 EUR (734,000 SEK)",Bmw,M5,4.4,"68,350 km",2019,Petrol,Sedan,Gold,Sigtuna,441 kW (600 HP),Automatic,https://www.blocket.se/annons/1000541494
"50,782 EUR (579,800 SEK)",Mercedes Benz,Gla-Class,45 AMG,"22,190 km",2021,Diesel,Crossover,Black,Stockholm,313 kW (426 HP),Automatic,https://www.blocket.se/annons/1000184373
"61,222 EUR (699,000 SEK)",Audi,Q8,3.0 50 TDI,"121,500 km",2019,Diesel,Suv,Black,Stockholm,210 kW (286 HP),Automatic,https://www.bytbil.com/stockholms-lan/personbil-q8-50-tdi-286hk-q-s-line-moms-pano-bo-360-soft-8553-17467109
"374,900 EUR",Volvo,Xc60,2.0 T8 AWD,230 km,2024,Hybrid,Crossover,White,Karlstad,235 kW (320 HP),Automatic,https://www.bytbil.com/varmlands-lan/personbil-xc60-t8-twen-awd-r-design-bw-360k-pano-drag-hud-22-9574-17560481
"164,900 EUR",Volvo,V60,2.4 D4 AWD,"166,000 km",1986,Diesel,Wagon,White,Uppsala,140 kW (190 HP),Automatic,https://www.bytbil.com/uppsala-lan/personbil-v60-d4-awd-summum-be-pro-navi-h-k-voc-102182-17603927
"10,501 EUR (119,900 SEK)",Volvo,V40 Cross Country,1.6,"210,000 km",2015,Diesel,Wagon,Black,Kinna,84 kW (114 HP),Manual,https://www.bytbil.com/vastra-gotalands-lan/personbil-v40-cross-country-d2-momentum-ocean-race-gps-panorama-102461-17611640
"32,397 EUR (369,900 SEK)",Mercedes Benz,Gle-Class,,"141,800 km",2016,Diesel,Suv,Black,Halmstad,190 kW (258 HP),Automatic,https://www.bytbil.com/hallands-lan/personbil-gle-350-d-4matic-amg-9g-tronic-h-k-drag-servad-100313-17608504
"369,900 EUR",Bmw,5 Series,530e,"74,890 km",2023,Hybrid,Sedan,White,Uppsala,135 kW (184 HP),Automatic,https://www.bytbil.com/uppsala-lan/personbil-530e-iperformance-steptronic-m-sport-252hk-navi-se-spec-7032-16721453
"13,566 EUR (154,900 SEK)",Volvo,V70,2.4,"149,850 km",2012,Diesel,Wagon,White,Växjö,158 kW (215 HP),Automatic,https://www.bytbil.com/kronobergs-lan/personbil-v70-d5-summum-geartronic-215hk-6-99-7784-17568891
"17,946 EUR (204,900 SEK)",Bmw,X6,xDrive40d,"213,660 km",2013,Diesel,Suv,Black,Svarta,225 kW (306 HP),Automatic,https://www.bytbil.com/stockholms-lan/personbil-x6-xdrive40d-steptronic-taklucka-bluetooth-gps-m-sport-10823-17297593
"6,998 EUR (79,900 SEK)",Lexus,Gs,300,"245,000 km",2005,Petrol,Sedan,Silver,Helsingborg,183 kW (249 HP),Automatic,https://www.bytbil.com/skane-lan/personbil-gs-300-3-0-v6-nybes-gps-backkamera-executive-mm-9663-17597792
"63,035 EUR (719,700 SEK)",Porsche,Cayenne,3.0 E-Hybrid,"74,080 km",2019,Hybrid,Suv,Black,Sollentuna,250 kW (340 HP),Automatic,https://www.bytbil.com/stockholms-lan/personbil-cayenne-e-hybrid-pasm-sport-chrono-navi-carplay-s-plus-v-hjul-3427-17610728
"629,900 EUR",Audi,Q7,3.0 tfsi,"34,900 km",2023,Hybrid,Suv,Black,Are,250 kW (340 HP),Automatic,https://www.bytbil.com/stockholms-lan/personbil-q7-55-tfsi-e-q-navi-cockpit-lader-drag-luftfjadr-matrix-11518-17394640
"7,436 EUR (84,900 SEK)",Volvo,S40,2.0,"228,500 km",2011,Diesel,Sedan,White,Stockholm,110 kW (150 HP),Automatic,https://www.bytbil.com/stockholms-lan/personbil-s40-d3-automat-150hk-classic-980kr-man-taklucka-10447-17571429
"12,691 EUR (144,900 SEK)",Volkswagen,Touareg,3.0 TDI V6,"240,000 km",2011,Diesel,Suv,Black,Halmstad,180 kW (245 HP),Automatic,https://www.bytbil.com/hallands-lan/personbil-touareg-3-0-v6-tdi-4motion-premium-panorama-1892-17502219
"549,900 EUR",Volvo,Xc60,2.0 Recharge T6,"62,000 km",2024,Hybrid,Crossover,White,Stockholm,186 kW (253 HP),Automatic,https://www.bytbil.com/stockholms-lan/personbil-xc60-recharge-t6-awd-r-design-pano-drag-navi-hk-voc-100311-17467851
"6,043 EUR (69,000 SEK)",Volkswagen,Polo,1.1,"180,010 km",2024,Petrol,Hatchback,White,Uppsala,63 kW (86 HP),Manual,https://www.bytbil.com/uppsala-lan/personbil-polo-5-dorrar-1-4-comfortline-euro-5-8925-17504353
"369,900 EUR",Mercedes Benz,E-Class,,"77,620 km",2016,Diesel,Sedan,Silver,Kristianstad,143 kW (194 HP),Automatic,https://www.bytbil.com/skane-lan/personbil-e-220-d-9g-tronic-panoramatak-360-amg-p-9872-17602016
"379,900 EUR",Mercedes Benz,E-Class,,"63,490 km",2019,Diesel,Sedan,White,Stockholm,135 kW (184 HP),Automatic,https://www.bytbil.com/stockholms-lan/personbil-e-200-euro-6-widescreen-ambient-light-360k-9543-17492339
"209,900 EUR",Volkswagen,Tiguan,2.0 TDI 4Motion,"73,000 km",2015,Diesel,Crossover,Black,Nybro,135 kW (184 HP),Automatic,https://www.bytbil.com/kalmar-lan/personbil-tiguan-2-0-tdi-4motion-premium-euro-6-dragkrok-102350-17611268
"182,900 EUR",Subaru,Levorg,1.6,"113,500 km",2023,Petrol,Wagon,White,Sigtuna,125 kW (170 HP),Automatic,https://www.bytbil.com/stockholms-lan/personbil-levorg-1-6-4wd-aut-taklucka-helskinn-kampanj-7926-17587665
"10,930 EUR (124,800 SEK)",Volkswagen,Touran,1.8 TSI,"179,110 km",2016,Petrol,Mpv,Blue,Uppsala,103 kW (140 HP),Automatic,https://www.bytbil.com/uppsala-lan/personbil-touran-crosstouran-1-4-tsi-aut-7-sits-140hk-skinn-8327-17589592
"599,900 EUR",Audi,Rs7,4.0 TFSI V8,280 km,2015,Petrol,Sedan,Black,Halmstad,412 kW (560 HP),Automatic,https://www.bytbil.com/hallands-lan/personbil-rs7-4-0-tfsi-v8-quattro-560hk-nightvision-se-spec-9999-17585630
"29,752 EUR (339,700 SEK)",Mercedes Benz,S-Class,,"159,900 km",2024,Petrol,Sedan,Black,Are,190 kW (258 HP),Automatic,https://www.bytbil.com/dalarnas-lan/personbil-s-350-pano-nightvision-massage-gps-svensksald-102620-17611307
"45,535 EUR (519,900 SEK)",Opel,Mokka-E,,"5,000 km",2023,Electric,Crossover,Black,Ljungby,100 kW (136 HP),Automatic,https://www.bytbil.com/kronobergs-lan/personbil-mokka-e-ultimate-50-kwh-136-hk-automat-1217-16850069
"47,287 EUR (539,900 SEK)",Volvo,Xc90,2.0,"129,990 km",2024,Diesel,Suv,White,Helsingborg,173 kW (235 HP),Automatic,https://www.bytbil.com/skane-lan/personbil-xc90-b5-awd-r-design-7saten-mildhybrid-panoramamassage-6884-16548752
"78,739 EUR (899,000 SEK)",Land Rover,Range Rover Sport,2.0,"26,000 km",2021,Hybrid,Suv,Black,Vallentuna,223 kW (303 HP),Automatic,https://www.bytbil.com/stockholms-lan/personbil-range-rover-sport-p400e-autobiography-dynamic-9042-17552190
"16,895 EUR (192,900 SEK)",Kia,Ceed,1.4 T-GDi,"68,000 km",2019,Petrol,Hatchback,White,Bro,103 kW (140 HP),Automatic,https://www.blocket.se/annons/1001127094
"78,739 EUR (899,000 SEK)",Audi,Sq8,4.0 TDI,"95,500 km",2020,Diesel,Suv,Black,Stockholm,320 kW (435 HP),Automatic,https://www.blocket.se/annons/1001036523
"33,194 EUR (379,000 SEK)",Volvo,Xc60,2.0 T8 AWD,"139,000 km",2019,Hybrid,Crossover,Black,Vallentuna,225 kW (306 HP),Automatic,https://bilweb.se/stockholms-lan/volvo-xc60-t8-awd-r-design-pano-voc-pilot-h-k-dragkrok-se-ut-2019-suv-10767878
"33,194 EUR (379,000 SEK)",Audi,A8,4.0 TFSI V8,"105,500 km",2014,Petrol,Sedan,Silver,Vallentuna,320 kW (435 HP),Automatic,https://www.bytbil.com/stockholms-lan/personbil-a8-4-0-tfsi-v8-q-435hk-massage-taklucka-360-kam-lagmil-5597-17567832
"31,951 EUR (364,800 SEK)",Mercedes Benz,180,1.8,"9,210 km",2022,Diesel,Sedan,Silver,Stockholm,85 kW (116 HP),Automatic,https://www.bytbil.com/stockholms-lan/personbil-t180-avantgarde-drag-skinn-b-kamera-5sits-moms-9370-17592563
"48,163 EUR (549,900 SEK)",Toyota,Rav4,2.5,10 km,2023,Hybrid,Suv,White,Eskilstuna,136 kW (185 HP),Automatic,https://www.bytbil.com/sodermanlands-lan/personbil-rav4-plug-in-hybrid-style-jbl-1075-17501052
"62,973 EUR (719,000 SEK)",Audi,Q8,3.0 50 TDI,"104,950 km",2020,Diesel,Suv,Black,Stockholm,210 kW (286 HP),Automatic,https://www.blocket.se/annons/1000731695
"81,445 EUR (929,900 SEK)",Audi,Rsq3,2.5 TFSI,"2,300 km",2023,Petrol,Crossover,Black,Stockholm,294 kW (400 HP),Automatic,https://www.blocket.se/annons/1000864200
"32,319 EUR (369,000 SEK)",Mercedes Benz,Glc-Class,,"136,410 km",2018,Diesel,Suv,Black,Kungsbacka,125 kW (170 HP),Automatic,https://www.bytbil.com/hallands-lan/personbil-glc-220-d-coupe-4m-170hk-amg-varmare-burmester-8210-17327681
"6,122 EUR (69,900 SEK)",Nissan,Murano,3.5 V6,"112,610 km",2005,Petrol,Suv,Silver,Kristianstad,172 kW (234 HP),Automatic,https://www.blocket.se/annons/1000206858
"49,459 EUR (564,700 SEK)",Ford,Explorer,3.0,"78,010 km",2020,Hybrid,Suv,Black,Stockholm,270 kW (367 HP),Automatic,https://www.blocket.se/annons/1000848559
"35,025 EUR (399,900 SEK)",Audi,A8,4.1 TDI,"93,000 km",2016,Diesel,Sedan,Black,Kungsbacka,283 kW (385 HP),Automatic,https://www.blocket.se/annons/1000382890
"61,222 EUR (699,000 SEK)",Audi,Q8,3.0 50 TDI,"97,000 km",2019,Diesel,Suv,Black,Stockholm,210 kW (286 HP),Automatic,https://www.bytbil.com/stockholms-lan/personbil-q8-50-tdi-286hk-q-moms-pano-head-bo-soft-360-black-8553-17275955
"61,222 EUR (699,000 SEK)",Audi,Q8,3.0 50 TDI,"72,980 km",2019,Diesel,Suv,Black,Stockholm,210 kW (286 HP),Automatic,https://www.bytbil.com/stockholms-lan/personbil-q8-50tdi-q-moms-rs-diamond-pano-matrix-s-line-286hk-8553-17181724
"71,723 EUR (818,900 SEK)",Lexus,Rx,450h,"6,100 km",2023,Hybrid,Suv,Black,Uppsala,137 kW (186 HP),Automatic,https://bilweb.se/uppsala-lan/lexus-rx-450h-executive-teknikpaket-drag-plug-in-2023-suv-10780964
"49,039 EUR (559,900 SEK)",Lexus,Rx,450h,"23,500 km",2022,Petrol,Suv,Silver,Uppsala,195 kW (265 HP),Automatic,https://bilweb.se/uppsala-lan/lexus-rx-450h-awd-sport-edition-2022-suv-10780960
"31,495 EUR (359,600 SEK)",Volkswagen,Transporter,1.9,"159,140 km",2016,Diesel,Van,White,Stockholm,152 kW (207 HP),Automatic,https://bilweb.se/stockholms-lan/volkswagen-multivan-highline-4m-dsg-varmare-el-dorr-b-kamera-2016-minibuss-10731212
"34,140 EUR (389,800 SEK)",Volkswagen,Transporter,1.9,"138,670 km",2016,Diesel,Van,White,Stockholm,152 kW (207 HP),Automatic,https://bilweb.se/stockholms-lan/volkswagen-multivan-highline-4m-dsg-varmare-drag-el-dorrar-2016-minibuss-10748167
"31,504 EUR (359,700 SEK)",Volvo,Xc60,2.0 t5,"57,900 km",2019,Petrol,Crossover,Black,Sollentuna,186 kW (253 HP),Automatic,https://www.bytbil.com/stockholms-lan/personbil-xc60-t5-inscription-varmare-carplay-s-plus-v-hjul-3427-17610220
"46,332 EUR (529,000 SEK)",Audi,A7,3.0 45 TDI quattro,"82,000 km",2019,Diesel,Sedan,Black,Kristianstad,172 kW (234 HP),Automatic,https://www.bytbil.com/skane-lan/personbil-a7-sportback-45-tdi-quattro-s-line-1-ars-garanti-6069-17492308
"3,056 EUR (34,900 SEK)",Volkswagen,T-Cross,1.4 TSI,"280,160 km",2007,Petrol,Crossover,Black,Kristianstad,103 kW (140 HP),Manual,https://www.bytbil.com/skane-lan/personbil-t-cross-crosstouran-1-4-tsi-140hk-drag-100124-17600611
"379,900 EUR",Mercedes Benz,E-Class,,"116,800 km",2024,Diesel,Sedan,Black,Tumba,180 kW (245 HP),Automatic,https://www.bytbil.com/stockholms-lan/personbil-e-300-d-e63s-amg-brabus-navi-kamera-se-spec-11536-17369456
"6,998 EUR (79,900 SEK)",Volkswagen,Touran,1.6 TDI,"224,680 km",2024,Diesel,Mpv,Silver,Trelleborg,77 kW (105 HP),Automatic,https://www.bytbil.com/skane-lan/personbil-touran-1-6-tdi-navi-7-sits-drag-100014-17448634
"38,966 EUR (444,900 SEK)",Land Rover,Range Rover Sport,3.0 SDV6,"84,000 km",2024,Diesel,Suv,Blue,Knivsta,225 kW (306 HP),Automatic,https://www.bytbil.com/stockholms-lan/personbil-range-rover-sport-3-0-sdv6-4wd-superdeal-6-95-se-utr-6759-17609162
"51,473 EUR (587,700 SEK)",Porsche,Macan,3.0 s,"74,010 km",2019,Petrol,Suv,Silver,Sollentuna,260 kW (354 HP),Automatic,https://www.bytbil.com/stockholms-lan/personbil-macan-s-pdk-354hk-pano-varmare-drag-s-plus-vhjul-3427-17492596
"45,535 EUR (519,900 SEK)",Audi,Rs7,4.0 TFSI V8,"108,460 km",2023,Petrol,Sedan,Black,Eskilstuna,412 kW (560 HP),Automatic,https://www.bytbil.com/sodermanlands-lan/personbil-rs7-4-0tfsi-v8-q-keramiska-bo-taklucka-hud-560hk-11277-17406319
"539,900 EUR",Mercedes Benz,C-Class,,"17,990 km",2016,Diesel,Convertible,Black,Kungsbacka,270 kW (367 HP),Automatic,https://www.bytbil.com/vastra-gotalands-lan/personbil-amg-c-43-cabriolet-4matic-1-agare-svensksald-11230-17608345
"75,314 EUR (859,900 SEK)",Bmw,X7,30d xDrive,"42,350 km",2024,Diesel,Suv,Black,Knivsta,195 kW (265 HP),Automatic,https://www.bytbil.com/uppsala-lan/personbil-x7-xdrive-30d-m-sport-7-sits-pano-luftfjadring-se-spec-9181-17564886
"389,900 EUR",Mercedes Benz,Gla-Class,,"83,820 km",2017,Diesel,Suv,Black,Kristianstad,280 kW (381 HP),Automatic,https://www.bytbil.com/skane-lan/personbil-gla-45-amg-4matic-381hk-panoramatak-nybes-9872-17309034
"9,546 EUR (109,000 SEK)",Volvo,V70,2.5,"239,900 km",2010,Petrol,Wagon,Black,Arboga,170 kW (231 HP),Automatic,https://www.bytbil.com/vastmanlands-lan/personbil-v70-2-5ft-231-hk-r-design-m-varmare-drag-4449-17611823
"369,000 EUR",Audi,Q7,3.0 TDI,"167,000 km",2015,Diesel,Suv,White,Halmstad,200 kW (272 HP),Automatic,https://www.bytbil.com/hallands-lan/personbil-q7-3-0-tdi-quattro-s-line-7-sits-panorama-drag-1892-17584195
"529,900 EUR",Bmw,M3,3.0 DCT,"119,000 km",2015,Petrol,Sedan,Black,Falkenberg,317 kW (431 HP),Automatic,https://www.bytbil.com/hallands-lan/personbil-m3-f80-dct-m-performance-carbon-580-plus-hk-8959-17308475
"379,000 EUR",Bmw,5 Series,,"141,000 km",2017,Petrol,Sedan,Black,Uddevalla,250 kW (340 HP),Automatic,https://www.bytbil.com/vastra-gotalands-lan/personbil-540-i-xdrive-g30-m-sport-340-448hk-svsald-unik-4719kr-m-11060-16869435
"6,998 EUR (79,900 SEK)",Škoda,Yeti,2.0 TDI,"160,000 km",2009,Diesel,Crossover,Brown,Eskilstuna,125 kW (170 HP),Manual,https://www.bytbil.com/sodermanlands-lan/personbil-yeti-2-0-tdi-4x4-nybes-nyservad-park-assist-170hk-102427-17556334
"49,485 EUR (565,000 SEK)",Mercedes Benz,Gls-Class,350,"122,510 km",2018,Diesel,Suv,Black,Bromma,190 kW (258 HP),Automatic,https://www.bytbil.com/stockholms-lan/personbil-gls-350-d-4matic-9g-tronic-euro-6-amg-8788-17523373
"7,873 EUR (89,900 SEK)",Ford,Mondeo,1.5,"163,290 km",2023,Diesel,Sedan,Black,Uppsala,120 kW (163 HP),Automatic,https://www.bytbil.com/uppsala-lan/personbil-mondeo-2-0-tdci-powershift-163hk-elstolar-varmare-100078-17501358
"15,318 EUR (174,900 SEK)",Mercedes Benz,Sl-Class,500,"138,000 km",2024,Petrol,Convertible,Silver,Arboga,225 kW (306 HP),Automatic,https://www.bytbil.com/vastmanlands-lan/personbil-sl-500-5g-tronic-306hk-elcab-nybesiktigad-4449-16982497
"388,900 EUR",Volvo,Xc60,2.0 RECHARGE T8,"138,300 km",2024,Hybrid,Crossover,Black,Are,223 kW (303 HP),Automatic,https://www.bytbil.com/stockholms-lan/personbil-xc60-recharge-t8-awd-r-design-pano-drag-voc-navi-moms-11518-17554456
"549,000 EUR",Volvo,V60,2.0 T8 AWD,"33,740 km",2024,Hybrid,Wagon,Black,Kungsbacka,233 kW (317 HP),Automatic,https://www.bytbil.com/hallands-lan/personbil-v60-recharge-t8-awd-405hk-polestar-engineered-8210-17484704
"36,777 EUR (419,900 SEK)",Tesla,Model S,electro,"116,000 km",2018,Electric,Sedan,Blue,Stockholm,386 kW (525 HP),Automatic,https://www.bytbil.com/stockholms-lan/personbil-model-s-100d-long-range-awd-autopilot-limited-edition-100110-17468117
"949,000 EUR",Bmw,M3,3.0,"34,550 km",2021,Petrol,Sedan,Black,Kungsbacka,375 kW (510 HP),Automatic,https://www.bytbil.com/hallands-lan/personbil-m3-competition-xdrive-510hk-kolfiber-laser-sv-sald-8210-17475613
"549,000 EUR",Volvo,V60,2.0 T8,180 km,2024,Hybrid,Wagon,Black,Kungsbacka,233 kW (317 HP),Automatic,https://www.bytbil.com/hallands-lan/personbil-v60-recharge-t8-polestar-engineered-bw-20-8210-17529300
"329,000 EUR",Volvo,V60 Cross Country,2.0,"64,990 km",2019,Diesel,Wagon,Black,Halmstad,140 kW (190 HP),Automatic,https://www.bytbil.com/hallands-lan/personbil-v60-cross-country-d4-awd-aut-momentum-hud-drag-1892-17609760
"8,311 EUR (94,900 SEK)",Volkswagen,Touran,1.6 TDI,"184,630 km",2011,Diesel,Mpv,White,Helsingborg,77 kW (105 HP),Automatic,https://www.bytbil.com/skane-lan/personbil-touran-1-6-tdi-7-sits-kamrembytt-navi-105hk-102446-17582422
"10,063 EUR (114,900 SEK)",Audi,A4 Allroad,3.0 TDI,"287,670 km",2013,Diesel,Crossover,Black,Kalmar,180 kW (245 HP),Automatic,https://www.bytbil.com/kalmar-lan/personbil-a4-allroad-quattro-3-0-tdi-v6-s-tronic-proline-102385-17539580
"11,815 EUR (134,900 SEK)",Mercedes Benz,E-Class,55 AMG,"112,330 km",2023,Petrol,Sedan,White,Boo,100 kW (136 HP),Manual,https://www.bytbil.com/stockholms-lan/personbil-e-200-cdi-136hk-classic-navigation-0-47l-mil-8389-17571611
"365,000 EUR",Mercedes Benz,C-Class,,"54,900 km",2020,Diesel,Sedan,Black,Kristianstad,143 kW (194 HP),Automatic,https://www.bytbil.com/skane-lan/personbil-c-220-d-9g-tronic-amg-pano-burmeister-360-eu6-4169-17510816
"184,800 EUR",Bmw,5 Series,530d,"176,670 km",2014,Diesel,Sedan,Black,Norrtälje,190 kW (258 HP),Automatic,https://www.bytbil.com/stockholms-lan/personbil-530-d-xdrive-skinn-drag-rattvarme-5-99-9336-17569598
"12,603 EUR (143,900 SEK)",Ford,Kuga,2.0 TDCi,"73,000 km",2013,Diesel,Suv,Black,Sala,103 kW (140 HP),Automatic,https://www.bytbil.com/vastmanlands-lan/personbil-kuga-2-0-tdci-awd-aut-drag-pano-nykambes-d-plus-var-7300mil-8362-17472295
"33,527 EUR (382,800 SEK)",Ford,Tourneo Custom,2.0,"68,450 km",2021,Diesel,Van,White,Stockholm,96 kW (131 HP),Manual,https://www.bytbil.com/stockholms-lan/personbil-tourneo-custom-l2-b-kamera-9-sits-sync-3-d-varmare-moms-9370-17309800
"18,384 EUR (209,900 SEK)",Volvo,Xc60,2.4 D5 AWD,"169,000 km",2014,Diesel,Crossover,Silver,Nybro,158 kW (215 HP),Automatic,https://www.bytbil.com/kalmar-lan/personbil-xc60-d5-awd-geartronic-summum-euro-5pano-b-kamer-drag-102350-17440384
"359,900 EUR",Volvo,S60,2.0 t5,"36,000 km",2022,Petrol,Sedan,Brown,Sigtuna,184 kW (250 HP),Automatic,https://www.bytbil.com/stockholms-lan/personbil-s60-t5-r-design-250hk-360-p-varm-hud-b-kam-kampanj-7926-17567305
"549,000 EUR",Land Rover,Range Rover,4.4 SDV8,"129,950 km",2024,Diesel,Suv,Black,Stockholm,250 kW (340 HP),Automatic,https://www.bytbil.com/stockholms-lan/personbil-range-rover-4-4-sdv8-autobiography-panorama-1ag-8127-17592818
"51,649 EUR (589,700 SEK)",Mercedes Benz,S-Class,500 4MATIC,"66,980 km",2015,Petrol,Sedan,White,Sollentuna,335 kW (456 HP),Automatic,https://www.bytbil.com/stockholms-lan/personbil-s-500-amg-4matic-digital-tv-panorama-obs-se-spec-3427-17506792
"199,900 EUR",Jeep,Compass,1.4,"125,000 km",2018,Petrol,Crossover,Black,Kungsbacka,125 kW (170 HP),Automatic,https://www.bytbil.com/vastra-gotalands-lan/personbil-compass-1-4-4wd-limited-panorama-navi-kamera-adaptiv-f-11230-17536639
"569,900 EUR",Bmw,X3,M40d,"121,730 km",2022,Diesel,Suv,White,Sigtuna,240 kW (326 HP),Automatic,https://www.bytbil.com/stockholms-lan/personbil-x3-m40d-drag-326hk-hk-360-kampanj-7926-17472237
"184,900 EUR",Bmw,4 Series,,"175,710 km",2015,Diesel,Sedan,Black,Kungälv,135 kW (184 HP),Automatic,https://www.bytbil.com/vastra-gotalands-lan/personbil-420-d-184hk-xdrive-auto-euro6-s-plus-v-hjul-8718-17201940
"10,939 EUR (124,900 SEK)",Mercedes Benz,Slk-Class,,"98,150 km",2005,Diesel,Convertible,Black,Hallstahammar,120 kW (163 HP),Automatic,https://www.bytbil.com/vastmanlands-lan/personbil-slk-automat-svensksald-9800mil-11005-17612087
"358,400 EUR",Volvo,V60,2.0 T8 AWD,"104,800 km",2024,Hybrid,Wagon,White,Are,223 kW (303 HP),Automatic,https://www.bytbil.com/stockholms-lan/personbil-v60-t8-awd-r-design-panorama-dragkrok-voc-varmare-moms-11518-17566882
"6,998 EUR (79,900 SEK)",Subaru,Legacy,2.0,"225,000 km",2024,Diesel,Wagon,Silver,Karlstad,110 kW (150 HP),Manual,https://www.bytbil.com/varmlands-lan/personbil-legacy-sport-2-0-4wd-euro-5-dragkrok-9574-17469963
"7,436 EUR (84,900 SEK)",Peugeot,508,2.2 HDi,"201,000 km",2013,Diesel,Sedan,Brown,Helsingborg,150 kW (204 HP),Automatic,https://www.bytbil.com/skane-lan/personbil-508-sw-2-2-hdi-fap-euro-5-nykamrem-nybes-nyservad-11242-17593990
"15,318 EUR (174,900 SEK)",Audi,Q7,3.0 TDI,"238,900 km",2011,Diesel,Suv,White,Karlstad,180 kW (245 HP),Automatic,https://www.bytbil.com/varmlands-lan/personbil-q7-3-0-tdi-v6-quattro-s-line-7-sits-245hk-pano-drag-8674-17498860
"14,442 EUR (164,900 SEK)",Audi,Q5,2.0 TDI Quattro DPF,"154,000 km",2012,Diesel,Suv,White,Nybro,130 kW (177 HP),Automatic,https://www.bytbil.com/kalmar-lan/personbil-q5-2-0-tdi-dpf-quattro-s-tronic-design-proline-euro-5-102350-17611265
"6,568 EUR (75,000 SEK)",Dacia,Lodgy,1.2 TCe,"79,000 km",2024,Petrol,Mpv,White,Stenungsund,85 kW (116 HP),Manual,https://www.bytbil.com/vastra-gotalands-lan/personbil-lodgy-1-2-tce-euro-5-lag-milare-10822-17608999
"544,500 EUR",Volvo,Xc90,2.0,"79,000 km",2019,Diesel,Suv,Black,Ljungby,173 kW (235 HP),Automatic,https://www.bytbil.com/kronobergs-lan/personbil-xc90-b5-awd-aut-geartronic-inscription-7-sits-euro-6-1023-17605529
"31,521 EUR (359,900 SEK)",Bmw,7 Series,730d,"111,140 km",2024,Diesel,Sedan,Black,Uppsala,195 kW (265 HP),Automatic,https://www.bytbil.com/uppsala-lan/personbil-730-d-265hk-navi-360-soft-close-utokatlader-20-hud-h-k-11576-17385321
"359,900 EUR",Kia,Stinger,3.3 T-GDi,"69,300 km",2017,Petrol,Sedan,White,Eskilstuna,272 kW (370 HP),Automatic,https://www.bytbil.com/sodermanlands-lan/personbil-stinger-gt-3-3-v6-t-gdi-awd-370-hk-facelift-3641-17371918
"359,900 EUR",Kia,Stinger,3.3 T-GDi,"48,500 km",2017,Petrol,Sedan,Black,Kungsbacka,272 kW (370 HP),Automatic,https://www.bytbil.com/vastra-gotalands-lan/personbil-stinger-gt-3-3-v6-t-gdi-awd-steg-2-borla-system-410hk-11230-17612163
"9,625 EUR (109,900 SEK)",Seat,Leon,1.4 TSI,"163,000 km",2013,Petrol,Hatchback,White,Kalmar,103 kW (140 HP),Manual,https://www.bytbil.com/kalmar-lan/personbil-leon-fr-1-4-tsi-140-hk-navi-pdc-valservad-102352-17333732
"70,059 EUR (799,900 SEK)",Lexus,Rx,450h,"3,050 km",2022,Hybrid,Suv,Silver,Uppsala,136 kW (185 HP),Automatic,https://www.bytbil.com/uppsala-lan/personbil-rx-450h-plus-executive-plug-inkampanj-10564-17425756
"14,442 EUR (164,900 SEK)",Volvo,Xc60,2.4 D5 AWD,"285,000 km",2013,Diesel,Crossover,White,Karlstad,158 kW (215 HP),Automatic,https://www.bytbil.com/varmlands-lan/personbil-xc60-d5-awd-geartronic-summum-panorama-euro-5-7620-17602282
"374,800 EUR",Volvo,Xc90,2.0 T8,"183,390 km",2024,Hybrid,Suv,Black,Uppsala,235 kW (320 HP),Automatic,https://www.bytbil.com/uppsala-lan/personbil-xc90-t8-twen-awd-r-design-pano-bw-varmare-102182-17554829
"559,000 EUR",Volvo,Xc90,2.0 T8,"102,740 km",2019,Hybrid,Suv,White,Helsingborg,223 kW (303 HP),Automatic,https://www.bytbil.com/skane-lan/personbil-xc90-recharge-t8-awd-i-r-design-i-panorama-i-se-spec-102522-17536615
"49,039 EUR (559,900 SEK)",Lexus,Rx,450h,"28,700 km",2022,Petrol,Suv,Black,Uppsala,193 kW (262 HP),Automatic,https://www.bytbil.com/uppsala-lan/personbil-rx-450h-awd-sport-editionkampanj-10564-17473897
"599,900 EUR",Volvo,Xc90,2.0 D5 AWD,"124,250 km",2024,Diesel,Suv,Blue,Knivsta,177 kW (241 HP),Automatic,https://www.bytbil.com/stockholms-lan/personbil-xc90-d5-polestar-awd-superdeal-6-95-r-design-se-spec-6759-17296098
"15,318 EUR (174,893 SEK)",Volvo,Xc70,1.6,"175,000 km",2023,Diesel,Crossover,Black,Sigtuna,120 kW (163 HP),Automatic,https://www.bytbil.com/stockholms-lan/personbil-xc70-d4-awd-momentum-aut-taklucka-kamrem-bytt-kampanj-7926-17568826
"599,900 EUR",Volvo,Xc90,2.0 T8,"103,750 km",2024,Hybrid,Suv,Black,Karlskoga,223 kW (303 HP),Automatic,https://www.bytbil.com/orebro-lan/personbil-xc90-recharge-t8-awd-r-design-7-sits-ferrita-1-agare-100149-17603082
"31,513 EUR (359,800 SEK)",Volvo,Xc60,2.0 D4 AWD,"86,000 km",2018,Diesel,Crossover,Black,Västerås,140 kW (190 HP),Automatic,https://www.bytbil.com/vastmanlands-lan/personbil-xc60-d4-awd-r-design-navi-drag-190hk-9058-17592928
"14,442 EUR (164,900 SEK)",Volkswagen,Passat,2.1,"109,000 km",2024,Petrol,Sedan,White,Helsingborg,110 kW (150 HP),Manual,https://www.bytbil.com/skane-lan/personbil-passat-2-0-tdi-bluemotion-4motion-euro6-150hk-gps-8587-17007192
"6,735 EUR (76,900 SEK)",Volvo,V70,2.5 T5,"280,000 km",2010,Petrol,Wagon,Black,Halmstad,170 kW (231 HP),Automatic,https://www.bytbil.com/hallands-lan/personbil-v70-2-5t-flexifuel-geartronic-momentum-r-design-10004-17482563
"49,914 EUR (569,900 SEK)",Land Rover,Velar,3.0,"49,950 km",2017,Petrol,Suv,Silver,Svarta,280 kW (381 HP),Automatic,https://www.bytbil.com/kronobergs-lan/personbil-range-rover-velar-se-p380-r-dyn-moms-1242-16796359
"33,273 EUR (379,900 SEK)",Bmw,6 Series,640i,"114,490 km",1944,Petrol,Coupe,Black,Stockholm,235 kW (320 HP),Automatic,https://www.bytbil.com/stockholms-lan/personbil-640-i-gran-coupe-m-sport-frihemlev-garanti-cockpit-9543-17058093
"52,542 EUR (599,900 SEK)",Mercedes Benz,Gle-Class,43 AMG 4MATIC,"30,500 km",2018,Diesel,Suv,Black,Uppsala,287 kW (390 HP),Automatic,https://www.bytbil.com/uppsala-lan/personbil-gle-43-amg-4matic-coupe-9g-tronic-7634-17588517
"32,397 EUR (369,900 SEK)",Toyota,Corolla,1.8,"3,000 km",2024,Hybrid,Hatchback,White,Lund,104 kW (141 HP),Automatic,https://www.bytbil.com/skane-lan/personbil-corolla-touring-sports-hybrid-gr-sport-carplay-b-kam-2501-17564175
"31,521 EUR (359,900 SEK)",Land Rover,Range Rover Sport,3.0 SDV6,"137,190 km",2014,Diesel,Suv,Black,Sollentuna,215 kW (292 HP),Automatic,https://www.blocket.se/annons/1000670415
"63,849 EUR (729,000 SEK)",Audi,Q7,3.0 50 TDI,"125,000 km",2020,Diesel,Suv,Black,Stockholm,210 kW (286 HP),Automatic,https://www.blocket.se/annons/1000622945
"62,973 EUR (719,000 SEK)",Audi,Q7,3.0 50 TDI,"118,000 km",2020,Diesel,Suv,Black,Stockholm,210 kW (286 HP),Automatic,https://www.blocket.se/annons/1001030242
"529,900 EUR",Audi,Q7,4.0,"156,000 km",2017,Petrol,Suv,Black,Staffanstorp,320 kW (435 HP),Automatic,https://www.bytbil.com/skane-lan/personbil-q7-s-4-0-tdi-v8-quattro-tiptronic-euro-6-100360-17520406
"49,914 EUR (569,900 SEK)",Land Rover,Range Rover Sport,3.0,"119,600 km",2018,Diesel,Suv,Black,Kristianstad,190 kW (258 HP),Automatic,https://www.blocket.se/annons/1001071194
"48,609 EUR (555,000 SEK)",Bmw,X6m,,"101,000 km",2024,Petrol,Suv,Black,Uddevalla,,Automatic,https://www.bytbil.com/vastra-gotalands-lan/personbil-x6m-575hk-xdrive-f86-svsald-taklucka-bo-360cam-nightcam-11060-17604280
"33,194 EUR (379,000 SEK)",Bmw,5 Series,530e,"64,210 km",2020,Hybrid,Sedan,Blue,Kungsbacka,135 kW (184 HP),Automatic,https://www.bytbil.com/hallands-lan/personbil-530e-sedan-252hk-m-sport-innovation-las-annons-8210-17167487
"51,666 EUR (589,900 SEK)",Mercedes Benz,Glb-Class,35 AMG 4MATIC,"31,000 km",2022,Petrol,Suv,Black,Stockholm,225 kW (306 HP),Automatic,https://www.bytbil.com/stockholms-lan/personbil-glb-amg-35-4matic-night-panorama-varmare-drag-9501-17470108
"11,815 EUR (134,900 SEK)",Bmw,X3,xDrive30d,"257,300 km",2011,Diesel,Suv,Black,Uddevalla,190 kW (258 HP),Automatic,https://www.blocket.se/annons/1001047915
"6,122 EUR (69,900 SEK)",Hyundai,I40,1.7 CRDi,"233,400 km",2012,Diesel,Wagon,Brown,Kungsbacka,100 kW (136 HP),Manual,https://www.blocket.se/annons/1001144018
"16,194 EUR (184,900 SEK)",Bmw,5 Series,535i,"161,660 km",2010,Petrol,Sedan,Black,Gävle,228 kW (310 HP),Automatic,https://www.bytbil.com/gavleborgs-lan/personbil-535-i-m-sport-navi-elstolar-comfort-hud-306hk-6725-17362453
"33,256 EUR (379,700 SEK)",Volvo,Xc90,2.0 D4 AWD,"159,230 km",2018,Diesel,Suv,White,Halmstad,141 kW (192 HP),Automatic,https://www.bytbil.com/hallands-lan/personbil-xc90-d4-awd-inscription-6-99-polestar-opt-pano-bw-hud-b-kamera-9541-17511578
"33,273 EUR (379,900 SEK)",Bmw,3 Series,320i,"31,900 km",2020,Petrol,Sedan,Black,Trelleborg,135 kW (184 HP),Automatic,https://www.blocket.se/annons/1001128492
"12,691 EUR (144,900 SEK)",Nissan,Leaf,Tekna,"117,000 km",2017,Electric,Hatchback,Brown,Uppsala,81 kW (110 HP),Automatic,https://www.blocket.se/annons/1000938941
"48,163 EUR (549,900 SEK)",Mercedes Benz,E-Class,63 AMG 4MATIC,"170,000 km",2018,Diesel,Sedan,Black,Staffanstorp,420 kW (571 HP),Automatic,https://www.blocket.se/annons/1000175069
"51,657 EUR (589,800 SEK)",Volkswagen,Transporter,2.1,"30,120 km",2022,Petrol,Van,Silver,Stockholm,111 kW (151 HP),Automatic,https://www.blocket.se/annons/1001120490
"6,919 EUR (79,000 SEK)",Fiat,500,1.4,"138,990 km",2011,Petrol,Mini,Black,Halmstad,73 kW (99 HP),Manual,https://bilweb.se/hallands-lan/fiat-500-1-4-blackjack-drag-2011-halvkombi-10730062
"64,725 EUR (739,000 SEK)",Volkswagen,Touareg,3.0,"61,000 km",2021,Hybrid,Suv,Silver,Stockholm,253 kW (344 HP),Automatic,https://bilweb.se/stockholms-lan/volkswagen-touareg-hybrid-r-line-panorama-22-alu-2021-suv-10737517
"64,725 EUR (739,000 SEK)",Audi,Rs3,,"10,280 km",2022,Petrol,Hatchback,Black,Kungsbacka,298 kW (405 HP),Automatic,https://www.bytbil.com/hallands-lan/personbil-rs3-sedan-q-400hk-keramiska-bo-rs-dynamisk-plus-sv-sald-8210-17371047
"34,070 EUR (389,000 SEK)",Mercedes Benz,Gla-Class,200,"12,300 km",2020,Diesel,Crossover,White,Kristianstad,111 kW (151 HP),Automatic,https://www.blocket.se/annons/1000961767
"65,601 EUR (749,000 SEK)",Mercedes Benz,E-Class,53 AMG 4Matic,"40,580 km",2019,Diesel,Convertible,Silver,Kungsbacka,324 kW (441 HP),Automatic,https://bilweb.se/hallands-lan/mercedes-benz-amg-e-53-4matic-cab-se-spec-2019-cab-10685490
"33,194 EUR (379,000 SEK)",Mercedes Benz,Glc-Class,250,"87,670 km",2018,Diesel,Suv,Black,Kungsbacka,150 kW (204 HP),Automatic,https://www.blocket.se/annons/1000571432
"6,647 EUR (75,900 SEK)",Chevrolet,Orlando,2.0,"183,230 km",2012,Diesel,Mpv,Black,Eskilstuna,120 kW (163 HP),Automatic,https://www.bytbil.com/sodermanlands-lan/personbil-orlando-2-0-td-automat-ny-besiktigad-ny-servad-7221-17578590
"67,134 EUR (766,500 SEK)",Kia,Ev6,,"5,000 km",2022,Electric,Crossover,White,Ljungby,,Automatic,https://www.bytbil.com/kronobergs-lan/personbil-ev6-gt-line-77-4-kwh-awd-325-hk-dct-automat-1217-16844126
"8,215 EUR (93,800 SEK)",Subaru,Impreza,1.6,"180,000 km",2020,Petrol,Sedan,Silver,Kalmar,85 kW (116 HP),Automatic,https://bilweb.se/kalmar-lan/subaru-impreza-1-6-4wd-b-kam-ledramp-2020-personbil-10777852
"51,666 EUR (589,900 SEK)",Mercedes Benz,S-Class,350 D,"78,000 km",2018,Diesel,Sedan,Black,Bro,210 kW (286 HP),Automatic,https://www.bytbil.com/stockholms-lan/personbil-s-350-d-9g-tronic-286hk-sveriges-billigaste-10008-14724110
"46,332 EUR (529,000 SEK)",Bmw,X3,M40i,"29,000 km",2020,Petrol,Suv,Silver,Falkenberg,265 kW (360 HP),Automatic,https://www.bytbil.com/hallands-lan/personbil-x3-m40i-m-sport-panorama-8959-17385673
"6,551 EUR (74,800 SEK)",Mitsubishi,Asx,1.8,"179,000 km",2011,Diesel,Crossover,White,Lerum,110 kW (150 HP),Manual,https://www.blocket.se/annons/1001084028
"12,682 EUR (144,800 SEK)",Volkswagen,Tiguan,2.0 TDI 4Motion,"192,000 km",2014,Diesel,Crossover,Silver,Växjö,130 kW (177 HP),Automatic,https://www.blocket.se/annons/1000913261
"13,566 EUR (154,900 SEK)",Bmw,3 Series,320d,"159,000 km",2014,Diesel,Sedan,White,Uppsala,135 kW (184 HP),Automatic,https://www.blocket.se/annons/1000498310
"11,815 EUR (134,900 SEK)",Hyundai,I20,1.1,"126,000 km",2018,Diesel,Hatchback,White,Kristianstad,74 kW (101 HP),Automatic,https://www.bytbil.com/skane-lan/personbil-i20-1-4-laneassistparkeringssensorerrattvarme-9872-17498719
"45,535 EUR (519,900 SEK)",Bmw,X5,30d,"51,520 km",2018,Diesel,Suv,White,Kalmar,192 kW (261 HP),Automatic,https://www.blocket.se/annons/1001019349
"49,039 EUR (559,900 SEK)",Lexus,Rx,450h,"12,050 km",2022,Petrol,Suv,Blue,Uppsala,195 kW (265 HP),Automatic,https://bilweb.se/uppsala-lan/lexus-rx-450h-awd-sport-edition-2022-suv-10780951
"49,039 EUR (559,900 SEK)",Lexus,Rx,450h,"10,150 km",2022,Petrol,Suv,Black,Uppsala,195 kW (265 HP),Automatic,https://bilweb.se/uppsala-lan/lexus-rx-450h-awd-sport-edition-2022-suv-10780957
"48,084 EUR (549,000 SEK)",Audi,Sq7,4.0 TDI,"166,530 km",2018,Diesel,Suv,Black,Svarta,320 kW (435 HP),Automatic,https://www.bytbil.com/vastra-gotalands-lan/personbil-sq7-4-0-tdi-v8-quattro-black-edition-se-spec-435hk-10405-17483477
"78,818 EUR (899,900 SEK)",Mercedes Benz,G-Class,500,"70,990 km",2018,Petrol,Suv,Black,Svarta,313 kW (426 HP),Automatic,https://www.bytbil.com/stockholms-lan/personbil-g-500-50-year-edition-varmare-drag-7149-17516183
"319,900 EUR",Volvo,S90,2.0 T6 AWD,"82,610 km",2016,Petrol,Sedan,,Staffanstorp,246 kW (335 HP),Automatic,https://www.bytbil.com/skane-lan/personbil-s90-t6-awd-polestar-inscription-se-utr-334hk-8799-17611841
"409,900 EUR",Audi,S5,3.0 TFSI V6,"136,900 km",2017,Petrol,Sedan,Black,Svarta,260 kW (354 HP),Automatic,https://www.bytbil.com/stockholms-lan/personbil-s5-sb-3-0-tfsi-q-v6-pano-bo-hud-carbon-valcona-se-spec-100391-17607046
"33,974 EUR (387,900 SEK)",Seat,Tarraco,1.5,"45,030 km",2024,Petrol,Suv,Black,Boo,110 kW (150 HP),Automatic,https://www.bytbil.com/stockholms-lan/personbil-tarraco-phev-245hk-pano-cockpit-skinn-kamera-drag-moms-8389-17597548
"6,560 EUR (74,900 SEK)",Kia,Carens,1.7,"161,700 km",2023,Diesel,Mpv,Black,Sigtuna,103 kW (140 HP),Automatic,https://www.bytbil.com/stockholms-lan/personbil-carens-2-0-crdi-gls-euro-4-7-sits-nyservad-kampanj-7926-17539979
"9,625 EUR (109,900 SEK)",Volvo,V50,2.0,"147,900 km",2023,Diesel,Wagon,Silver,Helsingborg,110 kW (150 HP),Automatic,https://www.bytbil.com/skane-lan/personbil-v50-d3-geartronic-business-kamrembytt-drag-150hk-102446-17612155
"70,059 EUR (799,900 SEK)",Land Rover,Range Rover Sport,2.0,"47,980 km",2024,Hybrid,Suv,White,Knivsta,221 kW (301 HP),Automatic,https://www.bytbil.com/uppsala-lan/personbil-range-rover-sport-p400e-plug-in-pano-400hk-moms-9181-17557523
"16,974 EUR (193,800 SEK)",Land Rover,Evoque,2.2,"178,980 km",2024,Diesel,Suv,Black,Boo,110 kW (150 HP),Automatic,https://www.bytbil.com/stockholms-lan/personbil-range-rover-evoque-2-2-td4-awd-meridian-skinn-8389-17582883
"109,900 EUR",Škoda,Yeti,2.0 TDI,"233,300 km",2015,Diesel,Crossover,Silver,Sigtuna,110 kW (150 HP),Automatic,https://www.bytbil.com/stockholms-lan/personbil-yeti-2-0tdi-awd-drag-pdc-m-varmare-k-rem-bytt-kampanj-7926-17339314
"349,800 EUR",Mercedes Benz,C-Class,220D,"69,000 km",2018,Diesel,Hatchback,White,Uppsala,143 kW (194 HP),Automatic,https://www.bytbil.com/uppsala-lan/personbil-c-220d-t-4m-amg-pano-drag-burmester-194hk-10552-17047246
"10,939 EUR (124,900 SEK)",Bmw,X1,xDrive23d,"179,990 km",2024,Diesel,Suv,Black,Karlstad,150 kW (204 HP),Automatic,https://www.bytbil.com/varmlands-lan/personbil-x1-xdrive23d-panorama-drag-valservad-p-sensor-navi-sov-100204-17461143
"13,575 EUR (155,000 SEK)",Volkswagen,Sharan,1.9 TDI,"173,080 km",2013,Diesel,Van,White,Eskilstuna,103 kW (140 HP),Automatic,https://www.bytbil.com/sodermanlands-lan/personbil-sharan-2-0-tdi-premium-7221-17359115
"10,939 EUR (124,900 SEK)",Toyota,Auris,1.8 Hybrid,"193,500 km",2013,Hybrid,Hatchback,White,Hallstahammar,73 kW (99 HP),Automatic,https://www.bytbil.com/vastmanlands-lan/personbil-auris-automat-panorama-hybrid-e-cvt-euro-5-11005-17516605
"83,197 EUR (949,900 SEK)",Mercedes Benz,Gls-Class,,"81,570 km",2019,Diesel,Suv,White,Knivsta,243 kW (330 HP),Automatic,https://www.bytbil.com/uppsala-lan/personbil-gls-400-d-4m-9g-tronic-amg-moms-se-spec-7884-17509289
"9,538 EUR (108,900 SEK)",Volvo,V70,2.0 D,"242,500 km",2012,Diesel,Wagon,Black,Kalmar,120 kW (163 HP),Manual,https://www.bytbil.com/kalmar-lan/personbil-v70-d4-momentum-drag-d-varm-valservad-voc-kampanj-102352-17350591
"10,063 EUR (114,900 SEK)",Volkswagen,Tiguan,1.4 TSI,"223,000 km",2013,Petrol,Crossover,Silver,Kristianstad,118 kW (160 HP),Manual,https://www.bytbil.com/skane-lan/personbil-tiguan-1-4-tsi-4motion-premium-r-linepanoramab-kamera-100330-17564928
"5,211 EUR (59,500 SEK)",Renault,Clio,1.5 dCi,"139,000 km",2024,Diesel,Sedan,Black,Karlstad,65 kW (88 HP),Manual,https://www.bytbil.com/varmlands-lan/personbil-clio-5-dorrars-1-5-dci-drag-varmare-9574-17603479
"16,185 EUR (184,800 SEK)",Volvo,V60,2.0 D4,"153,420 km",2016,Diesel,Wagon,White,Västerås,140 kW (190 HP),Automatic,https://www.bytbil.com/vastmanlands-lan/personbil-v60-d4-momentum-r-design-drag-navi-varmare-voc-190hk-9058-17561112
"7,436 EUR (84,900 SEK)",Ford,S-Max,2.0 TDCi,"212,000 km",2024,Diesel,Mpv,Black,Karlstad,103 kW (140 HP),Automatic,https://www.bytbil.com/varmlands-lan/personbil-s-max-2-0-tdci-powershift-euro5-140hk-7-sits-gps-9930-17551868
"204,900 EUR",Mercedes Benz,Gla-Class,,"138,650 km",2024,Diesel,Suv,Silver,Ronneby,115 kW (156 HP),Automatic,https://www.bytbil.com/blekinge-lan/personbil-gla-200-7g-dct-amg-sport-156hk-dragkrok-gps-8535-17448226
"219,900 EUR",Mitsubishi,Outlander,2.0,"113,170 km",2024,Hybrid,Suv,Blue,Knivsta,89 kW (121 HP),Automatic,https://www.bytbil.com/stockholms-lan/personbil-outlander-phev-cvt-dragrkok-1-agare-kamkedja-6759-17611807
"15,318 EUR (174,900 SEK)",Bmw,5 Series,520d,"167,000 km",2024,Diesel,Sedan,Black,Eskilstuna,135 kW (184 HP),Automatic,https://www.bytbil.com/sodermanlands-lan/personbil-520-d-sedan-steptronic-m-sport-184hk-drag-bluetooth-nyservad-6595-17521268
"849,900 EUR",Mercedes Benz,G-Class,55 AMG,"103,000 km",2016,Diesel,Suv,Black,Eskilstuna,182 kW (248 HP),Automatic,https://www.bytbil.com/sodermanlands-lan/personbil-g-350-d-amg-lwb-7g-tronic-sport-euro-6kamera-7945-17581399
"81,366 EUR (929,000 SEK)",Mercedes Benz,Sl-Class,63 AMG,"47,000 km",2024,Petrol,Convertible,White,Trelleborg,430 kW (585 HP),Automatic,https://www.bytbil.com/skane-lan/personbil-sl-63-amg-amg-speedshift-mct-585hk-pano-9803-17596774
"379,000 EUR",Volvo,V60,2.0 T6 AWD,"90,900 km",2024,Hybrid,Wagon,Black,Kungsbacka,186 kW (253 HP),Automatic,https://www.bytbil.com/hallands-lan/personbil-v60-recharge-t6-awd-341hk-r-design-forarstod-teknikpaket-8210-17410006
"184,700 EUR",Volvo,Xc60,2.4 D4 AWD,"168,160 km",2024,Diesel,Crossover,Black,Knivsta,140 kW (190 HP),Automatic,https://www.bytbil.com/uppsala-lan/personbil-xc60-d4-awd-geartronic-momentum-voc-varmare-navi-190hk-8907-17608012
"16,194 EUR (184,900 SEK)",Renault,Espace,2.1,"132,930 km",2023,Diesel,Mpv,Black,Helsingborg,118 kW (160 HP),Automatic,https://www.bytbil.com/skane-lan/personbil-espace-1-6-dci-160hk-zen-aut-7-sits-drag-navi-svenkssald-1302-17487828
"183,900 EUR",Volvo,V60 Cross Country,2.4,"143,970 km",2016,Diesel,Wagon,Black,Helsingborg,140 kW (190 HP),Automatic,https://www.bytbil.com/skane-lan/personbil-v60-cross-country-d4-awd-geartronic-summum-euro-6-11242-17464860
"6,122 EUR (69,900 SEK)",Hyundai,I20,1.1,"118,530 km",2024,Diesel,Hatchback,Silver,Ronneby,55 kW (75 HP),Manual,https://www.bytbil.com/blekinge-lan/personbil-i20-5-dorrar-1-1-crdi-blue-euro-5-11322-17549720
"48,163 EUR (549,900 SEK)",Volvo,Xc90,2.0,"80,900 km",2021,Diesel,Suv,White,Svarta,173 kW (235 HP),Automatic,https://www.bytbil.com/stockholms-lan/personbil-xc90-b5-awd-r-design-inscription-h-k-luft-7-sits-drag-6252-17531290
"8,320 EUR (95,000 SEK)",Volvo,C70,2.5 T5,"191,270 km",2007,Petrol,Convertible,Black,Kista,169 kW (230 HP),Manual,https://www.bytbil.com/stockholms-lan/personbil-c70-t5-cabriolet-summum-230hk-5238-17587443
"10,063 EUR (114,900 SEK)",Mercedes Benz,A-Class,,"191,000 km",2024,Petrol,Sedan,Black,Karlstad,80 kW (109 HP),Manual,https://www.bytbil.com/varmlands-lan/personbil-a-180-cdi-amg-sport-109hk-pdc-blatand-8674-17542245
"32,835 EUR (374,900 SEK)",Mercedes Benz,A-Class,,"108,450 km",2019,Petrol,Sedan,Black,Halmstad,225 kW (306 HP),Automatic,https://www.bytbil.com/hallands-lan/personbil-a-35-amg-ranta-5-99-4matic-aeropkt-kamera-9541-17181064
"9,625 EUR (109,900 SEK)",Škoda,Yeti,2.0 TDI,"104,710 km",2024,Diesel,Crossover,Blue,Knivsta,103 kW (140 HP),Automatic,https://www.bytbil.com/stockholms-lan/personbil-yeti-2-0-tdi-4x4-superdeal6-95-automat-bluetooth-pdc-100537-17216499
"11,815 EUR (134,900 SEK)",Volvo,V70,1.6,"139,000 km",2014,Diesel,Wagon,Black,Stockholm,84 kW (114 HP),Automatic,https://www.bytbil.com/stockholms-lan/personbil-v70-d2-aut-kinetic-edition-varmare-2-ars-garanti-7216-15577637
"46,332 EUR (529,000 SEK)",Volvo,Xc90,2.0 T5 AWD,"65,440 km",2023,Petrol,Suv,White,Kista,184 kW (250 HP),Automatic,https://www.bytbil.com/stockholms-lan/personbil-xc90-t5-awd-r-design-panor-teknik-pro-drag-7-sits-moms-4938-17534755
"155,000 EUR",Nissan,Qashqai,1.3 DIG-T,"132,000 km",2019,Petrol,Crossover,Silver,Sandviken,117 kW (159 HP),Automatic,https://www.bytbil.com/gavleborgs-lan/personbil-qashqai-1-3-dig-t-dct-euro-6-tillfalligt-erbjudande-8394-17593791
"5,684 EUR (64,900 SEK)",Chevrolet,Cruze,2.0 D,"241,740 km",2023,Diesel,Sedan,Black,Sigtuna,110 kW (150 HP),Automatic,https://www.bytbil.com/stockholms-lan/personbil-cruze-automat-ac-kampanj-7926-17450338
"204,900 EUR",Toyota,C-Hr,1.8,"136,710 km",2024,Hybrid,Suv,White,Landskrona,72 kW (98 HP),Automatic,https://www.bytbil.com/skane-lan/personbil-c-hr-hybrid-cvt-b-kamera-moms-122hk-11276-17605342
"15,309 EUR (174,800 SEK)",Nissan,Qashqai,1.2,"106,560 km",2024,Petrol,Crossover,White,Boo,85 kW (116 HP),Automatic,https://www.bytbil.com/stockholms-lan/personbil-qashqai-1-2-dig-t-115hk-n-connecta-pano-360-kam-navi-8389-17592108
"7,873 EUR (89,900 SEK)",Nissan,Qashqai,2.0,"160,000 km",2011,Petrol,Crossover,Brown,Kumla,,Manual,https://www.blocket.se/annons/1001088158
"699,900 EUR",Karma,Revero,2.0,"9,700 km",2019,Hybrid,Sedan,Black,Svarta,156 kW (212 HP),Automatic,https://www.bytbil.com/stockholms-lan/personbil-revero-el-hybrid-sport-frihemlev-nybilgaranti-solcell-9543-17044012
"48,084 EUR (549,000 SEK)",Volkswagen,Transporter,1.9 D,"104,520 km",2020,Diesel,Van,Silver,Stockholm,110 kW (150 HP),Automatic,https://www.bytbil.com/stockholms-lan/personbil-multivan-2-0-d-varmare-drag-7-sits-b-kamera-moms-9370-17368095
"194,900 EUR",Bmw,3 Series,320d,"109,100 km",2017,Diesel,Sedan,White,Are,140 kW (190 HP),Automatic,https://www.bytbil.com/uppsala-lan/personbil-320-d-xdrive-gt-sport-line-drag-pdc-bt-10997-17502009
"629,000 EUR",Porsche,Cayenne,3.0 S E-Hybrid,"145,000 km",2018,Hybrid,Suv,Black,Stockholm,250 kW (340 HP),Automatic,https://www.bytbil.com/stockholms-lan/personbil-cayenne-e-hybrid-tiptronic-s-1-agare-bil-21-alu-7672-17532447
"799,900 EUR",Volkswagen,Touareg,3.0,"42,160 km",2020,Hybrid,Suv,Black,Svarta,250 kW (340 HP),Automatic,https://www.bytbil.com/stockholms-lan/personbil-touareg-r-ehybrid-driverassist-innovation-drag-10823-17468988
"394,900 EUR",Bmw,X4,30d xDrive,"160,000 km",2018,Diesel,Suv,White,Stockholm,195 kW (265 HP),Automatic,https://www.bytbil.com/stockholms-lan/personbil-x4-xdrive-30d-m-sport-pano-gps-drag-hk-bor-ses-100110-17455626
"10,501 EUR (119,900 SEK)",Volkswagen,Sharan,1.9 TDI,"251,950 km",2012,Diesel,Van,White,Are,125 kW (170 HP),Automatic,https://www.bytbil.com/uppsala-lan/personbil-sharan-2-0-premiumdragny-kamrpanob-kam7sits-100286-17587072
"5,246 EUR (59,900 SEK)",Mercedes Benz,C-Class,,"261,000 km",2005,Diesel,Sedan,Silver,Helsingborg,200 kW (272 HP),Automatic,https://www.bytbil.com/skane-lan/personbil-c-350-4matic-5g-tronic-taklucka-skinn-tel-sv-sald-272hk-100153-17593734
"12,682 EUR (144,800 SEK)",Toyota,Prius,1.8,"113,070 km",2024,Hybrid,Hatchback,White,Boo,73 kW (99 HP),Automatic,https://www.bytbil.com/stockholms-lan/personbil-prius-hybrid-cvt-136hk-business-t-lucka-varmare-skinn-8389-17524991
"33,273 EUR (379,900 SEK)",Dodge,Charger,5.7 V8,"104,170 km",2023,Petrol,Sedan,White,Ronneby,272 kW (370 HP),Automatic,https://www.bytbil.com/blekinge-lan/personbil-charger-5-7-v8-hemi-torqueflite-375hk-srt-widebody-kit-8535-16467764
"164,700 EUR",Volkswagen,Passat Alltrack,2.0 TDI,"202,090 km",2024,Diesel,Wagon,Silver,Uppsala,140 kW (190 HP),Automatic,https://www.bytbil.com/uppsala-lan/personbil-passat-alltrack-2-0-tdi-190hk-4m-d-varm-drag-skinn-11576-17573267
"359,900 EUR",Mercedes Benz,Glc-Class,250d 4Matic,"39,460 km",2016,Diesel,Suv,Black,Karlskoga,150 kW (204 HP),Automatic,https://www.bytbil.com/orebro-lan/personbil-glc-250d-4matic-9g-luftfjadring-burmester-navi-8563-17354550
"33,264 EUR (379,800 SEK)",Mercedes Benz,E-Class,,"89,040 km",2019,Diesel,Sedan,Silver,Boo,143 kW (194 HP),Automatic,https://www.bytbil.com/stockholms-lan/personbil-e-220-d-4m-194hk-amg-widescreen-pano-varmare-8389-17353723
"10,063 EUR (114,900 SEK)",Volvo,Xc70,1.6,"269,000 km",2010,Diesel,Crossover,Brown,Stockholm,120 kW (163 HP),Automatic,https://www.bytbil.com/stockholms-lan/personbil-xc70-d3-awd-momentum-drag-xenon-varmare-fint-skick-100110-17577613
"11,806 EUR (134,800 SEK)",Bmw,3 Series,320d,"150,920 km",2024,Diesel,Sedan,White,Helsingborg,135 kW (184 HP),Automatic,https://www.bytbil.com/skane-lan/personbil-320-d-xdrive-touring-1-agare-nyservad-drag-184hk-102446-17597609
"5,246 EUR (59,900 SEK)",Mercedes Benz,C-Class,,"281,640 km",2024,Diesel,Hatchback,Silver,Kristianstad,115 kW (156 HP),Manual,https://www.bytbil.com/skane-lan/personbil-c-180t-kompressor-avantgarde-besiktigad-8972-17352910
"13,566 EUR (154,900 SEK)",Bmw,I3,,"75,230 km",2014,Electric,Hatchback,Silver,Kungälv,75 kW (102 HP),Automatic,https://www.bytbil.com/vastra-gotalands-lan/personbil-i3-60ah-170hk-auto-comfort-navi-s-plus-vhjul-8718-17096096
"5,246 EUR (59,900 SEK)",Volvo,S60,2.4,"207,500 km",2006,Petrol,Sedan,Black,Sala,125 kW (170 HP),Automatic,https://www.bytbil.com/vastmanlands-lan/personbil-s60-2-4-kinetic-euro-4-8543-17467123
"5,246 EUR (59,900 SEK)",Dacia,Sandero,0.9 tce,"106,150 km",2024,Petrol,Hatchback,Blue,Knivsta,66 kW (90 HP),Manual,https://www.bytbil.com/stockholms-lan/personbil-sandero-0-9-tce-superdeal-6-95-kamkedja-bluetooth-100537-17566576
"7,436 EUR (84,900 SEK)",Volvo,V70,1.6,"222,000 km",2024,Diesel,Wagon,Black,Eskilstuna,84 kW (114 HP),Manual,https://www.bytbil.com/sodermanlands-lan/personbil-v70-1-6-drive-momentum-115hk-drag-bluetooth-nyservad-6595-17558364
"61,222 EUR (699,000 SEK)",Land Rover,Range Rover Sport,2.0,"96,000 km",2019,Hybrid,Suv,Black,Helsingborg,221 kW (301 HP),Automatic,https://www.bytbil.com/skane-lan/personbil-range-rover-sport-rover-sport-p400e-automat-hse-400hk-momsbil-1597-17251304
"34,140 EUR (389,800 SEK)",Volkswagen,Tiguan,2.0,"74,440 km",2019,Diesel,Crossover,White,Stockholm,140 kW (190 HP),Automatic,https://www.bytbil.com/stockholms-lan/personbil-tiguan-allspace-r-line-4m-pano-d-varm-7-sits-moms-9370-17379281
"4,808 EUR (54,900 SEK)",Mitsubishi,Lancer,1.8,"170,000 km",2009,Petrol,Sedan,Silver,Kumla,103 kW (140 HP),Manual,https://www.bytbil.com/orebro-lan/personbil-lancer-sportback-1-8-e85-140hk-drag-skinn-9084-17610277
"7,873 EUR (89,900 SEK)",Volvo,S80,2.4 D5,"160,020 km",2010,Diesel,Sedan,Black,Varberg,136 kW (185 HP),Automatic,https://www.bytbil.com/hallands-lan/personbil-s80-d5-geartronic-summum-euro-4-9697-17553259
"9,625 EUR (109,900 SEK)",Volvo,V70,1.6,"254,150 km",2011,Diesel,Wagon,Black,Stockholm,84 kW (114 HP),Manual,https://www.bytbil.com/stockholms-lan/personbil-v70-1-6-drive-summum-fri-hemlev-garanti-drag-led-ramp-9543-17569400
"389,900 EUR",Subaru,Forester,2.0 e-Boxer,100 km,2024,Petrol,Suv,White,Arlanda,110 kW (150 HP),Automatic,https://www.bytbil.com/stockholms-lan/personbil-forester-e-boxer-lineartronic-euro-6-active-demobil-5272-17419153
"359,000 EUR",Audi,Q7,3.0 TDI,"173,000 km",2016,Diesel,Suv,Black,Are,200 kW (272 HP),Automatic,https://www.bytbil.com/stockholms-lan/personbil-q7-3-0-tdi-272hk-quattro-s-line-panorama-matrix-bose-8553-17575347
"9,888 EUR (112,900 SEK)",Volkswagen,Touran,1.4 TSI,"163,700 km",2012,Petrol,Mpv,White,Sigtuna,103 kW (140 HP),Automatic,https://www.bytbil.com/stockholms-lan/personbil-touran-1-4tsi-drag-gps-m-varmare-b-kamera-kampanj-7926-17359885
"6,122 EUR (69,900 SEK)",Volvo,V60,2.0 T,"251,580 km",2010,Petrol,Wagon,Black,Stockholm,149 kW (203 HP),Manual,https://www.bytbil.com/stockholms-lan/personbil-v60-2-0t-203hk-momentum-8711-17581090
"5,684 EUR (64,900 SEK)",Volvo,Xc70,2.5 T,"293,000 km",2005,Petrol,Crossover,Brown,Helsingborg,154 kW (209 HP),Automatic,https://www.bytbil.com/skane-lan/personbil-xc70-2-5t-awd-geartronic-kinetic-euro4-nykamrem-nybes-nyservad-11242-17606129
"10,939 EUR (124,900 SEK)",Subaru,Impreza,1.6,"97,000 km",2024,Petrol,Sedan,White,Sala,84 kW (114 HP),Automatic,https://www.bytbil.com/vastmanlands-lan/personbil-impreza-1-6-4wd-auto-kamkedja-b-kamera-m-plus-varm-9700mil-8362-17581479
"7,698 EUR (87,900 SEK)",Volvo,Xc70,2.4 D5,"313,000 km",2023,Diesel,Crossover,Black,Sigtuna,136 kW (185 HP),Automatic,https://www.bytbil.com/stockholms-lan/personbil-xc70-d5-awd-aut-momentum-nyservad-d-varm-drag-kampanj-7926-17576782
"33,273 EUR (379,900 SEK)",Bmw,X5,,"110,000 km",2016,Hybrid,Suv,Black,Kungsbacka,180 kW (245 HP),Automatic,https://www.bytbil.com/hallands-lan/personbil-x5-xdrive40e-steptronic-m-sport-euro-6-laddhybrid-6525-17337587
"54,294 EUR (619,900 SEK)",Land Rover,Range Rover Sport,2.0,"137,000 km",2024,Hybrid,Suv,White,Are,221 kW (301 HP),Automatic,https://www.bytbil.com/stockholms-lan/personbil-range-rover-sport-p400e-hse-pano-luftfj-leasbar-11518-17226057
"114,900 EUR",Kia,Rio,1.2,"45,470 km",2024,Petrol,Sedan,Blue,Knivsta,62 kW (84 HP),Manual,https://www.bytbil.com/stockholms-lan/personbil-rio-1-2-superdeal-6-95-navi-rattvarme-b-kamera-kamkedja-100537-17566904
"109,000 EUR",Kia,Rio,1.2,"30,940 km",2024,Petrol,Sedan,Black,Kungsbacka,62 kW (84 HP),Manual,https://www.bytbil.com/hallands-lan/personbil-rio-5-dorrar-1-2-84hk-gls-en-agare-360kr-skatt-8210-17579290
"164,900 EUR",Audi,A4,2.0 TDI quattro,"131,290 km",2024,Diesel,Sedan,Black,Skellefteå,140 kW (190 HP),Manual,https://www.bytbil.com/vasterbottens-lan/personbil-a4-2-0-tdi-quattro-alpine-ed-sport-plus-bo-d-varm-navi-100222-17606514
"15,318 EUR (174,900 SEK)",Toyota,Prius,1.8,"104,990 km",2014,Hybrid,Hatchback,White,Stockholm,73 kW (99 HP),Automatic,https://www.bytbil.com/stockholms-lan/personbil-prius-1-8-hsd-plug-in-hybrid-kamera-2-ars-garanti-7216-16582025
"32,397 EUR (369,900 SEK)",Bmw,X5,xDrive40d,"162,000 km",2023,Diesel,Suv,White,Eskilstuna,230 kW (313 HP),Automatic,https://www.bytbil.com/sodermanlands-lan/personbil-x5-xdrive40d-steptronic-m-sport-euro-6-11422-17421651
"11,806 EUR (134,800 SEK)",Seat,Leon,1.5 TGI,"89,000 km",2019,CNG,Hatchback,White,Växjö,96 kW (131 HP),Manual,https://www.bytbil.com/kronobergs-lan/personbil-leon-st-1-5-tgi-6-99-kamera-drag-130hk-7784-17489150
"32,310 EUR (368,900 SEK)",Lexus,Rx,450h,200 km,2016,Hybrid,Suv,White,Uppsala,193 kW (262 HP),Automatic,https://www.bytbil.com/uppsala-lan/personbil-rx-450h-awd-executive-luxury-drag-ml-10564-17580234
"379,900 EUR",Bmw,5 Series,530e,"53,000 km",2019,Hybrid,Sedan,Black,Kristianstad,135 kW (184 HP),Automatic,https://www.bytbil.com/skane-lan/personbil-530e-iperformance-steptronic-sport-lineen-agare-100330-17141822
"15,318 EUR (174,900 SEK)",Bmw,3 Series,320d,"163,790 km",2014,Diesel,Sedan,White,Lund,135 kW (184 HP),Automatic,https://www.bytbil.com/skane-lan/personbil-320-d-gran-turismo-steptronicm-sports-plus-vnavidrag-100194-17578062
"7,436 EUR (84,900 SEK)",Volkswagen,Eos,2.0 FSI,"127,400 km",2024,Petrol,Convertible,Gray,Halmstad,110 kW (150 HP),Manual,https://www.bytbil.com/hallands-lan/personbil-eos-cab-2-0-fsi-exclusive-lader-ny-kamrem-100313-17458247
"7,436 EUR (84,900 SEK)",Škoda,Fabia,1.2 TSI,"120,600 km",2024,Petrol,Hatchback,White,Karlstad,77 kW (105 HP),Automatic,https://www.bytbil.com/varmlands-lan/personbil-fabia-kombi-1-2-tsi-euro-5-automat-105hk-m-varm-drag-8674-17606687
"6,998 EUR (79,900 SEK)",Bmw,3 Series,320d,"232,000 km",2011,Diesel,Sedan,White,Karlstad,120 kW (163 HP),Manual,https://www.bytbil.com/varmlands-lan/personbil-320-d-dynamics-edition-163hk-varmare-ljuspaket-nybes-9574-17605249
"33,264 EUR (379,800 SEK)",Porsche,Cayenne,3.0 diesel,"105,560 km",2015,Diesel,Suv,Brown,Jönköping,193 kW (262 HP),Automatic,https://www.bytbil.com/jonkopings-lan/personbil-cayenne-diesel-pano-navi-drag-backkamera-skinn-262hk-7486-17587899
"529,900 EUR",Audi,Sq7,4.0 TDI,"165,500 km",2016,Diesel,Suv,Black,Landvetter,320 kW (435 HP),Automatic,https://www.bytbil.com/vastra-gotalands-lan/personbil-sq7-4-0-tdi-v8-quattro-bo-pano-nightvision-se-spec-7869-17541618
"379,900 EUR",Porsche,Macan,3.6,"181,640 km",2024,Petrol,Suv,Black,Are,294 kW (400 HP),Automatic,https://www.bytbil.com/stockholms-lan/personbil-macan-turbo-pdk-sport-chrono-drag-lader-spec-400hk-11518-17061971
"34,149 EUR (389,900 SEK)",Bmw,4 Series,,"22,590 km",2018,Petrol,Convertible,Black,Karlskrona,135 kW (184 HP),Automatic,https://www.bytbil.com/vastra-gotalands-lan/personbil-420-i-convertible-5-99-m-sport-navi-hardtop-11000-17499866
"12,691 EUR (144,900 SEK)",Bmw,5 Series,530d,"179,000 km",2011,Diesel,Sedan,Black,Stockholm,180 kW (245 HP),Automatic,https://www.bytbil.com/stockholms-lan/personbil-530-d-xdrive-245hk-gran-turismo-aut-lader-drag-2-ars-garanti-7216-17286740
"7,409 EUR (84,600 SEK)",Mercedes Benz,E-Class,,"186,400 km",2002,Diesel,Sedan,Black,Svarta,225 kW (306 HP),Automatic,https://www.bytbil.com/stockholms-lan/personbil-e-500-5g-tronic-euro-4-svensk-sald-nybesiktigad-6170-17596167
"7,436 EUR (84,900 SEK)",Volvo,V50,2.5 T5,"192,000 km",2005,Petrol,Wagon,Silver,Sigtuna,162 kW (220 HP),Automatic,https://www.bytbil.com/stockholms-lan/personbil-v50-t5-awd-kinetic-pdc-drag-kampanj-7926-17506022
"47,287 EUR (539,900 SEK)",Ford,Mustang,5.0 GT,"15,590 km",2023,Petrol,Convertible,Black,Motala,331 kW (450 HP),Manual,https://www.bytbil.com/ostergotlands-lan/personbil-mustang-gt-5-0-v8-convertible-450hk-euro-6-9404-17252428
"715,000 EUR",Audi,Rsq3,2.5 TFSI,"24,000 km",2020,Petrol,Crossover,Black,Falkenberg,294 kW (400 HP),Automatic,https://www.bytbil.com/hallands-lan/personbil-rsq3-sportback-s-matrix-bo-cockpit-carbon-400hk-21-8959-17265804
"49,914 EUR (569,900 SEK)",Lexus,Rx,450h,"15,950 km",2022,Petrol,Suv,Black,Uppsala,193 kW (262 HP),Automatic,https://www.bytbil.com/uppsala-lan/personbil-rx-450h-awd-sport-edition-vhjulkampanj-10564-17193651
"32,835 EUR (374,900 SEK)",Audi,A7,3.0 TDI,"55,930 km",2017,Diesel,Sedan,White,Sollentuna,160 kW (218 HP),Automatic,https://www.bytbil.com/stockholms-lan/personbil-a7-sportback-3-0-tdi-v6-clean-diesel-quattro-s-tronic-euro-6-218-8520-16667604
"6,560 EUR (74,900 SEK)",Volvo,V50,2.4,"189,480 km",2024,Diesel,Wagon,Silver,Uppsala,125 kW (170 HP),Automatic,https://www.bytbil.com/uppsala-lan/personbil-v50-2-4-momentum-170hk-kamrem-bytt-100078-17566685
"364,900 EUR",Volvo,Xc60,2.0 RECHARGE T8,"80,840 km",2019,Hybrid,Crossover,White,Uppsala,223 kW (303 HP),Automatic,https://www.bytbil.com/uppsala-lan/personbil-xc60-recharge-t8-awd-adv-edi-pano-voc-nav-blis-8589-17595569
"359,900 EUR",Bmw,3 Series,320d,"81,750 km",2019,Diesel,Sedan,Black,Norrköping,140 kW (190 HP),Automatic,https://www.bytbil.com/ostergotlands-lan/personbil-320-d-xdrive-sedan-steptronic-m-sport-euro-6-10725-17339349
"17,771 EUR (202,900 SEK)",Audi,Q5,2.0 TDI quattro,"178,440 km",2016,Diesel,Suv,White,Jönköping,141 kW (192 HP),Automatic,https://www.blocket.se/annons/1001138261
"32,310 EUR (368,900 SEK)",Volkswagen,Tiguan,1.4,"51,080 km",2021,Hybrid,Crossover,White,Stockholm,110 kW (150 HP),Automatic,https://www.bytbil.com/stockholms-lan/personbil-tiguan-ehybrid-plug-in-drag-iq-light-b-kamera-102537-17581680
"46,411 EUR (529,900 SEK)",Audi,Rs3,TFSI,"77,000 km",2018,Petrol,Hatchback,Black,Lund,294 kW (400 HP),Automatic,https://www.bytbil.com/skane-lan/personbil-rs3-sportback-2-5-tfsi-quattro-400hk-pano-10509-17299976
"13,566 EUR (154,900 SEK)",Subaru,Xv,,"143,600 km",2014,Petrol,Crossover,White,Sigtuna,111 kW (151 HP),Automatic,https://www.bytbil.com/stockholms-lan/personbil-xv-2-0-4wd-150-hk-aut-avtagbar-dragkrok-mk-varmare-5272-17589563
"9,625 EUR (109,900 SEK)",Volkswagen,Scirocco,1.1,"147,000 km",2014,Petrol,Coupe,Black,Falun,119 kW (162 HP),Manual,https://www.blocket.se/annons/1000177671
"449,900 EUR",Toyota,Rav4,2.5,"2,400 km",2023,Hybrid,Suv,Black,Kungsbacka,,Automatic,https://www.bytbil.com/vastra-gotalands-lan/personbil-rav4-hybrid-awd-i-e-cvt-adventure-se-spec-11230-17612147
"45,448 EUR (518,900 SEK)",Volkswagen,Touareg,3.0 TDI,"88,940 km",2019,Diesel,Suv,White,Skellefteå,213 kW (290 HP),Automatic,https://bilweb.se/vasterbottens-lan/volkswagen-touareg-3-0-v6-4m-r-line-navi-d-varm-kamera-2019-suv-10763559
"14,442 EUR (164,900 SEK)",Mazda,3,1.8,"87,000 km",2017,Diesel,Hatchback,Black,Kristianstad,110 kW (150 HP),Manual,https://www.blocket.se/annons/1001145732
"86,709 EUR (990,000 SEK)",Mercedes Benz,Gls-Class,,"57,700 km",2019,Diesel,Suv,Blue,Eskilstuna,243 kW (330 HP),Automatic,https://www.blocket.se/annons/1000225919
"11,815 EUR (134,900 SEK)",Nissan,Qashqai,1.2,"154,440 km",2015,Petrol,Crossover,White,Goteborg,85 kW (116 HP),Automatic,https://www.blocket.se/annons/1000937243
"69,980 EUR (799,000 SEK)",Bmw,M2,,"3,080 km",2023,Petrol,Coupe,Black,Kungsbacka,338 kW (460 HP),Automatic,https://www.bytbil.com/hallands-lan/personbil-m2-coupe-460hk-m-performance-chassi-leasebar-8210-17562152
"10,063 EUR (114,900 SEK)",Kia,Ceed,1.6 CRDi,"156,000 km",2016,Diesel,Hatchback,Black,Eskilstuna,101 kW (137 HP),Manual,https://www.bytbil.com/sodermanlands-lan/personbil-ceed-ceed-sw-1-6-crdi-gt-line-euro-6-drag-navi-bakkamera-6595-17444387
"33,194 EUR (379,000 SEK)",Volvo,Xc60,2.0 RECHARGE T8,"128,000 km",2019,Hybrid,Crossover,White,Goteborg,225 kW (306 HP),Automatic,https://www.bytbil.com/vastra-gotalands-lan/personbil-xc60-recharge-t8-awd-inscription-se-utr-390hk-11000-17574925
"5,684 EUR (64,900 SEK)",Škoda,Fabia,1.6,"201,900 km",2010,Petrol,Sedan,Brown,Uppsala,77 kW (105 HP),Automatic,https://www.bytbil.com/uppsala-lan/personbil-fabia-1-6-automatny-besiktigadny-servad2brukare-100286-17538404
"52,463 EUR (599,000 SEK)",Volvo,Xc90,2.0 T8,"95,300 km",2021,Hybrid,Suv,Black,Svarta,290 kW (394 HP),Semi Automatic,https://www.bytbil.com/sodermanlands-lan/personbil-xc90-recharge-t8-r-des-pro-edt-7-saten-1932-17561156
"53,409 EUR (609,800 SEK)",Volvo,Xc90,2.0 T8,"90,500 km",2021,Hybrid,Suv,Silver,Stockholm,225 kW (306 HP),Automatic,https://www.bytbil.com/stockholms-lan/personbil-xc90-t8-awd-recharge-390hk-r-design-360-luftfjadring-8355-17560644
"49,030 EUR (559,800 SEK)",Volvo,Xc90,3.2 AWD,"82,480 km",2021,Diesel,Suv,Silver,Svarta,175 kW (238 HP),Semi Automatic,https://bilweb.se/ostergotlands-lan/volvo-xc90-b5-awd-diesel-r-des-pro-edt-7-saten-2021-suv-10794032
"628,000 EUR",Volvo,Xc90,3.2 AWD,"37,670 km",2021,Diesel,Suv,Black,Svarta,,Automatic,https://www.bytbil.com/skane-lan/personbil-xc90-b5-awd-r-design-inscription-bw-3767-mil-6604-17495249
"33,694 EUR (384,700 SEK)",Land Rover,Range Rover,3.0,"167,720 km",2013,Diesel,Suv,Black,Knivsta,183 kW (249 HP),Automatic,https://www.blocket.se/annons/1000429437
"7,873 EUR (89,900 SEK)",Hyundai,I40,1.7 CRDi,"188,930 km",2012,Diesel,Wagon,Black,Helsingborg,100 kW (136 HP),Automatic,https://www.bytbil.com/skane-lan/personbil-i40-cw-1-7-crdi-b-kamera-bt-drag-keyless-102365-17597883
"16,106 EUR (183,900 SEK)",Nissan,Qashqai,1.5 dCi,"124,560 km",2019,Diesel,Crossover,White,Jönköping,86 kW (117 HP),Automatic,https://bilweb.se/jonkopings-lan/nissan-qashqai-1-5-tekna-navi-pdc-halvskinn-drag-2019-suv-10786259
"469,900 EUR",Toyota,Rav4,2.5,50 km,2023,Hybrid,Suv,Black,Kungsbacka,,Automatic,https://www.bytbil.com/vastra-gotalands-lan/personbil-rav4-hybrid-awd-i-e-cvt-adventure-se-spec-nybil-11230-17612117
"11,815 EUR (134,900 SEK)",Audi,A5,1.8 TFSI,"142,000 km",2014,Petrol,Sedan,Black,Kristianstad,125 kW (170 HP),Manual,https://www.bytbil.com/skane-lan/personbil-a5-1-8-tfsi-edition-proline-en-agareny-servad-100330-17582549
"9,984 EUR (114,000 SEK)",Ford,Kuga,2.0 TDCi,"176,000 km",2012,Diesel,Suv,Black,Uddevalla,103 kW (140 HP),Automatic,https://www.bytbil.com/vastra-gotalands-lan/personbil-kuga-2-0-tdci-4wd-4x4-powershift-dm2-titanium-1488kr-ma-11060-17455675
"35,892 EUR (409,800 SEK)",Volkswagen,Transporter,1.9,"20,230 km",2020,Diesel,Van,White,Stockholm,111 kW (151 HP),Automatic,https://www.bytbil.com/stockholms-lan/personbil-transporter-kombi-lang-2-0-dsg-pdc-9-sits-moms-9370-17606012
"9,608 EUR (109,700 SEK)",Seat,Leon,1.2 TSI,"118,480 km",2014,Petrol,Hatchback,Silver,Boo,78 kW (106 HP),Manual,https://bilweb.se/stockholms-lan/seat-leon-1-2-tsi-p-sensorer-dragkrok-0-43l-mil-2014-halvkombi-10791975
"7,873 EUR (89,900 SEK)",Volkswagen,Touran,1.6 TDI,"222,000 km",2014,Diesel,Mpv,White,Eskilstuna,78 kW (106 HP),Manual,https://www.bytbil.com/sodermanlands-lan/personbil-touran-1-6-tdi-bluemotion-drag-diesel-varmare-kamera-6595-17609464
"9,450 EUR (107,900 SEK)",Fiat,500 X,1.6,"114,780 km",2015,Petrol,Crossover,Black,Sigtuna,104 kW (141 HP),Manual,https://www.bytbil.com/stockholms-lan/personbil-500x-1-4-multiair-popstar-k-rem-bytt-kampanj-kampanj-7926-17120394
"13,558 EUR (154,800 SEK)",Nissan,Qashqai,1.2,"71,210 km",2018,Petrol,Crossover,Black,Växjö,86 kW (117 HP),Manual,https://bilweb.se/kronobergs-lan/nissan-qashqai-acenta-1-2-dig-t-pdc-2018-suv-10788957
"819,000 EUR",Mercedes Benz,E-Class,,"84,950 km",2017,Diesel,Sedan,Black,Stockholm,,Automatic,https://www.bytbil.com/stockholms-lan/personbil-amg-e-63-s-4matic-plus-612hk-full-spec-8428-17442167
"16,895 EUR (192,900 SEK)",Bmw,2 Series,,"102,340 km",2016,Diesel,Hatchback,Silver,Vimmerby,141 kW (192 HP),Automatic,https://bilweb.se/kalmar-lan/bmw-220-d-xdrive-active-tourer-drag-sport-line-2016-kombi-10670150
"46,245 EUR (528,000 SEK)",Mazda,Cx-60,3.3,"19,000 km",2023,Hybrid,Suv,Black,Linköping,187 kW (254 HP),Automatic,https://www.blocket.se/annons/1000251181
"23,551 EUR (268,900 SEK)",Bmw,X5,xDrive30d,"176,730 km",2014,Diesel,Suv,Black,Uppsala,190 kW (258 HP),Automatic,https://www.blocket.se/annons/1001006480
"13,566 EUR (154,900 SEK)",Nissan,Qashqai,1.6,"135,000 km",2014,Diesel,Crossover,White,Stockholm,96 kW (131 HP),Automatic,https://www.bytbil.com/stockholms-lan/personbil-qashqai-1-6-dci-tekna-panorama-360-hellader-100538-17427147
"63,841 EUR (728,900 SEK)",Audi,E-Tron,55 quattro,"19,000 km",2022,Electric,Suv,Black,Svarta,95 kW (129 HP),Automatic,https://www.blocket.se/annons/105059359
"33,194 EUR (379,000 SEK)",Volkswagen,Tiguan Allspace,2.0 TDI,"58,630 km",2020,Diesel,Crossover,White,Falun,141 kW (192 HP),Automatic,https://www.bytbil.com/dalarnas-lan/personbil-tiguan-allspace-2-0-tdi-190-4m-dsg-r-line-7-sits-6111-17403975
"9,546 EUR (109,000 SEK)",Renault,Clio,1.0 tce,"76,580 km",2018,Petrol,Sedan,Black,Östersund,67 kW (91 HP),Manual,https://www.bytbil.com/jamtlands-lan/personbil-clio-0-9-tce-euro-6-sov-m-varm-pdc-bluetooth-9008-17562097
"10,939 EUR (124,900 SEK)",Renault,Clio,0.9 tce,"30,260 km",2019,Petrol,Sedan,White,Nyköping,56 kW (76 HP),Manual,https://www.bytbil.com/sodermanlands-lan/personbil-clio-tce-navi-carplay-bluetooth-sensorer-100172-17577026
"61,301 EUR (699,900 SEK)",Porsche,Panamera,4.8,"67,000 km",2012,Petrol,Sedan,White,Kristianstad,397 kW (540 HP),Automatic,https://www.blocket.se/annons/107753647
"17,070 EUR (194,900 SEK)",Hyundai,Tucson,1.6 T-GDi,"127,000 km",2017,Petrol,Suv,Black,Örebro,131 kW (178 HP),Automatic,https://www.bytbil.com/orebro-lan/personbil-tucson-1-6-t-gdi-pano-b-kamera-skinn-4wd-177hk-7555-17584800
