Price,Make,Model,Trim,Mi,Year,Fuel type,Body type,Color,City,Power,Transmission,VIN,Contact
"18,948 EUR (20,490 USD)",Jeep,Compass,2.4 Limited,"41,775 mi",2021,Petrol,Crossover,Black,Jonesboro,134 kW (182 HP),Automatic,3C4NJDCB6MT596344,https://www.easyautosales.com/used-cars/2021-Jeep-Compass-Limited-119104528.html
"10,625 EUR (11,490 USD)",Audi,A3,1.8 quattro t,"97,965 mi",2015,Petrol,Sedan,Gray,Hamburg,164 kW (223 HP),Automatic,WAUBFGFF0F1007123,https://www.cars.com/vehicledetail/5612f85b-4db1-4066-b992-2c68f964de63//
"19,769 EUR (21,378 USD)",Nissan,Rogue,2.5 SL,"67,848 mi",2021,Petrol,Crossover,White,Tampa,134 kW (182 HP),Automatic,5N1AT3CA7MC707596,https://www.easyautosales.com/used-cars/2021-Nissan-Rogue-SL-118036198.html
"9,243 EUR (9,995 USD)",Ford,F150,4.6 XLT,"129,967 mi",2010,Petrol,Pickup,Red,Saint Louis,217 kW (295 HP),Automatic,1FTFW1E80AFA80041,https://www.cars.com/vehicledetail/279b780e-b5f4-4710-901a-8b33567a32a3//
"8,318 EUR (8,995 USD)",Honda,Cr-V,2.4 EX,"177,059 mi",2012,Petrol,Suv,Gray,East Windsor,5 kW (7 HP),Automatic,JHLRM4H54CC012189,https://www.cars.com/vehicledetail/6eb96b5f-9b27-4fde-b728-1a93b90c4c0d//
"18,957 EUR (20,500 USD)",Jeep,Compass,2.4,"34,095 mi",2021,Petrol,Crossover,White,East Brunswick,134 kW (182 HP),Automatic,3C4NJDBB4MT562131,https://www.easyautosales.com/used-cars/2021-Jeep-Compass-Latitude-118997076.html
"19,871 EUR (21,488 USD)",Chevrolet,Colorado,3.6 LT,"104,435 mi",2016,Petrol,Pickup,Blue,Pacific,229 kW (311 HP),Automatic,1GCHTCE3XG1149065,https://www.cars.com/vehicledetail/5e675edd-3a04-4b6c-b2be-4cf02b9980d7//
"9,236 EUR (9,988 USD)",Jeep,Laredo,3.6,"115,424 mi",2012,Petrol,Suv,Black,Orange,216 kW (294 HP),Automatic,1C4RJEAG3CC129141,https://www.easyautosales.com/used-cars/2012-Jeep-Grand-Cherokee-Laredo-117672474.html
"16,502 EUR (17,845 USD)",Jeep,Compass,2.4,"50,918 mi",2020,Petrol,Crossover,Silver,Eau Claire,134 kW (182 HP),Automatic,3C4NJDBB4LT100568,https://www.cars.com/vehicledetail/4e551c49-4422-4f8e-b4b6-1c2a1c0b3fe6//
"20,762 EUR (22,451 USD)",Honda,Hr-V,1.8,"5,143 mi",2021,Petrol,Crossover,Silver,Wallingford,105 kW (143 HP),Automatic,3CZRU6H34MM730715,https://www.cars.com/vehicledetail/e1d50f2f-149f-45bf-9893-4996fce65767//
"6,468 EUR (6,995 USD)",Chrysler,Town&Country,3.6 touring v6,"109,075 mi",2011,,Mpv,White,Broadway,211 kW (287 HP),Automatic,2A4RR8DG6BR799210,https://www.easyautosales.com/used-cars/2011-Chrysler-Town-and-Country-Touring-L-117517376.html
"9,243 EUR (9,995 USD)",Toyota,4runner,4.7 Limited,"140,889 mi",2002,Petrol,Suv,Silver,Plainfield,136 kW (185 HP),Automatic,JT3HN87RX20378146,https://www.cars.com/vehicledetail/79785b57-f95e-42de-bb43-68b6de8b3ed2//
"20,341 EUR (21,996 USD)",Honda,Hr-V,1.8,"34,743 mi",2022,Petrol,Crossover,Silver,Pacific,105 kW (143 HP),Manual,3CZRU6H54NM765113,https://www.easyautosales.com/used-cars/2022-Honda-HR-V-EX-117667686.html
"19,084 EUR (20,637 USD)",Nissan,Rogue,2.5 SV,"29,028 mi",2021,Petrol,Crossover,Blue,Tampa,134 kW (182 HP),Automatic,JN8AT3BA7MW011703,https://www.easyautosales.com/used-cars/2021-Nissan-Rogue-SV-119000590.html
"5,543 EUR (5,995 USD)",Dodge,Journey,3.5 SXT,"133,268 mi",2010,Petrol,Crossover,White,Plainfield,175 kW (238 HP),Automatic,3D4PG5FV9AT225096,https://www.cars.com/vehicledetail/3be5970d-0e00-424a-ad1b-77bab991b338//
"10,167 EUR (10,995 USD)",Cadillac,Srx,3.6 premium v6,"107,551 mi",2016,Petrol,Suv,Black,Street,229 kW (311 HP),Automatic,3GYFNDE36GS529388,https://www.easyautosales.com/used-cars/2016-Cadillac-SRX-AWD-4dr-Premium-Collection-117938374.html
"8,783 EUR (9,498 USD)",Subaru,Forester,2.0 X,"169,892 mi",2010,Petrol,Suv,Black,Fort Collins,126 kW (171 HP),Automatic,JF2SH6DC9AH728736,https://www.cars.com/vehicledetail/0aea4538-39d9-4fe5-be6e-c9faf38d383c//
"19,419 EUR (20,999 USD)",Chevrolet,Colorado,3.6 LT,"98,867 mi",2016,Petrol,Pickup,Gray,Colorado Springs,229 kW (311 HP),Automatic,1GCGSCE33G1323041,https://www.cars.com/vehicledetail/1e408fc4-7301-4b5b-b980-face26ff4192//
"4,622 EUR (4,999 USD)",Dodge,Grand Caravan,3.3 SE V6,"152,725 mi",2010,Petrol,Mpv,Blue,Bethany,130 kW (177 HP),Automatic,2D4RN4DEXAR244500,https://www.cars.com/vehicledetail/04bc813b-630c-44d4-ac26-4b0288e0ca26//
"21,727 EUR (23,495 USD)",Gmc,Terrain,1.5,"47,402 mi",2020,Petrol,Suv,White,Manahawkin,126 kW (171 HP),Automatic,3GKALPEV9LL345094,https://www.easyautosales.com/used-cars/2020-GMC-Terrain-SLT-FWD-4dr-119166516.html
"20,012 EUR (21,640 USD)",Jeep,Grand Cherokee,3.6 Limited,"53,680 mi",2021,Petrol,Suv,Black,Tampa,218 kW (296 HP),Automatic,1C4RJEBG0MC656361,https://www.easyautosales.com/used-cars/2021-Jeep-Grand-Cherokee-Limited-118702832.html
"18,236 EUR (19,720 USD)",Hyundai,Tucson,2.5,"30,313 mi",2022,Petrol,Suv,Gray,Tampa,139 kW (189 HP),Automatic,5NMJB3AE0NH047398,https://www.cars.com/vehicledetail/dab82567-daed-4677-a508-3177be7f3edf//
"17,561 EUR (18,990 USD)",Nissan,Titan,5.6 PRO-4X,"84,349 mi",2012,Petrol,Pickup,Black,Street,236 kW (321 HP),Automatic,1N6AA0CC8CN329086,https://www.cars.com/vehicledetail/ee56e4a3-0a60-47ac-b14f-e26630b2b0c6//
"20,744 EUR (22,432 USD)",Honda,Hr-V,1.8,"24,141 mi",2021,Petrol,Crossover,White,Jamaica,105 kW (143 HP),Automatic,3CZRU6H51MM717292,https://www.easyautosales.com/used-cars/2021-Honda-HR-V-EX-118147364.html
"17,566 EUR (18,995 USD)",Ford,Ranger,4.0 Sport,"25,170 mi",2010,Petrol,Pickup,Black,Alameda,154 kW (209 HP),Manual,1FTLR4FE5APA46509,https://www.cars.com/vehicledetail/99b19ae1-2723-415c-8872-8213d3ea9e43//
"20,233 EUR (21,879 USD)",Jeep,Grand Cherokee,3.6 Limited,"63,009 mi",2021,Petrol,Suv,White,Tampa,218 kW (296 HP),Automatic,1C4RJEBGXMC678903,https://www.easyautosales.com/used-cars/2021-Jeep-Grand-Cherokee-Limited-118335784.html
"16,641 EUR (17,995 USD)",Hyundai,Kona,electro,"14,704 mi",2021,Electric,Crossover,Black,Farmingdale,149 kW (203 HP),Automatic,KM8K23AG9MU132362,https://www.cars.com/vehicledetail/c9b93dc9-6b7d-4b98-bdb7-ef7ae70530f1//
"18,363 EUR (19,857 USD)",Cadillac,Xt5,3.6,"53,992 mi",2019,Petrol,Suv,Black,Tampa,231 kW (314 HP),Automatic,1GYKNARS3KZ137799,https://www.easyautosales.com/used-cars/2019-Cadillac-XT5-FWD-118702872.html
"21,822 EUR (23,598 USD)",Chevrolet,Equinox,1.5,"16,980 mi",2022,Petrol,Suv,Gray,Pacific,127 kW (173 HP),Automatic,2GNAXKEV1N6107824,https://www.cars.com/vehicledetail/e4539e1a-37d5-49f9-b11b-f115201df070//
"11,092 EUR (11,995 USD)",Toyota,Sequoia,5.7 limited,"209,282 mi",2010,,Suv,Black,Lafayette,284 kW (386 HP),Automatic,5TDJW5G14AS028834,https://www.easyautosales.com/used-cars/2010-Toyota-Sequoia-Limited-118511060.html
"20,340 EUR (21,995 USD)",Ford,F250,6.2 XLT,"116,679 mi",2016,Petrol,Pickup,Black,Saint Louis,287 kW (390 HP),Automatic,1FT7X2B67GEB01282,https://www.easyautosales.com/used-cars/2016-Ford-F-250-XLT-118076268.html
"3,694 EUR (3,995 USD)",Chevrolet,Venture,3.4 Base,"114,476 mi",2003,Petrol,Mpv,Silver,Snohomish,137 kW (186 HP),Automatic,1GNDX03E43D324206,https://www.easyautosales.com/used-cars/2003-Chevrolet-Venture-Base-117965770.html
"14,791 EUR (15,995 USD)",Hyundai,Sonata,2.0 Plug-In Hybrid,"52,380 mi",2017,Hybrid,Sedan,White,Cypress,150 kW (204 HP),Automatic,KMHE14L29HA062635,https://www.cars.com/vehicledetail/e0f47d47-eada-4290-84a1-9697d23a66b1//
"17,381 EUR (18,796 USD)",Jeep,Compass,2.4 Limited,"62,599 mi",2018,Petrol,Crossover,Blue,South Boston,134 kW (182 HP),Automatic,3C4NJDCB9JT264796,https://www.cars.com/vehicledetail/1db0e1b0-295b-4a4c-bd49-3beca0825024//
"13,869 EUR (14,998 USD)",Chevrolet,Bolt Ev,electro,"64,548 mi",2017,Electric,Mini,Blue,Fort Payne,150 kW (204 HP),Automatic,1G1FX6S02H4148346,https://www.cars.com/vehicledetail/50d28406-9715-4842-89e6-ec4906da20b3//
"17,012 EUR (18,396 USD)",Jeep,Compass,2.4,"67,164 mi",2018,Petrol,Crossover,Green,Crossville,134 kW (182 HP),Automatic,3C4NJCBB3JT140499,https://www.cars.com/vehicledetail/82d242ac-978f-4e6a-a0a5-11962bfb1173//
"19,900 EUR (21,519 USD)",Jeep,Grand Cherokee,3.6,"84,503 mi",2019,Petrol,Suv,White,Hollywood,562 kW (764 HP),Automatic,1C4RJFLG9KC636224,https://www.cars.com/vehicledetail/2f4eb752-0c23-477c-8d85-e0265415cab3//
"18,033 EUR (19,500 USD)",Subaru,Legacy,2.5 Premium,"46,995 mi",2020,Petrol,Wagon,Black,Baltimore,193 kW (262 HP),,4S3BWAC68L3025647,https://www.easyautosales.com/used-cars/2020-Subaru-Legacy-Premium-118469458.html
"18,490 EUR (19,995 USD)",Nissan,Leaf,electro,"23,000 mi",2022,Electric,Hatchback,White,Mishawaka,160 kW (218 HP),Automatic,1N4BZ1CV2NC552073,https://www.easyautosales.com/used-cars/2022-Nissan-LEAF-SV-PLUS-EV-118511042.html
"13,676 EUR (14,789 USD)",Jeep,Compass,2.4,"107,173 mi",2018,Petrol,Crossover,Silver,Akron,134 kW (182 HP),Automatic,3C4NJDDB1JT501764,https://www.cars.com/vehicledetail/6fbd1826-a35f-4b14-86b1-19cb06c6a909//
"6,472 EUR (6,999 USD)",Subaru,Forester,2.0 X,"138,669 mi",2010,Petrol,Suv,Blue,New Britain,126 kW (171 HP),Automatic,JF2SH6CC6AH780374,https://www.cars.com/vehicledetail/6aaee08f-e1f7-4213-9c35-ee821f0b1f04//
"19,316 EUR (20,888 USD)",Jeep,Compass,2.4,"55,403 mi",2019,Petrol,Crossover,White,Lexington,134 kW (182 HP),Automatic,3C4NJDCB1KT664983,https://www.easyautosales.com/used-cars/2019-Jeep-Compass-High-Altitude-117450742.html
"15,877 EUR (17,169 USD)",Chevrolet,Bolt Ev,electro,"22,720 mi",2020,Electric,Mini,Red,Parkville,149 kW (203 HP),Automatic,1G1FZ6S08L4144451,https://www.cars.com/vehicledetail/4c5d3768-df30-441c-8a8f-fa12e945d7ae//
"17,566 EUR (18,995 USD)",Hyundai,Kona,electro,"23,175 mi",2020,Electric,Crossover,Silver,Branford,149 kW (203 HP),Automatic,KM8K53AG9LU065980,https://www.easyautosales.com/used-cars/2020-Hyundai-Kona-Electric-Ultimate-118634112.html
"9,243 EUR (9,995 USD)",Ford,F150,5.4 XLT,"139,622 mi",2009,Petrol,Pickup,Blue,Saint Louis,238 kW (324 HP),Automatic,1FTPW14V09FA96604,https://www.cars.com/vehicledetail/6aaf5d53-878c-4283-baec-a4f01191bda6//
"21,554 EUR (23,308 USD)",Gmc,Terrain,1.5,"3,483 mi",2024,Petrol,Suv,White,Tampa,130 kW (177 HP),Automatic,3GKALMEG1RL150728,https://www.easyautosales.com/new-cars/2024-GMC-Terrain-SLE-118893908.html
"10,311 EUR (11,150 USD)",Nissan,Pathfinder,4.0 S,"109,563 mi",2012,Petrol,Suv,Silver,Glenwood,270 kW (367 HP),,5N1AR1NB9CC639146,https://www.easyautosales.com/used-cars/2012-Nissan-Pathfinder-S-118576810.html
"21,075 EUR (22,790 USD)",Bmw,X3,3.0 xDrive30i,"61,082 mi",2021,Petrol,Suv,Black,Portland,184 kW (250 HP),Automatic,5UXTY5C04M9F10692,https://www.easyautosales.com/used-cars/2021-BMW-X3-xDrive30i-119158960.html
"19,873 EUR (21,490 USD)",Chevrolet,Equinox,1.5,"13,465 mi",2023,Petrol,Suv,White,Fort Lauderdale,222 kW (302 HP),Automatic,3GNAXKEG4PS175878,https://www.easyautosales.com/used-cars/2023-Chevrolet-Equinox-LT-118057364.html
"20,802 EUR (22,495 USD)",Audi,A7,3.0,"85,343 mi",2016,Petrol,Sedan,Black,South Amboy,248 kW (337 HP),Automatic,WAU2GBFC0GN007249,https://www.cars.com/vehicledetail/258abd72-8111-4589-8d3c-7ca8186b339b//
"20,326 EUR (21,980 USD)",Honda,Hr-V,1.8,"53,728 mi",2021,Petrol,Crossover,Black,Pacific,105 kW (143 HP),Manual,3CZRU6H59MM754882,https://www.cars.com/vehicledetail/d08fcd54-02b7-40ec-9cd1-2d8075e123f8//
"16,264 EUR (17,588 USD)",Chevrolet,Equinox,1.5,"37,511 mi",2020,Petrol,Suv,Silver,,126 kW (171 HP),Automatic,3GNAXSEV1LS539831,https://www.cars.com/vehicledetail/bdbc17c2-7779-4867-8885-ec5b5625ac89//
"19,327 EUR (20,900 USD)",Chevrolet,Camaro,5.7 Z28,"54,944 mi",1998,Petrol,Convertible,Gold,Grand Rapids,227 kW (309 HP),,2G1FP32G8W2136698,https://www.cars.com/vehicledetail/c0339e5d-ae91-46a2-b34b-b66036956b55//
"8,322 EUR (9,000 USD)",Fiat,500e,,"32,776 mi",2015,Electric,Mini,Blue,,83 kW (113 HP),,3C3CFFGE1FT555443,https://www.cars.com/vehicledetail/f6dc9f07-80e8-4160-863f-701134445a50//
"5,076 EUR (5,490 USD)",Subaru,Legacy,2.5,"78,422 mi",2006,Petrol,Wagon,Silver,Midway,125 kW (170 HP),Automatic,4S3BP626367312998,https://www.cars.com/vehicledetail/6d5dec6a-ebe3-4be1-9fec-d3ffeab07535//
"8,314 EUR (8,991 USD)",Subaru,Forester,2.5,"152,490 mi",2009,Petrol,Suv,Blue,Lynnwood,126 kW (171 HP),,JF2SH63679H724191,https://www.cars.com/vehicledetail/eb0d39ae-eecc-4ac5-ba5e-e177fe48a04f//
"21,323 EUR (23,058 USD)",Gmc,Terrain,1.5,"47,270 mi",2021,Petrol,Suv,White,Muscatine,126 kW (171 HP),Automatic,3GKALMEV0ML388870,https://www.cars.com/vehicledetail/86fa9d64-13fa-42f5-b6aa-475b3df2d964//
"15,977 EUR (17,277 USD)",Porsche,Boxster,2.7,"64,930 mi",2004,Petrol,Convertible,Blue,Fulton,167 kW (227 HP),Automatic,WP0CA29874U620566,https://www.cars.com/vehicledetail/da06dc95-16c2-4596-9132-2060ca07c80d//
"18,726 EUR (20,250 USD)",Chevrolet,Equinox,1.5,"63,807 mi",2021,Petrol,Suv,White,Portage,126 kW (171 HP),Automatic,2GNAXKEV2M6147926,https://www.cars.com/vehicledetail/e140b934-bdd3-45ed-9586-648285de594c//
"20,332 EUR (21,987 USD)",Chevrolet,Silverado 1500,6.2,"153,542 mi",2014,Petrol,Pickup,Black,Marshall,313 kW (426 HP),Automatic,3GCUKSEJ0EG325596,https://www.cars.com/vehicledetail/a7975266-1800-46ad-a676-410ef45e5655//
"22,841 EUR (24,700 USD)",Chrysler,Pacifica,3.6 Limited,"52,791 mi",2019,Petrol,Mpv,Silver,Troy,214 kW (291 HP),Automatic,2C4RC1GG7KR721125,https://www.cars.com/vehicledetail/fd4b06aa-4efd-44b1-b6fa-fa0d1a79e052//
"10,819 EUR (11,700 USD)",Subaru,Legacy,2.5 Premium,"102,323 mi",2014,Petrol,Wagon,Gray,Alliance,335 kW (456 HP),,4S3BMCC67E3015082,https://www.cars.com/vehicledetail/86fb4ab9-b38a-41a3-96f6-37167658a6f4//
"10,912 EUR (11,800 USD)",Ford,Expedition,3.5,"243,293 mi",2016,Petrol,Suv,Black,,272 kW (370 HP),Automatic,1FMJK1JT1GEF45582,https://www.cars.com/vehicledetail/226fa423-45c6-433f-a780-dfd92537bff0//
"7,859 EUR (8,499 USD)",Subaru,Outback,2.5,"115,087 mi",2012,Petrol,Crossover,Green,Lakewood,126 kW (171 HP),Automatic,4S4BRBKCXC3296919,https://www.cars.com/vehicledetail/8ffe5c9f-f099-464e-9f86-ffaeb8d95ff6//
"4,513 EUR (4,881 USD)",Nissan,Leaf,,"142,638 mi",2011,Electric,Hatchback,Blue,Capitol,80 kW (109 HP),Automatic,JN1AZ0CP1BT002539,https://www.cars.com/vehicledetail/77760798-74e7-4856-b19f-e4ac1b242d63//
"9,705 EUR (10,495 USD)",Ford,Mustang,4.6 GT,"95,467 mi",2002,Petrol,Convertible,Silver,Street,193 kW (262 HP),,1FAFP45X42F166501,https://www.cars.com/vehicledetail/3d1dafb2-8551-4edb-a60f-e955a523a5f6//
"14,787 EUR (15,990 USD)",Toyota,Tacoma,4.0 PreRunner V6,"159,814 mi",2009,Petrol,Pickup,Black,Jackson,175 kW (238 HP),Automatic,3TMJU62N59M071855,https://www.cars.com/vehicledetail/27075a5a-e712-41d1-a84b-fa9d4c49237a//
"13,363 EUR (14,451 USD)",Jeep,Cherokee,3.2,"123,317 mi",2017,Petrol,Suv,White,,202 kW (275 HP),Automatic,1C4PJMBS7HW538396,https://www.cars.com/vehicledetail/23748f48-df78-47f1-9b90-ce56e4db1da8//
"10,613 EUR (11,477 USD)",Gmc,Acadia,3.6 V6,"138,769 mi",2015,Petrol,Suv,Red,,214 kW (291 HP),Automatic,1GKKVTKDXFJ147008,https://www.cars.com/vehicledetail/7da3893d-4b73-430e-9e17-bd8bc42bcc0d//
"14,794 EUR (15,998 USD)",Acura,Tl,3.5,"36,051 mi",2012,Petrol,Sedan,White,Naples,208 kW (283 HP),Automatic,19UUA8F55CA003122,https://www.cars.com/vehicledetail/a31a40e5-99ef-4fdf-9e9b-f0e595ebd2d1//
"18,493 EUR (19,998 USD)",Cadillac,Xt5,3.6 Premium Luxury,"78,620 mi",2018,Petrol,Suv,Silver,Lemmon,231 kW (314 HP),Automatic,1GYKNERS7JZ237071,https://www.cars.com/vehicledetail/d76396f1-4923-423c-a064-a97451166c33//
"10,630 EUR (11,495 USD)",Toyota,Sienna,3.5,"140,240 mi",2015,Petrol,Mpv,Black,,198 kW (269 HP),Automatic,5TDZK3DC4FS560259,https://www.cars.com/vehicledetail/26b14abf-0a08-49f1-9814-b1cda628face//
"13,866 EUR (14,995 USD)",Lincoln,Town Car,4.6 executive l,"346,000 mi",2011,Petrol,Sedan,Black,Bay,178 kW (242 HP),Automatic,2L1FL8JW7BX755490,https://www.cars.com/vehicledetail/6db0db61-ea2c-420e-989a-3305f38d1e35//
"10,052 EUR (10,870 USD)",Chevrolet,Equinox,2.4,"105,649 mi",2015,Petrol,Suv,Red,Brunswick,135 kW (184 HP),Automatic,2GNALBEK7F6189514,https://www.cars.com/vehicledetail/17dae3ca-b947-4c7b-81d0-f9aa459499eb//
"19,789 EUR (21,399 USD)",Chevrolet,Colorado,2.5 LT,"30,890 mi",2021,Petrol,Pickup,Black,Maple Shade,149 kW (203 HP),Automatic,1GCHSCEA0M1283659,https://www.cars.com/vehicledetail/84c18c11-0c74-469b-96c9-eafdb30f0dee//
"22,192 EUR (23,998 USD)",Subaru,Outback,2.5,"55,682 mi",2020,Petrol,Crossover,Silver,Brevard,193 kW (262 HP),,4S4BTACC9L3184588,https://www.cars.com/vehicledetail/d859e954-f73a-4432-8bc5-adff65c0636c//
"9,246 EUR (9,999 USD)",Dodge,Durango,3.6 SXT,"127,583 mi",2013,,Suv,White,,216 kW (294 HP),Automatic,1C4RDJAG1DC668181,https://www.cars.com/vehicledetail/1b86c1dc-07a1-4108-a63d-cec7d49deeaa//
"10,126 EUR (10,950 USD)",Cadillac,Dts,4.6 Premium,"67,981 mi",2010,Petrol,Sedan,White,,205 kW (279 HP),Automatic,1G6KH5EY5AU101884,https://www.cars.com/vehicledetail/bf7fabdb-3475-436e-8c66-1b4aa1770588//
"4,531 EUR (4,900 USD)",Nissan,Pathfinder,4.0 SV,"226,343 mi",2012,Petrol,Suv,Black,Cherry,270 kW (367 HP),Automatic,5N1AR1NB1CC608439,https://www.cars.com/vehicledetail/7b727a07-ab3c-4bb2-aeb0-0bf68a56b44a//
"8,498 EUR (9,190 USD)",Gmc,Acadia,3.6 SLE,"148,816 mi",2015,Petrol,Suv,Blue,Cincinnati,209 kW (284 HP),Automatic,1GKKRPKD9FJ204150,https://www.cars.com/vehicledetail/135b7c55-5f3f-4dad-b642-d4b82766d325//
"16,174 EUR (17,490 USD)",Jeep,Compass,2.4,"67,032 mi",2018,Petrol,Crossover,Blue,New York,134 kW (182 HP),Automatic,3C4NJDDB9JT174921,https://www.cars.com/vehicledetail/d76c27ef-41a1-4b0e-a101-5a4da2d3f602//
"9,614 EUR (10,397 USD)",Volvo,Xc90,3.2,"128,054 mi",2014,Petrol,Suv,White,Lake Odessa,178 kW (242 HP),Automatic,YV4952CZ4E1681762,https://www.cars.com/vehicledetail/fa203706-51c0-4d5e-b8ca-3d3fba3b47f9//
"8,322 EUR (8,999 USD)",Mitsubishi,Outlander,2.4 SE,"115,843 mi",2017,Petrol,Suv,Silver,Rancho Cordova,123 kW (167 HP),Automatic,JA4AD3A33HZ026970,https://www.cars.com/vehicledetail/b86d3a7f-75fc-4afa-8de3-0d10c7938654//
"9,247 EUR (10,000 USD)",Ford,F150,5.4 Lariat,"69,379 mi",2007,,Pickup,White,Lancaster,223 kW (303 HP),Automatic,1FTPX14V37FA54096,https://www.cars.com/vehicledetail/e7173ae4-ad0f-4112-baa8-1a7d09362b70//
"6,167 EUR (6,669 USD)",Subaru,Outback,2.5,"151,897 mi",2012,Petrol,Crossover,Red,Ridgedale,126 kW (171 HP),Automatic,4S4BRBGC4C3216247,https://www.cars.com/vehicledetail/00c1f87b-e73f-4890-bb93-1d0d51d67151//
"3,694 EUR (3,995 USD)",Chrysler,Town&Country,4.0 V6,"191,160 mi",2010,Petrol,Mpv,Blue,Pearl,187 kW (254 HP),Automatic,2A4RR6DX5AR193142,https://www.cars.com/vehicledetail/8108170f-d763-4ac9-8232-2ea6a9731b68//
"11,555 EUR (12,495 USD)",Hyundai,Santa Fe,2.4 Sport,"65,392 mi",2014,Petrol,Suv,Silver,Troy,141 kW (192 HP),Automatic,5XYZT3LB0EG205445,https://www.cars.com/vehicledetail/5cc801f8-4f28-4511-b27f-652e24fc9416//
"9,705 EUR (10,495 USD)",Jeep,Grand Cherokee,5.7 Overland,"115,671 mi",2012,Petrol,Suv,Gray,Street,,,1C4RJECT6CC305688,https://www.cars.com/vehicledetail/db733563-9d66-407a-9f37-7af7511b8976//
"13,870 EUR (14,999 USD)",Cadillac,Dts,4.6 Luxury,"59,794 mi",2010,Petrol,Sedan,Silver,,205 kW (279 HP),Automatic,1G6KD5EY1AU111789,https://www.cars.com/vehicledetail/430f71ff-4550-443d-91b6-04c06519ff70//
"10,164 EUR (10,991 USD)",Toyota,Sienna,3.5,"68,127 mi",2012,Petrol,Mpv,Red,Ann Arbor,197 kW (268 HP),Automatic,5TDKK3DC1CS276892,https://www.cars.com/vehicledetail/4dfba560-0562-43c4-b98d-dd2a086b1559//
"22,186 EUR (23,991 USD)",Hummer,H2,6.0 Base,"119,352 mi",2004,Petrol,Suv,White,Edmonds,235 kW (320 HP),Automatic,5GRGN23U24H107860,https://www.cars.com/vehicledetail/53e90406-9792-4d07-9925-9d46224ca811//
"21,722 EUR (23,490 USD)",Jeep,Renegade,2.4 latitude,"1,112 mi",2021,Petrol,Crossover,Black,Pocomoke City,134 kW (182 HP),,ZACNJDBB6MPM33800,https://www.cars.com/vehicledetail/b54b75aa-ade1-4056-a0f4-c2fd56d07d59//
"12,474 EUR (13,489 USD)",Fiat,500 X,2.4,"38,834 mi",2016,Petrol,Crossover,Brown,Deer Park,134 kW (182 HP),Automatic,ZFBCFYBT3GP344721,https://www.cars.com/vehicledetail/4d13c288-a4bb-4af9-8c8f-adce9148b6f8//
"19,317 EUR (20,889 USD)",Subaru,Outback,2.5,"53,604 mi",2020,Petrol,Crossover,White,Grand Prairie,193 kW (262 HP),Automatic,4S4BTACC0L3146151,https://www.cars.com/vehicledetail/bc553acf-c8fd-4000-8ad3-49fb403c3ed2//
"9,237 EUR (9,989 USD)",Gmc,Acadia,3.6 SL,"136,311 mi",2016,Petrol,Suv,White,,209 kW (284 HP),Automatic,1GKKR1ED8GJ226456,https://www.cars.com/vehicledetail/7a727ea3-2693-4c58-97fe-b4a3d97eae9b//
"7,583 EUR (8,200 USD)",Jeep,Laredo,3.6,"134,129 mi",2011,Petrol,Suv,Black,Chicago,216 kW (294 HP),Automatic,1J4RS4GG8BC503265,https://www.cars.com/vehicledetail/26a09333-27de-4984-817c-223037976f54//
"13,870 EUR (14,999 USD)",Toyota,Matrix,1.8 xr,"104,830 mi",2006,Petrol,Mpv,Black,,87 kW (118 HP),Automatic,2T1LR32E76C562697,https://www.cars.com/vehicledetail/9b2b19b1-deb6-4f9e-a5d5-3ea2680beaca//
"19,697 EUR (21,300 USD)",Subaru,Outback,2.5,"99,666 mi",2021,Petrol,Crossover,White,Troy,135 kW (184 HP),,4S4BTADC1M3128466,https://www.cars.com/vehicledetail/07482c34-1015-4337-88c2-248dbaca2997//
"20,209 EUR (21,854 USD)",Honda,Hr-V,1.8,"10,088 mi",2021,Petrol,Crossover,Blue,,105 kW (143 HP),Automatic,3CZRU6H18MM711745,https://www.cars.com/vehicledetail/637b9be0-1116-4660-9715-a0d17af6b20c//
"19,049 EUR (20,599 USD)",Nissan,Rogue,2.5 SV,"27,393 mi",2020,Petrol,Crossover,Black,West End,126 kW (171 HP),Automatic,JN8AT2MV2LW132261,https://www.cars.com/vehicledetail/17696bc8-50ed-4bbe-a3e0-104a8bb70dab//
"19,410 EUR (20,990 USD)",Subaru,Outback,2.5,"49,296 mi",2020,Petrol,Crossover,Gray,Mequon,193 kW (262 HP),,4S4BTAAC7L3229661,https://www.cars.com/vehicledetail/a3a92b6f-b965-40fe-a6ab-cce8a1009a10//
"6,362 EUR (6,880 USD)",Lincoln,Town Car,4.6 Signature,"177,666 mi",2006,Petrol,Sedan,White,Cloverdale,178 kW (242 HP),Automatic,1LNHM82V76Y609834,https://www.cars.com/vehicledetail/c5d83d6c-511e-485d-a2c1-6ec87b12496e//
"17,524 EUR (18,950 USD)",Nissan,Titan,5.6 LE,"68,678 mi",2008,Petrol,Pickup,Blue,,236 kW (321 HP),Automatic,1N6BA07D08N352652,https://www.cars.com/vehicledetail/dcaed69d-74c4-434b-be89-8298833ee6fc//
"4,530 EUR (4,899 USD)",Ford,Expedition,5.4 Eddie Bauer,"137,950 mi",1999,Petrol,Suv,Blue,Sandy,193 kW (262 HP),,1FMPU18L7XLA42418,https://www.cars.com/vehicledetail/4ce879b1-574a-4fb0-81b9-55426acc93ce//
"6,842 EUR (7,399 USD)",Jeep,Liberty,Sport,"158,357 mi",2012,Petrol,Suv,Black,Bordentown,156 kW (212 HP),,1C4PJMAK7CW205836,https://www.cars.com/vehicledetail/2fb8d195-2ab7-4d04-91a5-d9b9f8c4a94d//
"13,866 EUR (14,995 USD)",Jeep,Wrangler,3.8 Sport,"91,651 mi",2011,Petrol,Suv,Silver,Ridgedale,150 kW (204 HP),Automatic,1J4GA2D18BL532294,https://www.cars.com/vehicledetail/56835ba1-6811-4161-9724-64af151dc88d//
"19,420 EUR (21,000 USD)",Honda,Hr-V,1.8,"41,274 mi",2021,Petrol,Crossover,Blue,,105 kW (143 HP),Automatic,3CZRU6H52MM721738,https://www.cars.com/vehicledetail/4490f1b7-eacd-4207-a5fa-55ff8eb8667c//
"3,694 EUR (3,995 USD)",Ford,Freestar,4.2 SEL,"173,583 mi",2006,Petrol,Mpv,Blue,Cedar Rapids,149 kW (203 HP),Automatic,2FMZA52286BA60045,https://www.cars.com/vehicledetail/50f9271c-41a5-4204-a163-b2f2298b0d84//
"16,553 EUR (17,900 USD)",Ford,Escape,1.5,"75,296 mi",2018,Petrol,Suv,Red,,133 kW (181 HP),Automatic,1FMCU9GD3JUD13029,https://www.cars.com/vehicledetail/9cf7a1ed-3833-47fd-a67c-e9a0255daf01//
"15,783 EUR (17,068 USD)",Chevrolet,Bolt Ev,lt,"25,366 mi",2021,Electric,Mini,Black,Green Bay,149 kW (203 HP),Automatic,1G1FY6S01M4100134,https://www.cars.com/vehicledetail/54a308a3-21f1-4165-a726-5b508a8af174//
"20,797 EUR (22,489 USD)",Jaguar,F-Pace,2.0,"63,270 mi",2019,Petrol,Crossover,White,Lawrenceville,220 kW (299 HP),Automatic,SADCK2GX0KA391111,https://www.cars.com/vehicledetail/a067ee3b-7494-47c5-bcc1-8f5afafd098a//
"14,514 EUR (15,695 USD)",Lincoln,Mks,3.7 Base,"48,878 mi",2014,Petrol,Sedan,Black,Troy,226 kW (307 HP),Automatic,1LNHL9DK0EG604121,https://www.cars.com/vehicledetail/5bb71416-cf6e-43eb-b6fa-d95a6cc892b7//
"7,393 EUR (7,995 USD)",Honda,Ridgeline,3.5 RTL,"199,390 mi",2008,Petrol,Pickup,Silver,Deer Park,184 kW (250 HP),Automatic,2HJYK16578H516221,https://www.cars.com/vehicledetail/c4155cc3-baf7-4767-b413-18cba38cc208//
"17,108 EUR (18,500 USD)",Chevrolet,Corvette,5.7 Base,"45,613 mi",2003,Petrol,Convertible,Red,,260 kW (354 HP),Automatic,1G1YY32G535121422,https://www.cars.com/vehicledetail/11f8f6e3-ece3-4716-9772-b36fa2fa028b//
"5,455 EUR (5,899 USD)",Gmc,Sierra 1500,5.3 SLT,"224,242 mi",2004,Petrol,Pickup,Black,,219 kW (298 HP),Automatic,2GTEK13T841396684,https://www.cars.com/vehicledetail/8d4c6d2a-85a1-49a4-84a5-5d6d2b7b172c//
"20,338 EUR (21,993 USD)",Jeep,Cherokee,4.0 Limited,"45,168 mi",2019,Petrol,Suv,Black,Eau Claire,202 kW (275 HP),Automatic,1C4PJMDX8KD349588,https://www.cars.com/vehicledetail/5ec269b3-ddf9-4fa8-8cc4-6e2abee3efea//
"13,855 EUR (14,983 USD)",Chevrolet,Volt,1.5 Premier,"101,578 mi",2017,Hybrid,Hatchback,Red,Saginaw,111 kW (151 HP),Automatic,1G1RB6S54HU104792,https://www.cars.com/vehicledetail/d01a9df7-3168-4830-828e-ec661fc7d9e2//
"19,420 EUR (21,000 USD)",Jeep,Compass,2.4,"26,771 mi",2021,Petrol,Crossover,Black,Newtown,134 kW (182 HP),Automatic,3C4NJDDB0MT510685,https://www.cars.com/vehicledetail/46c64aa3-e89e-4974-a626-a9a48f8eae18//
"12,483 EUR (13,499 USD)",Kia,Sorento,3.3 LX,"121,962 mi",2019,Petrol,Suv,Silver,Indiana,216 kW (294 HP),Automatic,5XYPGDA56KG486791,https://www.cars.com/vehicledetail/395d708b-31b4-4487-ad14-ad63057d14b3//
"12,899 EUR (13,949 USD)",Chevrolet,Equinox,1.5,"109,277 mi",2018,Petrol,Suv,White,Orfordville,127 kW (173 HP),Automatic,2GNAXSEV5J6207094,https://www.cars.com/vehicledetail/2297d4c8-44f4-4f62-abfa-8124d996ca6e//
"20,798 EUR (22,490 USD)",Jeep,Compass,2.4,"37,548 mi",2020,Petrol,Crossover,Black,Belmont,134 kW (182 HP),Automatic,3C4NJDCB5LT258111,https://www.cars.com/vehicledetail/670c159a-134e-4cb0-94da-98f42b0a3efa//
"6,472 EUR (6,999 USD)",Pontiac,G6,3.5 gt,"161,739 mi",2008,Petrol,Convertible,Black,,163 kW (222 HP),Automatic,1G2ZH17N884105966,https://www.cars.com/vehicledetail/cb125985-89d7-4b98-9ebf-390b2c853e96//
"14,787 EUR (15,991 USD)",Cadillac,Xts,3.6,"85,677 mi",2015,Petrol,Sedan,Red,Ann Arbor,226 kW (307 HP),Automatic,2G61R5S31F9123337,https://www.cars.com/vehicledetail/492540a0-6c2d-4f56-94a4-a5ef71948023//
"14,795 EUR (15,999 USD)",Gmc,Acadia,3.6,"142,066 mi",2017,Petrol,Suv,Silver,,210 kW (286 HP),Automatic,1GKKVSKD4HJ166019,https://www.cars.com/vehicledetail/ff374f6f-755a-42fc-b31b-768d9a55c9b5//
"11,087 EUR (11,990 USD)",Nissan,Titan,5.6 PRO-4X,"148,074 mi",2011,Petrol,Pickup,Black,Allentown,236 kW (321 HP),,1N6AA0EC5BN312855,https://www.cars.com/vehicledetail/76a67ffc-1102-4eb6-92cb-392439a90d5a//
"12,844 EUR (13,889 USD)",Chevrolet,Bolt Ev,lt,"31,455 mi",2017,Electric,Mini,Gray,,149 kW (203 HP),Automatic,1G1FW6S08H4181113,https://www.cars.com/vehicledetail/b2bc33ec-03d2-4ae4-9731-fee457602e89//
"5,539 EUR (5,990 USD)",Ford,Explorer,4.6 Limited,"186,979 mi",2008,Petrol,Pickup,White,,217 kW (295 HP),Automatic,1FMEU538X8UA48663,https://www.cars.com/vehicledetail/1f5f011e-3f29-42dd-9e4c-c7b8c44ae656//
"21,266 EUR (22,997 USD)",Bmw,4 Series,435 Gran Coupe,"78,033 mi",2015,Petrol,Coupe,White,West Ridge,223 kW (303 HP),Automatic,WBA4B3C5XFGV48234,https://www.cars.com/vehicledetail/9d5d67b7-ee52-4376-8d01-1d1084fc961d//
"16,795 EUR (18,162 USD)",Subaru,Legacy,2.5 Base,"63,904 mi",2020,Petrol,Wagon,Black,,193 kW (262 HP),,4S3BWAB6XL3007264,https://www.cars.com/vehicledetail/474ad782-1106-40f6-8016-8ec7fc03614d//
"21,255 EUR (22,985 USD)",Gmc,Terrain,3.6 Denali,"50,391 mi",2018,,Suv,Gray,Norman,188 kW (256 HP),Automatic,3GKALSEX6JL320798,https://www.cars.com/vehicledetail/a587c201-c676-4105-9853-cc191878f8d8//
"11,097 EUR (12,000 USD)",Toyota,Prius,1.8 Two,"186,521 mi",2014,Hybrid,Hatchback,Silver,,99 kW (135 HP),,JTDZN3EU8E3304348,https://www.cars.com/vehicledetail/4fb9e9e6-e804-4340-89f8-c228266bcf7b//
"9,987 EUR (10,800 USD)",Nissan,Leaf,,"41,447 mi",2015,Electric,Hatchback,White,Old Bridge,80 kW (109 HP),Automatic,1N4AZ0CP2FC321313,https://www.cars.com/vehicledetail/1e2c37a5-b27e-4281-8fe0-978a2cd8797f//
"7,858 EUR (8,498 USD)",Gmc,Terrain,2.4,"168,230 mi",2013,Petrol,Suv,White,Freehold,135 kW (184 HP),Automatic,2GKALYEK4D6413223,https://www.cars.com/vehicledetail/3d541aaf-d71f-45a9-bacc-0d76dca6a779//
"15,987 EUR (17,288 USD)",Chevrolet,Bolt Ev,premier,"49,685 mi",2020,Electric,Mini,Gray,Crestview,149 kW (203 HP),Automatic,1G1FZ6S07L4138060,https://www.cars.com/vehicledetail/5085fd42-6271-4a6d-a102-c8c3952db053//
"19,235 EUR (20,800 USD)",Chevrolet,Colorado,2.5 WT,"115,678 mi",2017,Petrol,Pickup,White,Indianapolis,149 kW (203 HP),Automatic,1GCHTBEA8H1281901,https://www.cars.com/vehicledetail/812f1b1a-a733-423c-bde3-1756e071c2ae//
"7,119 EUR (7,699 USD)",Subaru,Outback,2.5,"115,772 mi",2008,Petrol,Crossover,Gray,Bordentown,126 kW (171 HP),,4S4BP62C687328052,https://www.cars.com/vehicledetail/e81ba0c8-dbba-471d-87cb-39c185f7cd88//
"7,999 EUR (8,650 USD)",Bmw,1 Series,135i,"80,868 mi",2008,Petrol,Convertible,Silver,Frisco,223 kW (303 HP),Automatic,WBAUN93538VF56283,https://www.cars.com/vehicledetail/23307610-a024-4bbd-a659-060431c11c4e//
"6,095 EUR (6,591 USD)",Chevrolet,Tahoe,5.3 LS,"284,887 mi",2002,,Suv,Blue,Viking,212 kW (288 HP),Automatic,1GNEK13Z12J181596,https://www.cars.com/vehicledetail/90b81edf-3b53-4250-a590-fd5be7b7d9cb//
"10,167 EUR (10,995 USD)",Subaru,Legacy,2.5 Limited,"127,076 mi",2011,Petrol,Wagon,Red,,126 kW (171 HP),Automatic,4S3BMBK66B3234994,https://www.cars.com/vehicledetail/8c689015-1a96-4450-abaa-5b9fa24d8a5e//
"6,954 EUR (7,520 USD)",Nissan,Leaf,,"55,315 mi",2015,Electric,Hatchback,Black,Richmond,80 kW (109 HP),,1N4AZ0CP7FC308931,https://www.cars.com/vehicledetail/931cffa6-c163-4615-96c1-d83613c481bf//
"7,393 EUR (7,995 USD)",Ford,F250,6.2 XLT,"202,504 mi",2011,Petrol,Pickup,White,Deer Park,287 kW (390 HP),Automatic,1FT7X2B62BEA30159,https://www.cars.com/vehicledetail/773d789f-a395-4fe9-8a4f-2c9ce5012efc//
"22,097 EUR (23,895 USD)",Subaru,Outback,2.5,"65,785 mi",2020,Petrol,Crossover,Black,Cincinnati,193 kW (262 HP),,4S4BTALC3L3128548,https://www.cars.com/vehicledetail/5fb2673f-075c-4322-babd-43ba590299f5//
"18,028 EUR (19,495 USD)",Jeep,Cherokee,4.0 Sport,"63,853 mi",2016,Petrol,Suv,White,Jericho,202 kW (275 HP),Automatic,1C4PJMBS6GW219862,https://www.cars.com/vehicledetail/e6e413fd-4eb2-456b-8b45-2044f408fe61//
"6,195 EUR (6,700 USD)",Nissan,Leaf,,"47,298 mi",2013,Electric,Hatchback,Blue,Street,80 kW (109 HP),,1N4AZ0CP1DC417088,https://www.cars.com/vehicledetail/a5607ed8-5020-4ee6-80be-5a0ab7fa8af0//
"20,344 EUR (21,999 USD)",Volvo,S60,2.0 t6,"44,937 mi",2020,Petrol,Sedan,Black,Street,235 kW (320 HP),Automatic,7JRA22TK0LG039885,https://www.cars.com/vehicledetail/ff9b84eb-7bb1-4280-8d86-592dccb74286//
"11,096 EUR (11,999 USD)",Gmc,Canyon,3.5,"77,394 mi",2006,Petrol,Pickup,White,Lima,164 kW (223 HP),Automatic,1GTCS136568180535,https://www.cars.com/vehicledetail/13ed1682-ea5a-4532-aeb0-81b9e73a198f//
"13,676 EUR (14,789 USD)",Chevrolet,Bolt Ev,lt,"34,079 mi",2020,Electric,Mini,Gray,,149 kW (203 HP),Automatic,1G1FY6S08L4142153,https://www.cars.com/vehicledetail/77b5d40a-b73a-4de2-8df2-f9e8fafae4e5//
"4,619 EUR (4,995 USD)",Buick,Lacrosse,3.8 cxl,"179,268 mi",2008,Petrol,Sedan,Blue,,149 kW (203 HP),,2G4WD582281137163,https://www.cars.com/vehicledetail/b81e5a4d-8cb8-4a17-bcb6-d57459655fa5//
"13,870 EUR (14,999 USD)",Chevrolet,Silverado 2500,LT3,"124,717 mi",2006,Petrol,Pickup,Blue,,246 kW (335 HP),Automatic,1GCHK23G86F161882,https://www.cars.com/vehicledetail/9bbb356a-2f8e-4eec-a602-c3a7593a3793//
"19,419 EUR (20,999 USD)",Kia,Niro,,"15,388 mi",2020,Electric,Suv,Red,,149 kW (203 HP),Automatic,KNDCC3LG2L5039923,https://www.cars.com/vehicledetail/234d7c9d-7ad3-4600-a6f3-ae06f145c136//
"13,870 EUR (14,999 USD)",Jeep,Grand Cherokee,5.7 Overland,"93,384 mi",2013,Petrol,Suv,Black,Kitty Hawk,268 kW (364 HP),Automatic,1C4RJFCT7DC631572,https://www.cars.com/vehicledetail/b125f089-dca5-49d3-9d7e-8917f7bd3dbb//
"6,468 EUR (6,995 USD)",Subaru,Outback,2.5,"181,470 mi",2012,Petrol,Crossover,Red,Cincinnati,126 kW (171 HP),Automatic,4S4BRCKC2C3269476,https://www.cars.com/vehicledetail/dcace1d5-f165-4865-9fd7-d5e3dcb67995//
"4,622 EUR (4,998 USD)",Saturn,Vue,3.5 base,"133,997 mi",2006,Petrol,Crossover,Blue,Arlington,186 kW (253 HP),Automatic,5GZCZ53486S815170,https://www.cars.com/vehicledetail/dc1e8d4f-7469-4638-b48c-6bd6ae6fcbd6//
"16,641 EUR (17,995 USD)",Chevrolet,Equinox,2.0,"91,077 mi",2018,Petrol,Suv,Red,Rolling Meadows,187 kW (254 HP),Automatic,2GNAXTEX1J6163442,https://www.cars.com/vehicledetail/4d7b8cac-0f6a-4255-b60b-e64b6ef99bad//
"21,235 EUR (22,963 USD)",Land Rover,Discovery,3.0,"80,345 mi",2017,Petrol,Suv,White,,253 kW (344 HP),,SALRRBBV7HA009374,https://www.cars.com/vehicledetail/4af5d9c0-05d0-48ef-a159-94a178d8664d//
"19,392 EUR (20,970 USD)",Ford,Mustang,2.3 EcoBoost,"70,796 mi",2020,Petrol,Convertible,Black,,357 kW (486 HP),Automatic,1FATP8UH7L5125792,https://www.cars.com/vehicledetail/4a431fa6-dcd7-4fd5-af40-a563e03ffe7e//
"7,858 EUR (8,498 USD)",Ford,E250,4.6,"153,148 mi",2006,Petrol,Van,White,,190 kW (258 HP),Automatic,1FTNE24L26DA10053,https://www.cars.com/vehicledetail/549157b7-522c-4f42-bb9b-c6171d0b538f//
"8,314 EUR (8,991 USD)",Subaru,Forester,2.5,"142,901 mi",2010,Petrol,Suv,Gray,Lynnwood,126 kW (171 HP),,JF2SH6BC1AH805926,https://www.cars.com/vehicledetail/42b809cf-3d8e-4707-8891-559d96b5a8b7//
"17,562 EUR (18,991 USD)",Chevrolet,Equinox,1.5,"74,766 mi",2019,Petrol,Suv,Gray,,127 kW (173 HP),Automatic,3GNAXKEV5KS572233,https://www.cars.com/vehicledetail/72ff302f-44b6-4a49-b4c5-f21ca6bbcb08//
"11,092 EUR (11,995 USD)",Honda,Cr-V,2.4 SE,"139,799 mi",2011,Petrol,Suv,Gray,Kansas City,134 kW (182 HP),,5J6RE4H40BL111490,https://www.cars.com/vehicledetail/8f84df91-9f2d-4a96-91cf-250b85ffbef0//
"20,189 EUR (21,832 USD)",Gmc,Acadia,3.6 SLE,"43,532 mi",2019,Petrol,Suv,White,South Orange,143 kW (194 HP),Automatic,1GKKNLLS8KZ222605,https://www.cars.com/vehicledetail/5ef9acda-2d5f-4daf-852a-9b209642f271//
"8,276 EUR (8,950 USD)",Lincoln,Town Car,4.6 Signature,"67,532 mi",2002,Petrol,Sedan,Gray,Pleasant Valley,164 kW (223 HP),Automatic,1LNHM82W72Y653285,https://www.cars.com/vehicledetail/30b2b186-23bb-49a8-95c4-99078bb30042//
"9,700 EUR (10,490 USD)",Ford,Edge,3.5 SEL,"125,362 mi",2014,Petrol,Suv,Red,Bettendorf,212 kW (288 HP),Automatic,2FMDK3JC7EBB11099,https://www.cars.com/vehicledetail/d27a4d51-60c2-4234-80d6-ce36e84c183c//
"18,992 EUR (20,537 USD)",Hyundai,Tucson,2.4,"23,838 mi",2019,Petrol,Suv,Gray,Toms River,134 kW (182 HP),Automatic,KM8J3CAL7KU900410,https://www.cars.com/vehicledetail/b1c1405d-a286-4c79-aef2-f50aaf6bdba7//
"8,318 EUR (8,995 USD)",Dodge,Ram 1500,5.7 SLT,"122,705 mi",2008,,Pickup,Silver,Commerce City,231 kW (314 HP),,1D7HU18NX8S568677,https://www.cars.com/vehicledetail/840d5973-3fac-432c-be3e-3671053650a4//
"7,203 EUR (7,789 USD)",Audi,Tt,1.8,"106,237 mi",2002,Petrol,Convertible,Red,Deer Park,134 kW (182 HP),Manual,TRUTC28N721020443,https://www.cars.com/vehicledetail/feea819a-6651-446d-b8c1-b4e449ed992f//
"22,192 EUR (23,998 USD)",Subaru,Legacy,2.5 Premium,"20,206 mi",2020,Petrol,Wagon,Black,Chattanooga,193 kW (262 HP),,4S3BWAC65L3025850,https://www.cars.com/vehicledetail/096afd85-a64c-4d12-815f-df01e26f339f//
"16,640 EUR (17,994 USD)",Kia,Sportage,2.4 EX,"110,277 mi",2020,Petrol,Crossover,White,Jeffrey,134 kW (182 HP),Automatic,KNDPN3ACXL7736532,https://www.cars.com/vehicledetail/7a6b0f96-8a5c-40da-8623-3014b865b1af//
"10,612 EUR (11,476 USD)",Honda,Pilot,3.5 EX-L,"211,673 mi",2014,Petrol,Suv,White,,186 kW (253 HP),Automatic,5FNYF4H53EB035729,https://www.cars.com/vehicledetail/be96367a-1f00-40f7-b9c4-98ce87263c46//
"13,871 EUR (15,000 USD)",Hyundai,Santa Fe,2.4 Sport,"77,530 mi",2017,Petrol,Suv,White,Centennial,137 kW (186 HP),Automatic,5NMZUDLB1HH024528,https://www.cars.com/vehicledetail/0fa0a62f-1315-4b04-9156-786e8a86a732//
"7,814 EUR (8,450 USD)",Buick,Rendezvous,3.5 cxl,"89,815 mi",2006,Petrol,Suv,Gold,,145 kW (197 HP),Automatic,3G5DA03L76S525893,https://www.cars.com/vehicledetail/4131bd2b-bd33-4c68-af1a-4afe0d1b744c//
"5,539 EUR (5,990 USD)",Mercedes Benz,Clk-Class,430,"147,493 mi",2003,Petrol,Convertible,Blue,,205 kW (279 HP),,WDBLK70G23T144292,https://www.cars.com/vehicledetail/6e581cdd-23f6-456f-9e89-55b3caa46d7d//
"4,434 EUR (4,795 USD)",Chrysler,Town&Country,3.8 Touring,"152,272 mi",2008,Petrol,Mpv,Blue,Greenwood,146 kW (199 HP),Automatic,2A8HR54P18R832857,https://www.cars.com/vehicledetail/de20b127-4ed8-404a-a21e-501f322de8bf//
"5,345 EUR (5,780 USD)",Chevrolet,Hhr,2.2 LT,"190,996 mi",2007,Petrol,Mpv,Black,Ozark,111 kW (151 HP),Automatic,3GNDA23D27S619556,https://www.cars.com/vehicledetail/4383702e-314a-400f-9f09-28f5980a0e55//
"11,087 EUR (11,990 USD)",Jeep,Compass,2.4,"174,493 mi",2018,Petrol,Crossover,Red,Whiteland,134 kW (182 HP),,3C4NJCBB6JT228804,https://www.cars.com/vehicledetail/fafb3c00-ffcd-4bcb-b6b2-f2474b2d3e42//
"22,193 EUR (23,999 USD)",Chevrolet,Equinox,1.5,"23,059 mi",2021,Petrol,Suv,Black,Kokomo,126 kW (171 HP),Automatic,3GNAXKEV0ML316921,https://www.cars.com/vehicledetail/77c1778a-cd7c-47e2-b377-0b3155379602//
"21,265 EUR (22,995 USD)",Mazda,3,2.5,"44,995 mi",2021,Petrol,Hatchback,White,Virginia Beach,138 kW (188 HP),Automatic,JM1BPBCL8M1330006,https://www.cars.com/vehicledetail/93c1adf3-7f2a-47cb-8da1-0c92d1930187//
"10,731 EUR (11,604 USD)",Toyota,Rav4,2.5 Limited,"132,655 mi",2013,Petrol,Suv,Gray,Kingston,131 kW (178 HP),Automatic,2T3DFREV1DW032269,https://www.cars.com/vehicledetail/f40155a8-4de3-4875-afa1-34d5a0f54439//
"19,833 EUR (21,447 USD)",Gmc,Canyon,3.6,"70,119 mi",2016,Petrol,Pickup,Black,Arbuckle,227 kW (309 HP),Automatic,1GTG6CE33G1211909,https://www.cars.com/vehicledetail/63fdaa84-995a-434e-821d-8f2883cbe7c1//
"9,243 EUR (9,995 USD)",Chevrolet,Avalanche,5.3 LTZ,"217,359 mi",2009,,Pickup,Black,,231 kW (314 HP),Automatic,3GNEC32069G111079,https://www.cars.com/vehicledetail/a0546136-e83a-4f0f-828b-880fe1e38d22//
"11,994 EUR (12,970 USD)",Acura,Tl,3.5,"104,799 mi",2013,Petrol,Sedan,Gray,Murfreesboro,208 kW (283 HP),Automatic,19UUA8F59DA005926,https://www.cars.com/vehicledetail/4b5a8a24-2348-4f1e-86ab-d7ba34f09a6e//
"6,924 EUR (7,488 USD)",Ford,F150,5.4 XLT,"102,283 mi",2009,,Pickup,Silver,,238 kW (324 HP),Automatic,1FTPW14V49FA66294,https://www.cars.com/vehicledetail/fc8b9d84-79a0-4ffb-9abf-058c525989d7//
"9,245 EUR (9,998 USD)",Jeep,Laredo,3.6,"113,653 mi",2011,Petrol,Suv,Black,Virginia Beach,216 kW (294 HP),,1J4RR4GG6BC502840,https://www.cars.com/vehicledetail/6d9bbb67-04f0-4b38-9b6f-3a65a2b7aa6b//
"20,344 EUR (22,000 USD)",Audi,Q5,2.0,"72,664 mi",2019,Petrol,Suv,Gray,,184 kW (250 HP),,WA1BNAFY0K2031800,https://www.cars.com/vehicledetail/084c4fce-9e91-464b-95fa-00b309c79f7e//
"20,343 EUR (21,998 USD)",Gmc,Yukon,5.3 SLT,"131,347 mi",2016,Petrol,Suv,Black,,264 kW (359 HP),Automatic,1GKS2BKC9GR289542,https://www.cars.com/vehicledetail/0450b34b-6e25-467f-a9c2-c3359e6a6951//
"7,393 EUR (7,995 USD)",Jeep,Laredo,3.6,"121,761 mi",2011,Petrol,Suv,Silver,Old Bridge,216 kW (294 HP),Automatic,1J4RR4GG1BC514734,https://www.cars.com/vehicledetail/e5f65dc1-6baa-402a-a2e3-a32c6fa33be8//
"9,243 EUR (9,995 USD)",Honda,Cr-V,2.4 EX-L,"153,417 mi",2012,Petrol,Suv,White,Street,137 kW (186 HP),Automatic,5J6RM3H72CL006538,https://www.cars.com/vehicledetail/f794e76c-03eb-4899-b36a-1d70b7216a2e//
"13,848 EUR (14,975 USD)",Mitsubishi,Outlander Sport,2.0 es,"101,405 mi",2020,Petrol,Crossover,Black,Denton,110 kW (150 HP),,JA4AP3AU4LU012226,https://www.cars.com/vehicledetail/a87777b5-d5f5-44ef-9d40-fe80860fb963//
"5,530 EUR (5,980 USD)",Bmw,3 Series,323i,"125,571 mi",1999,Petrol,Convertible,Silver,Midway,125 kW (170 HP),Automatic,WBABJ8339XEM24832,https://www.cars.com/vehicledetail/158036e4-11ce-48e3-a5e6-085b7839cd9f//
"17,014 EUR (18,399 USD)",Chevrolet,Equinox,1.5,"43,796 mi",2019,Petrol,Suv,Gray,Milwaukee,127 kW (173 HP),Automatic,2GNAXTEV9K6188668,https://www.cars.com/vehicledetail/72f9b858-1294-4f09-9a66-b8da83455382//
"8,230 EUR (8,900 USD)",Land Rover,Range Rover Sport,5.0,"133,066 mi",2012,Petrol,Suv,Blue,Burlington,380 kW (517 HP),Automatic,SALSF2D43CA747728,https://www.cars.com/vehicledetail/e323689c-9165-499f-80d7-e6ab2bb23934//
"21,470 EUR (23,217 USD)",Ford,Flex,3.5 Limited,"69,066 mi",2019,Petrol,Mpv,Silver,,214 kW (291 HP),Automatic,2FMGK5D84KBA13675,https://www.cars.com/vehicledetail/c916435c-e867-4c71-ae5f-485f38a0908e//
"17,547 EUR (18,975 USD)",Chevrolet,Trax,1.4 lt,"35,697 mi",2021,Petrol,Crossover,Black,Cedarburg,102 kW (139 HP),Automatic,KL7CJPSB9MB311144,https://www.cars.com/vehicledetail/62901699-efd0-427e-ba23-95a1b5f510ae//
"16,624 EUR (17,977 USD)",Chevrolet,Bolt Ev,lt,"11,306 mi",2019,Electric,Mini,Gray,,149 kW (203 HP),Automatic,1G1FY6S03K4124934,https://www.cars.com/vehicledetail/947b5015-ed1f-4248-8d0c-ef1a7823a4ae//
"16,644 EUR (17,999 USD)",Ford,F150,3.5,"131,241 mi",2013,Petrol,Pickup,Black,Plaza,268 kW (364 HP),Automatic,1FTFW1ET1DFA31049,https://www.cars.com/vehicledetail/9c84fbcd-32c2-4944-927d-2a35c8ead35b//
"13,853 EUR (14,980 USD)",Toyota,Fj Cruiser,4.0,"95,380 mi",2008,Petrol,Suv,White,Reno,178 kW (242 HP),Automatic,JTEBU11F48K053852,https://www.cars.com/vehicledetail/488ca653-e391-490a-9991-e80212161a0d//
"13,863 EUR (14,991 USD)",Chevrolet,Colorado,3.6 Z71,"183,838 mi",2015,Petrol,Pickup,Gray,Cedarburg,227 kW (309 HP),Automatic,1GCGTCE30F1241599,https://www.cars.com/vehicledetail/8a726ef1-a351-4bf6-9254-f0da2f40f165//
"16,645 EUR (18,000 USD)",Ford,Mustang,2.3 EcoBoost,"64,567 mi",2020,Petrol,Convertible,White,,357 kW (486 HP),Manual,1FATP8UH9L5101543,https://www.cars.com/vehicledetail/3d15d5f8-20cf-4ec0-a19f-9872638df73e//
"8,137 EUR (8,799 USD)",Subaru,Outback,2.5,"124,981 mi",2010,Petrol,Crossover,Gray,Bordentown,126 kW (171 HP),,4S4BRBGC8A3354645,https://www.cars.com/vehicledetail/e3fe9da4-4ff1-4bc2-815d-03ce35ba2a87//
"12,937 EUR (13,990 USD)",Dodge,Ram 1500,4.7 SLT,"107,000 mi",2011,,Pickup,Silver,Camp Hill,231 kW (314 HP),,1D7RV1CP1BS518851,https://www.cars.com/vehicledetail/b056d615-d644-45e0-ba1e-0025f0e3b68f//
"8,737 EUR (9,448 USD)",Chevrolet,Equinox,2.4 LTZ,"78,154 mi",2012,,Suv,Red,Toms River,196 kW (267 HP),,2GNFLFE52C6290530,https://www.cars.com/vehicledetail/4267830a-feaf-4f0f-8361-3a1b8ba104e1//
"10,912 EUR (11,800 USD)",Hyundai,Sonata,2.4 Base,"89,537 mi",2017,Petrol,Sedan,Silver,Troy,137 kW (186 HP),Automatic,5NPE24AF8HH487182,https://www.cars.com/vehicledetail/6d40c10b-50af-4588-aa96-d6b0293a93ef//
"13,779 EUR (14,900 USD)",Mitsubishi,Outlander,2.4 ES,"102,617 mi",2017,Petrol,Suv,Brown,Bloomington,123 kW (167 HP),Automatic,JA4AD2A37HZ051672,https://www.cars.com/vehicledetail/c641c0a3-4f62-4bcd-a7b2-11a49d91ce0c//
"14,329 EUR (15,495 USD)",Chevrolet,Equinox,1.5,"100,562 mi",2019,Petrol,Suv,Gray,Henrietta,127 kW (173 HP),Automatic,3GNAXHEV3KS677310,https://www.cars.com/vehicledetail/58eae20d-4ddf-4234-8808-6465c0b61bb6//
"19,138 EUR (20,695 USD)",Subaru,Forester,2.5,"75,276 mi",2020,Petrol,Suv,Black,,135 kW (184 HP),,JF2SKADCXLH526303,https://www.cars.com/vehicledetail/536fc2e9-6a57-4f23-a9e9-d812acfba215//
"6,931 EUR (7,495 USD)",Nissan,Leaf,,"56,152 mi",2016,Electric,Hatchback,White,Marana,80 kW (109 HP),Automatic,1N4AZ0CP6GC310252,https://www.cars.com/vehicledetail/8144f0b6-ef7a-479e-96e5-00b53fdfae45//
"16,624 EUR (17,977 USD)",Cadillac,Xt5,3.6 Premium Luxury,"91,116 mi",2017,Petrol,Suv,Silver,San Fernando,231 kW (314 HP),Automatic,1GYKNCRS4HZ105836,https://www.cars.com/vehicledetail/f976e7a0-234b-4d60-aa3d-b7df1c08b4de//
"13,409 EUR (14,500 USD)",Chevrolet,Avalanche,5.3 LT,"35,252 mi",2012,,Pickup,Black,Centreville,238 kW (324 HP),Automatic,3GNTKFE72CG138520,https://www.cars.com/vehicledetail/a8657058-e158-4f4b-98eb-d1625222b5b0//
"20,062 EUR (21,695 USD)",Ford,F150,3.5,"119,574 mi",2017,Petrol,Pickup,Black,Troy,210 kW (286 HP),Automatic,1FTFX1EG4HFB88175,https://www.cars.com/vehicledetail/307813c7-95bf-42ae-9bb7-a7f8b02a9314//
"21,735 EUR (23,504 USD)",Nissan,Leaf,,"36,000 mi",2024,Electric,Hatchback,White,,110 kW (150 HP),,1N4AZ1BV6RC554685,https://www.cars.com/vehicledetail/be94f499-7357-482d-a762-8da2a7cf35a5//
"13,490 EUR (14,588 USD)",Ford,Ranger,4.0 XLT,"70,851 mi",2008,Petrol,Pickup,Blue,,154 kW (209 HP),Automatic,1FTZR45E08PA24875,https://www.cars.com/vehicledetail/2c30cdab-07d1-4c0d-8812-c48e0cc42b1a//
"14,752 EUR (15,953 USD)",Ford,Ecosport,1.0,"49,835 mi",2021,Petrol,Suv,Silver,Waukesha,91 kW (124 HP),Automatic,MAJ3S2KE5MC436347,https://www.cars.com/vehicledetail/e9525162-d4b7-449d-8a23-086ec33fe7a5//
"8,229 EUR (8,899 USD)",Ford,F150,3.5,"320,102 mi",2015,,Pickup,White,Kingston,210 kW (286 HP),Automatic,1FTEW1C81FKD61486,https://www.cars.com/vehicledetail/be52c9ff-451e-4968-9d17-00465a76889f//
"6,468 EUR (6,995 USD)",Ford,F150,5.4 XLT,"205,941 mi",2009,,Pickup,Silver,Lewiston,217 kW (295 HP),Automatic,1FTPF14V79KC75410,https://www.cars.com/vehicledetail/2a9a817f-f5ae-42a2-8c24-c30b015e9438//
"13,460 EUR (14,555 USD)",Volkswagen,E-Golf,,"63,755 mi",2015,Electric,Hatchback,Silver,Scottsdale,85 kW (116 HP),Automatic,WVWKP7AU1FW905500,https://www.cars.com/vehicledetail/1f4864c5-d39c-4f49-91ed-08dcb00402a0//
"10,121 EUR (10,945 USD)",Chevrolet,Equinox,2.4 LS,"92,977 mi",2016,Petrol,Suv,White,Cortez,135 kW (184 HP),Automatic,2GNALBEK2G1167547,https://www.cars.com/vehicledetail/9ddac66e-1618-49c7-8eda-5a57ebe7bc31//
"21,130 EUR (22,850 USD)",Bmw,X5m,,"82,551 mi",2013,Petrol,Suv,White,Iowa,413 kW (562 HP),Automatic,5YMGY0C57D0C11937,https://www.cars.com/vehicledetail/dcba5215-544e-488a-b1ab-d603058aa635//
"17,569 EUR (18,999 USD)",Jeep,Wrangler,3.8 Sahara,"162,810 mi",2011,Petrol,Suv,Green,Suncook,150 kW (204 HP),,1J4AA5D19BL559222,https://www.cars.com/vehicledetail/c4669e19-2757-4706-9332-7411c0cbb39e//
"16,644 EUR (17,998 USD)",Chevrolet,Bolt Ev,premier,"28,751 mi",2021,Electric,Mini,White,Harbor City,149 kW (203 HP),Automatic,1G1FZ6S0XM4101568,https://www.cars.com/vehicledetail/3a5c2684-0d2e-4124-a588-c16bfe237b9b//
"16,271 EUR (17,595 USD)",Chevrolet,Camaro,3.6 2LT,"66,125 mi",2014,,Convertible,Yellow,Mobile,240 kW (326 HP),Automatic,2G1FC3D32E9232984,https://www.cars.com/vehicledetail/176cc0ec-d411-45ae-8727-34f7020335af//
"16,499 EUR (17,842 USD)",Nissan,Rogue Sport,2.0,"60,245 mi",2020,Petrol,Crossover,Black,Brunswick,105 kW (143 HP),,JN1BJ1CW3LW640798,https://www.cars.com/vehicledetail/cb39f6cb-60a7-4137-953c-ba46c774b4d6//
"18,484 EUR (19,988 USD)",Chevrolet,Equinox,1.5,"61,283 mi",2019,Petrol,Suv,Blue,,126 kW (171 HP),Automatic,2GNAXKEV2K6141363,https://www.cars.com/vehicledetail/0ba1ecee-5c91-4836-83ad-3f311885352c//
"12,022 EUR (13,000 USD)",Audi,Tt,1.8,"88,989 mi",2001,Petrol,Convertible,Silver,,167 kW (227 HP),Manual,TRUUT28N411003375,https://www.cars.com/vehicledetail/3c2c09e8-5e1f-4e70-921e-941bb9589e43//
"14,703 EUR (15,900 USD)",Jeep,Cherokee,3.2,"66,208 mi",2015,Petrol,Suv,Black,Gainesville,202 kW (275 HP),Automatic,1C4PJMCS4FW570959,https://www.cars.com/vehicledetail/03888df4-9baa-4cda-b0b3-a51b367b3909//
"16,554 EUR (17,901 USD)",Ford,Edge,2.0,"116,447 mi",2019,Petrol,Suv,Gray,Knoxville,186 kW (253 HP),Automatic,2FMPK4J99KBB96787,https://www.cars.com/vehicledetail/724dac1e-0eba-40ed-b832-7998c8d6dc5b//
"4,161 EUR (4,500 USD)",Kia,Sportage,2.7 EX,"76,160 mi",2009,Petrol,Crossover,Beige,,129 kW (175 HP),,KNDJE723297622237,https://www.cars.com/vehicledetail/c0b8386d-bff0-4641-b943-4536758d29eb//
"8,045 EUR (8,700 USD)",Gmc,Acadia,3.6 SLT-1,"108,900 mi",2010,Petrol,Suv,White,,214 kW (291 HP),Automatic,1GKLRMED5AJ162664,https://www.cars.com/vehicledetail/d682c313-80c6-4414-8f16-c91be774bd45//
"17,101 EUR (18,493 USD)",Chevrolet,Equinox,1.5,"55,614 mi",2021,Petrol,Suv,Gray,Eatontown,126 kW (171 HP),Automatic,3GNAXUEV3ML379961,https://www.cars.com/vehicledetail/b6a6c4a9-14a8-4c74-9539-49593ca0da0e//
"17,566 EUR (18,995 USD)",Hyundai,Veloster N,2.0,"64,775 mi",2020,Petrol,Coupe,Black,,205 kW (279 HP),Manual,KMHT36AH1LU004613,https://www.cars.com/vehicledetail/e180a77c-9990-42a6-8346-b2bdea7c2305//
"11,092 EUR (11,995 USD)",Chevrolet,Silverado 1500,,"206,912 mi",2014,Petrol,Pickup,Green,Worthing,212 kW (288 HP),Automatic,1GCVKREH3EZ346677,https://www.cars.com/vehicledetail/915c9dfc-8a86-42e5-af58-38acdd6e1bc5//
"16,645 EUR (18,000 USD)",Chevrolet,Equinox,1.5,"40,887 mi",2020,Petrol,Suv,Black,,126 kW (171 HP),Automatic,2GNAXUEV2L6102866,https://www.cars.com/vehicledetail/c876dc9e-92db-41af-8d7a-c07eb644147f//
"7,393 EUR (7,995 USD)",Volvo,S60,2.5 T5,"135,000 mi",2012,Petrol,Sedan,Black,,186 kW (253 HP),Automatic,YV1622FS0C2140321,https://www.cars.com/vehicledetail/649c690f-0bc1-4712-b2dc-0659ac2967f5//
"9,155 EUR (9,900 USD)",Mercedes Benz,Clk-Class,320,"51,481 mi",2003,Petrol,Convertible,White,,160 kW (218 HP),Automatic,WDBLK65G43T136052,https://www.cars.com/vehicledetail/412d9b84-4c73-4cc2-bed4-15f472dd18bc//
"6,464 EUR (6,990 USD)",Mercedes Benz,Ml-Class,,"154,589 mi",2009,Petrol,Suv,Gray,Midway,199 kW (271 HP),Automatic,4JGBB86E29A467878,https://www.cars.com/vehicledetail/fb56da52-e1bf-4b88-a8f3-4feee291f1f3//
"21,260 EUR (22,990 USD)",Chevrolet,Equinox,1.5,"24,975 mi",2020,Petrol,Suv,Blue,Jackson,126 kW (171 HP),Automatic,2GNAXKEV1L6285231,https://www.cars.com/vehicledetail/b6aaf819-1b99-4993-b4c5-0283d47d45ff//
"13,866 EUR (14,995 USD)",Cadillac,Xts,3.6,"120,431 mi",2019,Petrol,Sedan,Black,Jacksonville,227 kW (309 HP),Automatic,2G61M5S38K9113655,https://www.cars.com/vehicledetail/4d7b3a38-ec2e-4242-bb41-2cc6428f2c74//
"4,156 EUR (4,495 USD)",Suzuki,Grand Vitara,2.7,"112,265 mi",2006,Petrol,Suv,Black,Street,137 kW (186 HP),,JS3TE947064104243,https://www.cars.com/vehicledetail/7ea30b0e-45d8-4140-99e1-42399bdce400//
"16,636 EUR (17,990 USD)",Subaru,Outback,2.5,"91,607 mi",2019,Petrol,Crossover,Black,,130 kW (177 HP),,4S4BSABC3K3212680,https://www.cars.com/vehicledetail/d5abd1f8-9715-46eb-b986-08a8a6d3e6d2//
"11,929 EUR (12,900 USD)",Mazda,Mx-5 Miata,2.0 Sport,"69,697 mi",2008,Petrol,Convertible,Black,Rolling Meadows,123 kW (167 HP),,JM1NC26F280144309,https://www.cars.com/vehicledetail/35204127-5668-4c0a-a842-4e54aeee1d34//
"21,732 EUR (23,500 USD)",Ford,Edge,2.0,"22,510 mi",2020,Petrol,Suv,Black,Avenue,186 kW (253 HP),Automatic,2FMPK4J91LBB40103,https://www.cars.com/vehicledetail/3b61cdda-4815-49dd-b8f5-fc0b16380a44//
"7,855 EUR (8,495 USD)",Mitsubishi,Outlander,2.4 ES,"161,395 mi",2010,Petrol,Suv,Silver,Paterson,125 kW (170 HP),Automatic,JA4AS2AW1AZ005678,https://www.cars.com/vehicledetail/11e7b806-102c-45f3-961d-a97c752e4724//
"8,318 EUR (8,995 USD)",Ford,Explorer,4.0 XLT,"158,000 mi",2010,Petrol,Pickup,Black,Webster,156 kW (212 HP),Automatic,1FMEU5BE0AUA02417,https://www.cars.com/vehicledetail/1da54c6c-e49c-4235-b8b4-acf3b15347ee//
"14,332 EUR (15,498 USD)",Nissan,Maxima,3.5 SL,"85,421 mi",2017,Petrol,Sedan,Red,Kelley,223 kW (303 HP),,1N4AA6AP2HC450572,https://www.cars.com/vehicledetail/ec531c6f-e972-4aa8-9df6-ff74e15d7716//
"16,317 EUR (17,645 USD)",Hyundai,Tucson,1.6 GDi,"76,729 mi",2018,Petrol,Suv,Blue,Ramsey,130 kW (177 HP),,KM8J3CA2XJU642194,https://www.cars.com/vehicledetail/a8e8ee05-9696-42d9-b4b8-b3c41e20f870//
"7,393 EUR (7,995 USD)",Mazda,3,2.0,"136,902 mi",2010,Petrol,Hatchback,Blue,Deer Park,107 kW (146 HP),Automatic,JM1BL1SG4A1265211,https://www.cars.com/vehicledetail/56334482-93fe-41c4-bb92-19442991dae6//
"13,862 EUR (14,990 USD)",Infiniti,Qx80,5.6,"82,246 mi",2014,Petrol,Suv,White,,298 kW (405 HP),Automatic,JN8AZ2NE4E9062941,https://www.cars.com/vehicledetail/17690a89-a87b-4a3e-b107-4056e8c39993//
"4,253 EUR (4,600 USD)",Mercedes Benz,Ml-Class,430,"161,313 mi",2001,Petrol,Suv,Silver,,199 kW (271 HP),,4JGAB72E41A225237,https://www.cars.com/vehicledetail/48e75b23-6e5e-4a0d-ac6e-f3c0210ed517//
"4,156 EUR (4,495 USD)",Gmc,Yukon,5.3 SLT,"292,800 mi",2003,Petrol,Suv,Gray,Deer Park,212 kW (288 HP),Automatic,1GKEK13Z73J154871,https://www.cars.com/vehicledetail/c7b87450-852c-4008-a02e-5d4cb4fb8a09//
"12,854 EUR (13,900 USD)",Toyota,Rav4,2.5,"170,868 mi",2015,Petrol,Suv,Gray,Sanford,131 kW (178 HP),Automatic,2T3WFREV6FW213427,https://www.cars.com/vehicledetail/9c3bcccc-7b5e-4849-94ac-3e1d820a3ff8//
"14,787 EUR (15,991 USD)",Porsche,Boxster,2.7,"64,162 mi",2006,Petrol,Convertible,Black,Edmonds,469 kW (638 HP),Automatic,WP0CA29836U712602,https://www.cars.com/vehicledetail/fbf806b7-62e5-4c1a-b888-c09976403f4e//
"13,860 EUR (14,988 USD)",Gmc,Acadia,3.6 SLE,"75,841 mi",2015,Petrol,Suv,Red,Montrose,210 kW (286 HP),Automatic,1GKKRPKD9FJ287580,https://www.cars.com/vehicledetail/9c65322e-5d7a-4f55-96a9-17c4d51f1cac//
"19,421 EUR (21,001 USD)",Chevrolet,Equinox,1.5,"67,290 mi",2021,Petrol,Suv,Black,Sheridan,126 kW (171 HP),Automatic,3GNAXUEV3ML313121,https://www.cars.com/vehicledetail/7fe0545b-43a7-4660-9f92-e79ed0c73560//
"13,593 EUR (14,699 USD)",Honda,Hr-V,1.8,"95,469 mi",2018,Petrol,Crossover,White,Miami,105 kW (143 HP),Automatic,3CZRU5H70JM524681,https://www.cars.com/vehicledetail/ca97ec37-3e3c-4e0b-9835-47951b23c330//
"9,246 EUR (9,999 USD)",Subaru,Outback,2.5,"99,214 mi",2009,Petrol,Crossover,Blue,Boulevard,126 kW (171 HP),Automatic,4S4BP61C697338650,https://www.cars.com/vehicledetail/2d3a45c3-87f0-4baa-82b0-cd78d355e4ec//
"17,566 EUR (18,995 USD)",Jeep,Grand Cherokee,3.6 Limited,"77,888 mi",2017,Petrol,Suv,Brown,Richmond,218 kW (296 HP),Automatic,1C4RJFBG8HC808382,https://www.cars.com/vehicledetail/01ede43c-0bd4-4b4e-b8dd-582156f3f3c0//
"22,191 EUR (23,997 USD)",Chevrolet,Equinox,1.5,"37,369 mi",2022,Petrol,Suv,Silver,,127 kW (173 HP),Automatic,3GNAXUEV6NL207358,https://www.cars.com/vehicledetail/1b76b0de-3903-497b-974a-0f166688450a//
"8,137 EUR (8,800 USD)",Chrysler,Sebring,3.5 V6,"72,943 mi",2008,Petrol,Convertible,White,Street,175 kW (238 HP),Automatic,1C3LC65M58N243597,https://www.cars.com/vehicledetail/2f18169b-317b-4387-89f1-b610f00673b9//
"8,318 EUR (8,995 USD)",Subaru,Outback,2.5,"100,993 mi",2006,Petrol,Crossover,Silver,,125 kW (170 HP),Automatic,4S4BP61C967353588,https://www.cars.com/vehicledetail/2d21f2b4-5836-42c9-b5e5-7ff1cf33d7c9//
"7,393 EUR (7,995 USD)",Buick,Lacrosse,3.8 cxl,"82,979 mi",2007,Petrol,Sedan,White,Milford,149 kW (203 HP),,2G4WD582471123456,https://www.cars.com/vehicledetail/7946e84a-b34e-46f5-b313-13660eb69f12//
"19,327 EUR (20,900 USD)",Ford,Mustang,2.3 EcoBoost,"67,814 mi",2020,Petrol,Convertible,White,Mobile,357 kW (486 HP),Manual,1FATP8UH6L5131731,https://www.cars.com/vehicledetail/c79ead29-1133-47d3-9a17-2a3e6cd6e6c5//
"18,032 EUR (19,499 USD)",Honda,Hr-V,1.8,"34,903 mi",2020,Petrol,Crossover,Black,West Bridgewater,105 kW (143 HP),Automatic,3CZRU6H31LG700827,https://www.cars.com/vehicledetail/2b2d4dba-7dcf-48da-acee-d8e2589a1b34//
"9,598 EUR (10,379 USD)",Jeep,Grand Cherokee,3.6 Limited,"142,503 mi",2011,,Suv,Silver,South Wayne,216 kW (294 HP),Automatic,1J4RR5GG8BC567002,https://www.cars.com/vehicledetail/abb9d2c3-bb5a-4165-bf7d-f7407c352b1a//
"5,081 EUR (5,495 USD)",Mercury,Grand Marquis,4.6,"133,964 mi",2002,Petrol,Sedan,Silver,Chardon,164 kW (223 HP),Automatic,2MEFM75W42X628232,https://www.cars.com/vehicledetail/7d66fe8a-2be5-4c12-8365-c39d10ec320e//
"17,567 EUR (18,997 USD)",Jeep,Compass,2.4 Limited,"66,914 mi",2021,Petrol,Crossover,Blue,Street,134 kW (182 HP),Automatic,3C4NJCCB7MT597514,https://www.cars.com/vehicledetail/858d18d3-a74f-448a-b0a5-c53ef0b45f91//
"17,549 EUR (18,977 USD)",Chevrolet,Volt,1.5 Premier,"35,950 mi",2018,Hybrid,Hatchback,Black,,111 kW (151 HP),Automatic,1G1RD6S52JU114656,https://www.cars.com/vehicledetail/f8d37bf8-295e-4749-a765-c0935d25a681//
"19,110 EUR (20,665 USD)",Honda,Hr-V,1.8,"52,082 mi",2020,Petrol,Crossover,Silver,Broken Arrow,105 kW (143 HP),Automatic,3CZRU6H39LM737688,https://www.cars.com/vehicledetail/ca2d8751-86b5-4e61-9fd6-310c04f19fd5//
"10,167 EUR (10,995 USD)",Toyota,Prius,1.8 Four,"145,085 mi",2013,Hybrid,Hatchback,Black,Sunland,60 kW (82 HP),,JTDKN3DU1D5561339,https://www.cars.com/vehicledetail/9cde147f-b30b-49f3-ad5e-15f237feedb1//
"7,388 EUR (7,990 USD)",Chevrolet,Avalanche,5.3 LT,"61,461 mi",2007,,Pickup,Silver,Street,231 kW (314 HP),Automatic,3GNFK123X7G118040,https://www.cars.com/vehicledetail/ab277788-7b51-46d4-a972-07a0b76e15d8//
"5,086 EUR (5,500 USD)",Nissan,Rogue,2.5 S,"160,169 mi",2013,Petrol,Crossover,White,,126 kW (171 HP),,JN8AS5MV9DW632987,https://www.cars.com/vehicledetail/fdc75aca-0423-4595-b280-ff3b649ef2ff//
"22,075 EUR (23,871 USD)",Porsche,Macan,2.0,"106,643 mi",2019,Petrol,Suv,Blue,Leesburg,259 kW (352 HP),,WP1AA2A58KLB00922,https://www.cars.com/vehicledetail/ff490e6a-eb68-4423-a7e4-de8a9d427c65//
"10,625 EUR (11,490 USD)",Chevrolet,Equinox,1.5,"121,155 mi",2018,Petrol,Suv,White,Houston,126 kW (171 HP),Automatic,2GNAXHEV5J6135039,https://www.cars.com/vehicledetail/8ea0adce-bca5-4b43-a49a-5a75989386d9//
"19,623 EUR (21,220 USD)",Gmc,Acadia,3.6,"66,532 mi",2017,Petrol,Suv,Red,Tiffin,209 kW (284 HP),Automatic,1GKKRSKD1HJ190735,https://www.cars.com/vehicledetail/b914d3ac-8086-42ce-b711-63ed6d4738e5//
"20,550 EUR (22,222 USD)",Jeep,Compass,2.4,"10,576 mi",2021,Petrol,Crossover,White,Longwood,134 kW (182 HP),Automatic,3C4NJCEB2MT577362,https://www.cars.com/vehicledetail/dea53ff2-e6a6-4eba-ae0c-138e1d019b22//
"13,805 EUR (14,929 USD)",Lexus,Rx,base,"124,810 mi",2013,Petrol,Suv,Black,Jeffrey,201 kW (273 HP),Automatic,2T2ZK1BA2DC120550,https://www.cars.com/vehicledetail/28955b57-a3f5-4250-a0e6-d5e83a31dabd//
"19,418 EUR (20,998 USD)",Chevrolet,Silverado 2500,ls,"55,588 mi",2003,Petrol,Pickup,Black,,223 kW (303 HP),Automatic,1GCHC23U53F227691,https://www.cars.com/vehicledetail/4cfcc12b-e5f0-40d0-9ebe-02e88cbd05bd//
"17,985 EUR (19,449 USD)",Jeep,Cherokee,4.0 Limited,"108,300 mi",2020,Petrol,Suv,Silver,Loveland,202 kW (275 HP),Automatic,1C4PJMDXXLD602637,https://www.cars.com/vehicledetail/54bc2f94-1790-4d4b-8ec3-be8d22e55ce1//
"5,456 EUR (5,900 USD)",Nissan,Leaf,,"58,252 mi",2013,Electric,Hatchback,Red,Tacoma,79 kW (107 HP),Automatic,1N4AZ0CPXDC400161,https://www.cars.com/vehicledetail/14c0b479-04cd-4897-80d0-880881afe2c2//
"20,344 EUR (21,999 USD)",Audi,Q3,2.0,"86,674 mi",2018,Petrol,Crossover,Gray,Colfax,149 kW (203 HP),,WA1JCCFS1JR008959,https://www.cars.com/vehicledetail/522bf07b-1f76-455f-a389-70921df2f57f//
"7,393 EUR (7,995 USD)",Cadillac,Dts,4.6 Luxury II,"132,849 mi",2008,Petrol,Sedan,White,Asheville,205 kW (279 HP),Automatic,1G6KD57Y18U153497,https://www.cars.com/vehicledetail/c91bfb21-8ffd-42d9-86a9-12f86e3c2c98//
"11,095 EUR (11,998 USD)",Mitsubishi,Outlander,2.4 SE,"108,385 mi",2017,Petrol,Suv,Silver,Bellevue,120 kW (163 HP),,JA4AZ3A34HZ046033,https://www.cars.com/vehicledetail/1c8711aa-b2da-43c0-9e6a-fa83c89ca06d//
"20,807 EUR (22,500 USD)",Chevrolet,Equinox,1.5,"48,996 mi",2020,Petrol,Suv,Black,Saginaw,126 kW (171 HP),Automatic,3GNAXTEV3LL240910,https://www.cars.com/vehicledetail/82dba4d4-ebe1-4852-a924-b6db8596dd0a//
"3,513 EUR (3,799 USD)",Subaru,Forester,2.5,"121,761 mi",2009,Petrol,Suv,Gray,Old Bridge,126 kW (171 HP),Automatic,JF2SH63659H786544,https://www.cars.com/vehicledetail/93db565e-5268-4266-89b4-8ab7cf4b9989//
"21,893 EUR (23,674 USD)",Honda,Hr-V,1.8,"43,987 mi",2019,Petrol,Crossover,Black,Plum,105 kW (143 HP),,3CZRU6H93KM713583,https://www.cars.com/vehicledetail/91975d0c-374d-49f9-810b-cc55cd26ee00//
"20,335 EUR (21,990 USD)",Chevrolet,Camaro,5.7 Z28,"193,000 mi",2001,Petrol,Convertible,Black,Boiling Springs,231 kW (314 HP),,2G1FP32G712136510,https://www.cars.com/vehicledetail/64edf6bd-73dd-42ac-985c-00438c20e4dd//
"13,866 EUR (14,995 USD)",Toyota,4runner,3.4,"77,088 mi",1999,Petrol,Suv,Silver,Snohomish,136 kW (185 HP),Automatic,JT3HN87R3X0203812,https://www.cars.com/vehicledetail/b265eacd-1256-4414-993a-7cb2bab506b1//
"7,372 EUR (7,972 USD)",Nissan,Leaf,,"39,087 mi",2017,Electric,Hatchback,White,,80 kW (109 HP),Automatic,1N4BZ0CP9HC303821,https://www.cars.com/vehicledetail/96327744-0b7f-46c2-9850-0bb5b118db50//
"6,465 EUR (6,992 USD)",Chevrolet,Monte Carlo,3.8 SS,"140,329 mi",2005,Petrol,Coupe,Silver,Fairfield,178 kW (242 HP),,2G1WZ151759207871,https://www.cars.com/vehicledetail/0747d40a-a803-4b20-b5a1-563a1a56d253//
"10,170 EUR (10,998 USD)",Hyundai,Tucson,2.4 Limited,"147,478 mi",2015,Petrol,Suv,Black,,135 kW (184 HP),Automatic,KM8JUCAG7FU103967,https://www.cars.com/vehicledetail/5e750d0c-b8c5-400f-9aba-8a8768239ece//
"17,015 EUR (18,400 USD)",Chevrolet,Equinox,1.5,"49,345 mi",2018,Petrol,Suv,Black,Riverside,126 kW (171 HP),Automatic,2GNAXSEVXJ6347741,https://www.cars.com/vehicledetail/ed26add2-6fe6-4a7a-ae44-71376ca794dc//
"5,913 EUR (6,395 USD)",Dodge,Grand Caravan,3.6,"124,761 mi",2012,Petrol,Mpv,White,Hamburg,211 kW (287 HP),,2C4RDGCG7CR310539,https://www.cars.com/vehicledetail/ff939590-c170-407d-8673-568c8806a1c7//
"10,167 EUR (10,995 USD)",Chevrolet,Spark,1.4 1LT,"61,868 mi",2020,Petrol,Mini,Black,,73 kW (99 HP),,KL8CD6SA5LC447509,https://www.cars.com/vehicledetail/d3765e63-26e8-483d-a9a9-773490d9239c//
"18,485 EUR (19,989 USD)",Honda,Hr-V,1.8,"29,979 mi",2020,Petrol,Crossover,Black,Grand Prairie,105 kW (143 HP),Automatic,3CZRU5H39LM718262,https://www.cars.com/vehicledetail/85325994-3acf-4782-a780-55b5dae2355b//
"8,322 EUR (8,999 USD)",Ford,Excursion,5.4 XLS,"140,738 mi",2004,Petrol,Suv,White,East Windsor,190 kW (258 HP),Automatic,1FMNU41L84EC28133,https://www.cars.com/vehicledetail/dbc9a896-052c-47d6-9dee-5b472a80e5d2//
"13,676 EUR (14,789 USD)",Chevrolet,Bolt Ev,lt,"16,012 mi",2019,Electric,Mini,Gray,,149 kW (203 HP),Automatic,1G1FY6S06K4109859,https://www.cars.com/vehicledetail/3963eac8-9806-4554-ae88-1c6240095a8d//
"18,490 EUR (19,995 USD)",Honda,Hr-V,1.8,"41,759 mi",2022,Petrol,Crossover,Black,,105 kW (143 HP),,3CZRU6H54NM749669,https://www.cars.com/vehicledetail/70a035a2-6619-4fa1-80ab-b28e3936ee60//
"6,372 EUR (6,891 USD)",Gmc,Acadia,3.6 SLT-1,"146,745 mi",2008,Petrol,Suv,Blue,Goldenrod,205 kW (279 HP),Automatic,1GKEV23768J223424,https://www.cars.com/vehicledetail/bdd73b88-8190-458a-ba5c-f2ced4919ff2//
