Price,Make,Model,Mi,Year,Fuel type,Body type,Color,City,Transmission,Contact,Trim,Power,Euro norm
"46,607 EUR (44,988 CHF)",Volvo,Ex30,0 km,2024,Electric,Suv,Black,Kreuzlingen,Automatic,https://www.carforyou.ch/de/auto/volvo/ex30,,,
"15,322 EUR (14,790 CHF)",Mazda,626,"112,003 km",2017,Petrol,Wagon,Black,Spiez,Manual,https://www.carforyou.ch/de/auto/mazda/626,,,
"49,261 EUR (47,550 CHF)",Mazda,Cx-60,0 km,2023,,Suv,Black,Uster,Automatic,https://www.carforyou.ch/de/auto/mazda/cx-60,3.3 e-Skyactiv D,,
"29,526 EUR (28,500 CHF)",Honda,S2000,"12,000 km",2001,,Convertible,Black,Gossau,Manual,https://www.carforyou.ch/de/auto/honda/s2000,,,
"27,600 EUR",Abarth,595,"34,000 km",2019,Petrol,Coupe,,,,https://www.woowmotors.com/car/2019-abarth-500,1.4 competizione,,
"111,300 EUR",Mercedes Benz,190,"106,865 km",1961,Petrol,Sedan,,,Automatic,https://www.woowmotors.com/car/1961-mercedes-benz-190-sl,,,
"47,700 EUR",Citroen,M35,"23,000 km",1970,Petrol,Coupe,,,,https://www.woowmotors.com/car/citroen-m35-prototype-number-465,,,
"100,600 EUR",Porsche,911,"172,500 km",1984,Petrol,,,,,https://www.woowmotors.com/car/1984-porsche-911-32l,3.2,,
"21,200 EUR",Citroen,Dyane,"69,731 km",1980,Petrol,,Orange,,,https://www.woowmotors.com/car/1980-citroen-dyane,,,
"29,700 EUR",Citroen,2cv,"34,515 km",1987,Petrol,,Gray,,,https://www.woowmotors.com/car/1987-citroen-2cv-charlestone,,,
"169,600 EUR",Citroen,Bx,"2,800 km",1984,Petrol,,,,,https://www.woowmotors.com/car/1984-citroen-bx-4tc-44-turbo-groupe-b,,,
"31,700 EUR",Datsun,510,"36,436 km",1971,Petrol,,,,,https://www.woowmotors.com/car/1971-datsun-type-510-1600-sss,,,
"52,900 EUR",Austin,Seven,"30,144 km",1929,Petrol,,,,,https://www.woowmotors.com/car/1929-austin-austin-seven-7,,,
"26,500 EUR",Citroen,2cv,"31,190 km",1986,Petrol,,,,,https://www.woowmotors.com/car/1986-citroen-2cv,,,
"74,200 EUR",Citroen,Visa,187 km,1984,Petrol,,,,,https://www.woowmotors.com/car/1984-citroen-visa-1000-pistes-44,,,
"296,800 EUR",Shelby,Gt500,"92,000 km",1968,Petrol,,Gold,,Automatic,https://www.woowmotors.com/car/1968-shelby-gt-500,,,
"40,196 EUR (38,800 CHF)",Škoda,Enyaq,10 km,2024,Electric,Suv,Blue,,Automatic,https://www.azw.ch/de/angebot/624/skoda-enyaq-iv-60-automat-netto-netto?&page_number=6,electro,134 kW (182 HP),
"48,174 EUR (46,500 CHF)",Alfa Romeo,Tonale,6 km,2024,Hybrid,Crossover,Gray,,Automatic,https://www.azw.ch/de/angebot/1033/alfa-romeo-tonale-1-3-plug-in-hybrid-q4-veloce-pack-premium-automat-35?&page_number=1,1.3,208 kW (283 HP),
"40,922 EUR (39,500 CHF)",Volkswagen,Touareg,"25,500 km",2018,Diesel,Suv,Black,,Automatic,https://www.azw.ch/de/angebot/1014/vw-touareg-3-0tdi-bmt-r-line-262ps-autom?&page_number=9,3.0 TDI,195 kW (265 HP),6
"36,052 EUR (34,800 CHF)",Volkswagen,Golf,11 km,2024,Diesel,Sedan,Black,,Automatic,https://www.azw.ch/de/angebot/1165/vw-golf-2-0-tdi-r-line-dsg-automat-30?&page_number=8,2.0 TDI,111 kW (151 HP),
"30,872 EUR (29,800 CHF)",Škoda,Octavia,"12,400 km",2023,Diesel,Wagon,Blue,,Automatic,https://www.azw.ch/de/angebot/1077/skoda-octavia-combi-2-0-tdi-style-dsg-automat?&page_number=6,2.0 TDI,111 kW (151 HP),6
"30,872 EUR (29,800 CHF)",Škoda,Octavia,"11,300 km",2023,Diesel,Wagon,White,,Automatic,https://www.azw.ch/de/angebot/1076/skoda-octavia-combi-2-0-tdi-style-dsg-automat?&page_number=6,2.0 TDI,111 kW (151 HP),6
"29,526 EUR (28,500 CHF)",Volkswagen,T-Cross,10 km,2024,Petrol,Crossover,Silver,,Automatic,https://www.azw.ch/de/angebot/1044/vw-t-cross-1-0-tsi-evo-style-r-line-aut-35?&page_number=8,1.0 tsi,82 kW (112 HP),6
"39,160 EUR (37,800 CHF)",Bmw,3 Series,"7,400 km",2023,Petrol,Sedan,Black,,Automatic,https://www.azw.ch/de/angebot/873/bmw-330e-m-sport-plug-in-hybrid-steptronic-automat?&page_number=2,330e,217 kW (295 HP),6
"30,872 EUR (29,800 CHF)",Cupra,Formentor,"29,100 km",2021,Petrol,Crossover,Red,,Automatic,https://www.azw.ch/de/angebot/67/cupra-formentor-2-0tsi-vz-4drive-dsg-automat?&page_number=3,2.0 tsi vz,231 kW (314 HP),6
"72,002 EUR (69,500 CHF)",Renault,Master,"1,000 km",2024,Diesel,Van,Gray,,Manual,https://www.azw.ch/de/angebot/171/renault-master-stx-pferdetransporter-2-3-dci-165?&page_number=5,2.3,121 kW (165 HP),6
"47,138 EUR (45,500 CHF)",Alfa Romeo,Tonale,58 km,2024,Hybrid,Crossover,Blue,,Automatic,https://www.azw.ch/de/angebot/1030/alfa-romeo-tonale-1-3-plug-in-hybrid-q4-veloce-automat-31?&page_number=1,1.3,208 kW (283 HP),
"39,160 EUR (37,800 CHF)",Subaru,Solterra,8 km,2024,Electric,Suv,Black,,Automatic,https://www.azw.ch/de/angebot/603/subaru-solterra-ev-luxury-71-4-kwh-awd-autom-38?&page_number=7,,162 kW (220 HP),
"39,160 EUR (37,800 CHF)",Subaru,Solterra,7 km,2024,Electric,Suv,Black,,Automatic,https://www.azw.ch/de/angebot/716/subaru-solterra-ev-luxury-71-4-kwh-awd-autom-38?&page_number=7,,162 kW (220 HP),
"23,620 EUR (22,800 CHF)",Volkswagen,Passat,"31,500 km",2021,Diesel,Wagon,Silver,,Automatic,https://www.azw.ch/de/angebot/995/vw-passat-variant-2-0-tdi-bmt-business-dsg-automat?&page_number=8,2.0 TDI,111 kW (151 HP),6
"23,310 EUR (22,500 CHF)",Volkswagen,Passat,"40,100 km",2020,Diesel,Wagon,Black,,Automatic,https://www.azw.ch/de/angebot/991/vw-passat-variant-2-0-tdi-bmt-business-dsg-automat?&page_number=8,2.0 TDI,111 kW (151 HP),6
"36,570 EUR (35,300 CHF)",Seat,Alhambra,"39,100 km",2022,Petrol,Mpv,Black,,Automatic,https://www.azw.ch/de/angebot/919/seat-alhambra-1-4-tsi-fr-line-7-plaetzer-dsg-automat?&page_number=5,1.4 TSI,111 kW (151 HP),6
"32,944 EUR (31,800 CHF)",Škoda,Octavia,"8,100 km",2023,Diesel,Wagon,Black,,Automatic,https://www.azw.ch/de/angebot/1142/skoda-octavia-combi-2-0-tdi-style-dsg-automat?&page_number=6,2.0 TDI,111 kW (151 HP),
"32,944 EUR (31,800 CHF)",Škoda,Octavia,"6,100 km",2023,Diesel,Wagon,Blue,,Automatic,https://www.azw.ch/de/angebot/1141/skoda-octavia-combi-2-0-tdi-style-dsg-automat?&page_number=6,2.0 TDI,111 kW (151 HP),6
"20,616 EUR (19,900 CHF)",Volkswagen,T-Cross,"26,100 km",2022,Petrol,Crossover,Silver,,Automatic,https://www.azw.ch/de/angebot/1066/vw-t-cross-1-0-tsi-life-dsg-automat?&page_number=8,1.0 tsi,82 kW (112 HP),6
"46,102 EUR (44,500 CHF)",Škoda,Kodiaq,21 km,2024,Diesel,Suv,Black,,Automatic,https://www.azw.ch/de/angebot/1117/skoda-kodiaq-2-0-tdi-cr-sportline-4x4-dsg-automat-7-plaetzer-30?&page_number=6,2.0 2.0 4x4 tdi,149 kW (203 HP),
"34,706 EUR (33,500 CHF)",Bmw,2 Series,"15,200 km",2022,Diesel,Sedan,Gray,,Automatic,https://www.azw.ch/de/angebot/1180/bmw-220d-gran-coupe-m-sport-steptronic-aut?&page_number=2,220D,141 kW (192 HP),6
"27,764 EUR (26,800 CHF)",Seat,Ateca,18 km,2024,Petrol,Suv,White,,Automatic,https://www.azw.ch/de/angebot/1113/seat-ateca-1-5-tsi-evo-style-dsg-auto-30?&page_number=6,1.5 tsi,111 kW (151 HP),
"28,490 EUR (27,500 CHF)",Seat,Ateca,13 km,2024,Petrol,Suv,Gray,,Automatic,https://www.azw.ch/de/angebot/806/seat-ateca-1-5-tsi-evo-style-dsg-auto-31?&page_number=6,1.5 tsi,111 kW (151 HP),6
"30,872 EUR (29,800 CHF)",Mazda,Cx-5,"9,200 km",2023,Petrol,Crossover,Black,,Automatic,https://www.azw.ch/de/angebot/927/mazda-cx-5-e-skyactiv-g-165-homura-fwd-automat?&page_number=4,2.0,123 kW (167 HP),6
"26,728 EUR (25,800 CHF)",Peugeot,3008,"33,200 km",2023,Diesel,Crossover,Black,,Automatic,https://www.azw.ch/de/angebot/937/peugeot-3008-1-5-bluehdi-allure-pack-eat-autom?&page_number=5,1.5 bluehdi,96 kW (131 HP),6
"27,764 EUR (26,800 CHF)",Peugeot,3008,"17,400 km",2023,Diesel,Crossover,Black,,Automatic,https://www.azw.ch/de/angebot/941/peugeot-3008-1-5-bluehdi-allure-pack-eat-autom?&page_number=5,1.5 bluehdi,96 kW (131 HP),6
"30,872 EUR (29,800 CHF)",Mazda,Cx-5,"10,600 km",2023,Petrol,Crossover,Gray,,Automatic,https://www.azw.ch/de/angebot/962/mazda-cx-5-e-skyactiv-g-165-homura-fwd-automat?&page_number=4,2.0,123 kW (167 HP),6
"164,206 EUR (158,500 CHF)",Bentley,Bentayga,"14,900 km",2021,Petrol,Suv,Gray,,Automatic,https://www.azw.ch/de/angebot/1188/bentley-bentayga-v8-design-series-550ps?&page_number=2,4.0 V8,410 kW (558 HP),6
"40,922 EUR (39,500 CHF)",Bmw,X4,"26,100 km",2019,Petrol,Suv,Black,,Automatic,https://www.azw.ch/de/angebot/693/bmw-x4-xdrive-20i-m-sport-x-steptronic-automat?&page_number=2,20i xDrive,137 kW (186 HP),6
"20,202 EUR (19,500 CHF)",Volkswagen,T-Cross,"22,700 km",2022,Petrol,Crossover,Black,,Automatic,https://www.azw.ch/de/angebot/1065/vw-t-cross-1-0-tsi-life-dsg-automat?&page_number=8,1.0 tsi,82 kW (112 HP),6
"43,304 EUR (41,800 CHF)",Bmw,X1,"9,100 km",2023,Petrol,Suv,Black,,Automatic,https://www.azw.ch/de/angebot/791/bmw-x1-sdrive-18i-m-sport-neues-modell-steptr-automat?&page_number=2,18i sDrive,101 kW (137 HP),6
"43,304 EUR (41,800 CHF)",Bmw,X1,"3,200 km",2023,Petrol,Suv,Black,,Automatic,https://www.azw.ch/de/angebot/1128/bmw-x1-sdrive-18i-m-sport-neues-modell-steptr-automat?&page_number=2,18i sDrive,101 kW (137 HP),
"69,204 EUR (66,800 CHF)",Audi,Tt,"8,600 km",2023,Petrol,Coupe,Gray,,Automatic,https://www.azw.ch/de/angebot/1111/audi-tt-coupe-ttrs-quattro-s-tronic-automat-400ps?&page_number=1,2.5,298 kW (405 HP),
"47,448 EUR (45,800 CHF)",Bmw,3 Series,"22,100 km",2023,Petrol,Sedan,Black,,Automatic,https://www.azw.ch/de/angebot/876/bmw-330i-xdrive-m-sport-steptronic-automat?&page_number=2,330i,182 kW (248 HP),6
"23,620 EUR (22,800 CHF)",Citroen,C5 Aircross,"33,300 km",2023,Diesel,Suv,Black,,Automatic,https://www.azw.ch/de/angebot/1149/citroen-c5-aircross-1-5-bluehdi-prestige-eat-automat?&page_number=2,1.5 bluehdi,97 kW (132 HP),6
"23,620 EUR (22,800 CHF)",Citroen,C5 Aircross,"29,300 km",2023,Diesel,Suv,Black,,Automatic,https://www.azw.ch/de/angebot/1067/citroen-c5-aircross-1-5-bluehdi-prestige-eat-automat?&page_number=2,1.5 bluehdi,97 kW (132 HP),
"23,310 EUR (22,500 CHF)",Opel,Mokka,"16,300 km",2022,Petrol,Crossover,,,Automatic,https://www.azw.ch/de/angebot/1027/opel-mokka-1-2-direct-injection-turbo-gs-line-automat?&page_number=5,1.2,96 kW (131 HP),6
"3,626 EUR (3,500 CHF)",Peugeot,4007,,2010,Petrol,Suv,Black,Meilen,Automatic,https://www.carforyou.ch/de/auto/peugeot/4007,2.4,,
"24,760 EUR (23,900 CHF)",Škoda,Kamiq,"22,200 km",2020,Diesel,Suv,,,Automatic,https://www.azw.ch/de/angebot/1168/skoda-kamiq-1-6-tdi-style-dsg-automat?&page_number=6,1.6 TDI,85 kW (116 HP),6
"39,160 EUR (37,800 CHF)",Subaru,Solterra,10 km,2024,Electric,Suv,,,Automatic,https://www.azw.ch/de/angebot/606/subaru-solterra-ev-luxury-71-4-kwh-awd-autom-38?&page_number=7,,162 kW (220 HP),
"39,160 EUR (37,800 CHF)",Tesla,Model 3,"18,200 km",2023,Electric,Sedan,,,Automatic,https://www.azw.ch/de/angebot/895/tesla-model-3-performance-dual-motor-awd-534ps-automat?&page_number=7,0.0 performance,398 kW (541 HP),
"39,160 EUR (37,800 CHF)",Tesla,Model 3,"17,700 km",2023,Electric,Sedan,,,Automatic,https://www.azw.ch/de/angebot/894/tesla-model-3-performance-dual-motor-awd-534ps-automat?&page_number=7,0.0 performance,398 kW (541 HP),
"39,160 EUR (37,800 CHF)",Tesla,Model 3,"17,300 km",2023,Electric,Sedan,,,Automatic,https://www.azw.ch/de/angebot/849/tesla-model-3-performance-dual-motor-awd-534ps-automat?&page_number=7,0.0 performance,398 kW (541 HP),
"40,196 EUR (38,800 CHF)",Tesla,Model 3,"14,600 km",2023,Electric,Sedan,,,Automatic,https://www.azw.ch/de/angebot/850/tesla-model-3-performance-dual-motor-awd-534ps-automat?&page_number=7,0.0 performance,398 kW (541 HP),
"41,232 EUR (39,800 CHF)",Tesla,Model 3,"13,500 km",2023,Electric,Sedan,,,Automatic,https://www.azw.ch/de/angebot/1078/tesla-model-3-performance-dual-motor-awd-534ps-automat?&page_number=7,0.0 performance,398 kW (541 HP),
"27,454 EUR (26,500 CHF)",Bmw,X1,"39,100 km",2019,Petrol,Suv,,,Automatic,https://www.azw.ch/de/angebot/1006/bmw-x1-sdrive-20i-steptronic-dsk-automat?&page_number=2,,104 kW (141 HP),6
"45,480 EUR (43,900 CHF)",Tesla,Model Y,"18,600 km",2022,Electric,Suv,,,Automatic,https://www.azw.ch/de/angebot/841/tesla-model-y-performance-awd-534ps-autom?&page_number=7,0.0 performance,398 kW (541 HP),
"46,516 EUR (44,900 CHF)",Tesla,Model Y,"15,900 km",2022,Electric,Suv,,,Automatic,https://www.azw.ch/de/angebot/840/tesla-model-y-performance-awd-534ps-autom?&page_number=7,0.0 performance,398 kW (541 HP),
"46,930 EUR (45,300 CHF)",Tesla,Model Y,"12,500 km",2022,Electric,Suv,,,Automatic,https://www.azw.ch/de/angebot/777/tesla-model-y-performance-awd-534ps-autom?&page_number=7,0.0 performance,398 kW (541 HP),
"36,778 EUR (35,500 CHF)",Volkswagen,Arteon,"19,100 km",2023,Petrol,Wagon,,,Automatic,https://www.azw.ch/de/angebot/1186/vw-arteon-sb-2-0-tsi-r-line-dsg-automat?&page_number=8,2.0 TSI,141 kW (192 HP),
"39,160 EUR (37,800 CHF)",Subaru,Solterra,4 km,2024,Electric,Suv,,,Automatic,https://www.azw.ch/de/angebot/717/subaru-solterra-ev-luxury-71-4-kwh-awd-autom-38?&page_number=7,,162 kW (220 HP),
"36,052 EUR (34,800 CHF)",Volkswagen,Golf,9 km,2024,Diesel,Sedan,,,Automatic,https://www.azw.ch/de/angebot/1164/vw-golf-2-0-tdi-r-line-dsg-automat-29?&page_number=8,2.0 TDI,111 kW (151 HP),
"24,656 EUR (23,800 CHF)",Volkswagen,Taigo,79 km,2024,Petrol,Crossover,,,Automatic,https://www.azw.ch/de/angebot/1178/vw-taigo-1-0-tsi-life-dsg-automat-34?&page_number=9,1.0 tsi,82 kW (112 HP),
"24,656 EUR (23,800 CHF)",Volkswagen,Taigo,17 km,2024,Petrol,Crossover,,,Automatic,https://www.azw.ch/de/angebot/1177/vw-taigo-1-0-tsi-life-dsg-automat-34?&page_number=9,1.0 tsi,82 kW (112 HP),
"24,656 EUR (23,800 CHF)",Volkswagen,Taigo,14 km,2024,Petrol,Crossover,,,Automatic,https://www.azw.ch/de/angebot/1174/vw-taigo-1-0-tsi-life-dsg-automat-34?&page_number=9,1.0 tsi,82 kW (112 HP),
"24,656 EUR (23,800 CHF)",Volkswagen,Taigo,12 km,2024,Petrol,Crossover,,,Automatic,https://www.azw.ch/de/angebot/1179/vw-taigo-1-0-tsi-life-dsg-automat-34?&page_number=9,1.0 tsi,82 kW (112 HP),
"24,656 EUR (23,800 CHF)",Volkswagen,Taigo,11 km,2024,Petrol,Crossover,,,Automatic,https://www.azw.ch/de/angebot/1175/vw-taigo-1-0-tsi-life-dsg-automat-34?&page_number=9,1.0 tsi,82 kW (112 HP),
"22,584 EUR (21,800 CHF)",Volkswagen,Passat,"49,800 km",2021,Petrol,Wagon,,,Automatic,https://www.azw.ch/de/angebot/993/vw-passat-variant-2-0-tdi-bmt-business-dsg-automat?&page_number=8,3.6,111 kW (151 HP),6
"29,836 EUR (28,800 CHF)",Seat,Ateca,"14,500 km",2023,Petrol,Suv,,,Automatic,https://www.azw.ch/de/angebot/980/seat-ateca-1-5-tsi-evo-xperience-dsg-autom?&page_number=6,1.5 tsi,111 kW (151 HP),6
"29,836 EUR (28,800 CHF)",Seat,Ateca,"13,100 km",2023,Petrol,Suv,,,Automatic,https://www.azw.ch/de/angebot/981/seat-ateca-1-5-tsi-evo-xperience-dsg-autom?&page_number=6,1.5 tsi,111 kW (151 HP),6
"28,800 EUR (27,800 CHF)",Volkswagen,Taigo,7 km,2024,Petrol,Crossover,,,Automatic,https://www.azw.ch/de/angebot/1028/vw-taigo-1-5-tsi-r-line-dsg-automat-40?&page_number=9,1.5 tsi,111 kW (151 HP),6
"32,944 EUR (31,800 CHF)",Škoda,Octavia,"8,400 km",2023,Diesel,Wagon,,,Automatic,https://www.azw.ch/de/angebot/1075/skoda-octavia-combi-2-0-tdi-style-dsg-automat?&page_number=6,2.0 TDI,111 kW (151 HP),6
"26,728 EUR (25,800 CHF)",Audi,Q2,"41,500 km",2022,Petrol,Crossover,,,Automatic,https://www.azw.ch/de/angebot/1107/audi-q2-35-tfsi-s-line-s-tronic-automat?&page_number=1,1.5 35 TFSI,111 kW (151 HP),
"42,400 EUR",Land Rover,Defender,"161,000 km",1988,Petrol,Suv,,,,https://www.woowmotors.com/car/1988-land-rover-110-v8,,,
"37,814 EUR (36,500 CHF)",Tesla,Model 3,"19,800 km",2023,Electric,Sedan,,,Automatic,https://www.azw.ch/de/angebot/899/tesla-model-3-long-range-dual-motor-awd-498ps-automat?&page_number=7,0.0 long range,371 kW (505 HP),
"19,580 EUR (18,900 CHF)",Audi,Q3,"78,400 km",2016,Petrol,Crossover,,,Automatic,https://www.azw.ch/de/angebot/1109/audi-q3-1-4-tfsi-design-s-tronic-automat?&page_number=1,1.4 TFSI,111 kW (151 HP),6
"34,706 EUR (33,500 CHF)",Cupra,Formentor,"4,400 km",2024,Petrol,Crossover,,,Automatic,https://www.azw.ch/de/angebot/1190/cupra-formentor-2-0tsi-vz-310ps-4drive-dsg-automat?&page_number=3,2.0 tsi vz,231 kW (314 HP),
"29,526 EUR (28,500 CHF)",Volkswagen,Golf,"26,500 km",2021,Petrol,Sedan,,,Automatic,https://www.azw.ch/de/angebot/1086/vw-golf-2-0-gti-tsi-245ps-dsg-automat?&page_number=8,2.0 GTI,182 kW (248 HP),6
"26,728 EUR (25,800 CHF)",Peugeot,3008,"39,400 km",2023,Diesel,Crossover,,,Automatic,https://www.azw.ch/de/angebot/938/peugeot-3008-1-5-bluehdi-allure-pack-eat-autom?&page_number=5,1.5 bluehdi,96 kW (131 HP),6
"27,764 EUR (26,800 CHF)",Peugeot,3008,"16,100 km",2023,Diesel,Crossover,,,Automatic,https://www.azw.ch/de/angebot/936/peugeot-3008-1-5-bluehdi-allure-pack-eat-autom?&page_number=5,1.5 bluehdi,96 kW (131 HP),6
"16,368 EUR (15,800 CHF)",Renault,Zoe,"10,700 km",2020,Electric,Mini,,,Automatic,https://www.azw.ch/de/angebot/176/renault-zoe-life-r90-incl-batterie-automat?&page_number=5,,67 kW (91 HP),
"39,886 EUR (38,500 CHF)",Peugeot,E-Traveller,"1,800 km",2022,Electric,Van,,,Automatic,https://www.azw.ch/de/angebot/161/peugeot-e-traveller-50-allure-standard-automat-8-plaetzer?&page_number=5,,101 kW (137 HP),
"30,872 EUR (29,800 CHF)",Mazda,Cx-5,"9,900 km",2023,Petrol,Crossover,,,Automatic,https://www.azw.ch/de/angebot/1088/mazda-cx-5-e-skyactiv-g-165-homura-fwd-automat?&page_number=4,2.0,123 kW (167 HP),6
"30,872 EUR (29,800 CHF)",Volkswagen,Passat Alltrack,"36,500 km",2021,Diesel,Wagon,,,Automatic,https://www.azw.ch/de/angebot/253/vw-passat-alltrack-2-0-tdi-4motion-dsg-aut?&page_number=8,2.0 TDI,141 kW (192 HP),6
"50,246 EUR (48,500 CHF)",Audi,Sq2,7 km,2024,Petrol,Crossover,,,Automatic,https://www.azw.ch/de/angebot/398/audi-sq2-tfsi-quattro-301ps-s-tronic-automat-33?&page_number=1,2.0 TFSI S Tronic,224 kW (305 HP),6
"28,800 EUR (27,800 CHF)",Volkswagen,Id.3,"10,700 km",2021,Electric,Hatchback,,,Automatic,https://www.azw.ch/de/angebot/248/vw-id-3-pro-performance-58-kwh-life?&page_number=8,,152 kW (207 HP),
"32,634 EUR (31,500 CHF)",Volkswagen,Golf,"23,400 km",2023,Petrol,Wagon,,,Automatic,https://www.azw.ch/de/angebot/1115/vw-golf-variant-2-0-tsi-r-line-dsg-automat?&page_number=8,2.0 R,142 kW (193 HP),
"57,498 EUR (55,500 CHF)",Audi,S5,"23,900 km",2022,Petrol,Convertible,,,Automatic,https://www.azw.ch/de/angebot/1167/audi-s5-cabriolet-3-0-tfsi-quattro-tiptronic-automat-354ps?&page_number=1,3.0 tfsi,263 kW (358 HP),
"23,620 EUR (22,800 CHF)",Citroen,C5 Aircross,"30,900 km",2023,Diesel,Suv,,,Automatic,https://www.azw.ch/de/angebot/1150/citroen-c5-aircross-1-5-bluehdi-prestige-eat-automat?&page_number=2,1.5 bluehdi,97 kW (132 HP),6
"51,282 EUR (49,500 CHF)",Mercedes Benz,Eqc,"20,900 km",2023,Electric,Suv,,,Automatic,https://www.azw.ch/de/angebot/116/mercedes-eqc-400-amg-line-4matic-408ps-automat?&page_number=4,400,304 kW (413 HP),
"25,382 EUR (24,500 CHF)",Citroen,C5,5 km,2024,Petrol,Wagon,Blue,,Automatic,https://www.azw.ch/de/angebot/59/citroen-c5-x-1-2i-puretech-business-eat8-autom-38?&page_number=2,,97 kW (132 HP),6
"32,944 EUR (31,800 CHF)",Peugeot,3008,"25,100 km",2021,,Crossover,Gray,,Automatic,https://www.azw.ch/de/angebot/986/peugeot-3008-300e-hybrid4-gt-pack-eat-automat?&page_number=5,1.6,223 kW (303 HP),
"29,526 EUR (28,500 CHF)",Ford,Kuga,"27,900 km",2023,,Suv,Black,,Automatic,https://www.azw.ch/de/angebot/1068/ford-kuga-2-5-phev-vignale-2wd-automat?&page_number=3,2.5,167 kW (227 HP),
"31,908 EUR (30,800 CHF)",Ford,Kuga,"17,100 km",2023,,Suv,Black,,Automatic,https://www.azw.ch/de/angebot/1069/ford-kuga-2-5-phev-vignale-2wd-automat?&page_number=4,2.5,167 kW (227 HP),
"42,994 EUR (41,500 CHF)",Toyota,C-Hr,10 km,2024,,Suv,Black,,Automatic,https://www.azw.ch/de/angebot/910/toyota-c-hr-2-0-hsd-cvt-automat-gr-sport-premiere-4wd-netto-netto?&page_number=7,2.0,166 kW (226 HP),6
"30,562 EUR (29,500 CHF)",Nissan,Qashqai,"18,600 km",2023,,Crossover,Blue,,Automatic,https://www.azw.ch/de/angebot/889/nissan-qashqai-1-3-dig-t-mhev-tekna-xtronic-automat?&page_number=4,1.3 DIG-T,117 kW (159 HP),6
"30,872 EUR (29,800 CHF)",Nissan,Qashqai,"16,800 km",2023,,Crossover,Blue,,Automatic,https://www.azw.ch/de/angebot/888/nissan-qashqai-1-3-dig-t-mhev-tekna-xtronic-automat?&page_number=4,1.3 DIG-T,117 kW (159 HP),6
"30,872 EUR (29,800 CHF)",Nissan,Qashqai,"15,300 km",2023,,Crossover,Blue,,Automatic,https://www.azw.ch/de/angebot/890/nissan-qashqai-1-3-dig-t-mhev-tekna-xtronic-automat?&page_number=4,1.3 DIG-T,117 kW (159 HP),6
"19,166 EUR (18,500 CHF)",Seat,Arona,"29,300 km",2021,,Crossover,Gray,,Automatic,https://www.azw.ch/de/angebot/1081/seat-arona-1-0-tsi-eco-fr-dsg-automat?&page_number=6,1.0 tsi,82 kW (112 HP),6
"22,688 EUR (21,900 CHF)",Renault,Captur,6 km,2024,,Suv,Black,,Automatic,https://www.azw.ch/de/angebot/1154/renault-captur-1-3-tce-techno-edc-automat-29?&page_number=5,1.3 TCe,104 kW (141 HP),
"22,688 EUR (21,900 CHF)",Renault,Captur,5 km,2024,,Suv,Black,,Automatic,https://www.azw.ch/de/angebot/1156/renault-captur-1-3-tce-techno-edc-automat-29?&page_number=5,1.3 TCe,104 kW (141 HP),
"32,634 EUR (31,500 CHF)",Hyundai,Kona,"26,900 km",2023,,Crossover,Blue,,Automatic,https://www.azw.ch/de/angebot/1025/hyundai-kona-2-0-t-gdi-n-dct-automat-281ps?&page_number=4,2.0 T-GDi,209 kW (284 HP),6
"22,274 EUR (21,500 CHF)",Fiat,Tipo,"4,400 km",2022,,Hatchback,Orange,,Automatic,https://www.azw.ch/de/angebot/1166/fiat-tipo-hybrid-1-5-cross-dct-automat?&page_number=3,1.6,96 kW (131 HP),6
"36,570 EUR (35,300 CHF)",Ds Automobiles,Ds 7 Crossback,"27,200 km",2022,,Suv,Gray,,Automatic,https://www.azw.ch/de/angebot/378/ds-automobiles-ds-7-crossback-e-tense-300-4x4-autom-performance-line?&page_number=3,1.6,223 kW (303 HP),6
"22,274 EUR (21,500 CHF)",Fiat,500 X,8 km,2023,,Crossover,Gray,,Automatic,https://www.azw.ch/de/angebot/468/fiat-500x-1-5-hybrid-mhev-cross-dct-autom-45?&page_number=3,1.6,96 kW (131 HP),6
"26,728 EUR (25,800 CHF)",Jeep,Renegade,56 km,2024,,Crossover,Gray,,Automatic,https://www.azw.ch/de/angebot/435/jeep-renegade-1-5-turbo-night-eagle-automat-mhev-netto-netto?&page_number=4,1.6,96 kW (131 HP),6
"26,728 EUR (25,800 CHF)",Jeep,Renegade,28 km,2024,,Crossover,Gray,,Automatic,https://www.azw.ch/de/angebot/433/jeep-renegade-1-5-turbo-night-eagle-automat-mhev-netto-netto?&page_number=4,1.6,96 kW (131 HP),6
"46,102 EUR (44,500 CHF)",Bmw,X3,"26,400 km",2022,,Suv,Black,,Automatic,https://www.azw.ch/de/angebot/1130/bmw-x3-xdrive-48v-20d-automat?&page_number=2,20d,141 kW (192 HP),6
"47,138 EUR (45,500 CHF)",Bmw,X3,"20,600 km",2022,,Suv,Black,,Automatic,https://www.azw.ch/de/angebot/1129/bmw-x3-xdrive-48v-20d-automat?&page_number=2,20d,141 kW (192 HP),
"44,030 EUR (42,500 CHF)",Mercedes Benz,E-Class,"24,800 km",2022,,Wagon,Black,,Automatic,https://www.azw.ch/de/angebot/113/mercedes-e-220d-4matic-avantgarde-g-tronic-automat?&page_number=4,220d 4Matic,149 kW (203 HP),6
"51,282 EUR (49,500 CHF)",Land Rover,Evoque,"10,900 km",2023,,Suv,Black,,Automatic,https://www.azw.ch/de/angebot/901/land-rover-range-rover-evoque-p-300e-se-dynamic-phev-automat?&page_number=4,1.5,229 kW (311 HP),6
"51,282 EUR (49,500 CHF)",Bmw,X3,"24,800 km",2023,,Suv,Blue,,Automatic,https://www.azw.ch/de/angebot/1055/bmw-x3-xdrive-48v-20d-m-sport-edition-steptronic?&page_number=2,20d,141 kW (192 HP),
"40,714 EUR (39,300 CHF)",Alfa Romeo,Stelvio,"15,500 km",2022,Diesel,Crossover,,,Automatic,https://www.azw.ch/de/angebot/582/alfa-romeo-stelvio-2-2-jtdm-ti-q4-automat-210ps?&page_number=1,,156 kW (212 HP),6
"37,814 EUR (36,500 CHF)",Volkswagen,Arteon,"4,200 km",2022,Petrol,Wagon,Silver,,Automatic,https://www.azw.ch/de/angebot/1185/vw-arteon-sb-2-0-tsi-r-line-dsg-automat?&page_number=7,2.0 TSI,141 kW (192 HP),
"34,706 EUR (33,500 CHF)",Cupra,Formentor,"11,700 km",2023,Petrol,Crossover,Black,,Automatic,https://www.azw.ch/de/angebot/1092/cupra-formentor-2-0tsi-vz-310ps-4drive-dsg-automat?&page_number=3,2.0 tsi vz,231 kW (314 HP),6
"34,706 EUR (33,500 CHF)",Cupra,Formentor,"10,500 km",2023,Petrol,Crossover,Black,,Automatic,https://www.azw.ch/de/angebot/1093/cupra-formentor-2-0tsi-vz-310ps-4drive-dsg-automat?&page_number=3,2.0 tsi vz,231 kW (314 HP),6
"34,706 EUR (33,500 CHF)",Cupra,Formentor,"10,400 km",2023,Petrol,Crossover,Gray,,Automatic,https://www.azw.ch/de/angebot/1098/cupra-formentor-2-0tsi-vz-310ps-4drive-dsg-automat?&page_number=3,2.0 tsi vz,231 kW (314 HP),6
"34,706 EUR (33,500 CHF)",Cupra,Formentor,"10,300 km",2023,Petrol,Crossover,Black,,Automatic,https://www.azw.ch/de/angebot/1094/cupra-formentor-2-0tsi-vz-310ps-4drive-dsg-automat?&page_number=3,2.0 tsi vz,231 kW (314 HP),6
"34,706 EUR (33,500 CHF)",Cupra,Formentor,"9,900 km",2023,Petrol,Crossover,Gray,,Automatic,https://www.azw.ch/de/angebot/1100/cupra-formentor-2-0tsi-vz-310ps-4drive-dsg-automat?&page_number=3,2.0 tsi vz,231 kW (314 HP),6
"34,706 EUR (33,500 CHF)",Cupra,Formentor,"9,600 km",2023,Petrol,Crossover,Gray,,Automatic,https://www.azw.ch/de/angebot/1099/cupra-formentor-2-0tsi-vz-310ps-4drive-dsg-automat?&page_number=3,2.0 tsi vz,231 kW (314 HP),6
"34,706 EUR (33,500 CHF)",Cupra,Formentor,"8,900 km",2023,Petrol,Crossover,Gray,,Automatic,https://www.azw.ch/de/angebot/1096/cupra-formentor-2-0tsi-vz-310ps-4drive-dsg-automat?&page_number=3,2.0 tsi vz,231 kW (314 HP),6
"35,742 EUR (34,500 CHF)",Cupra,Formentor,"4,900 km",2023,Petrol,Crossover,Gray,,Automatic,https://www.azw.ch/de/angebot/1097/cupra-formentor-2-0tsi-vz-310ps-4drive-dsg-automat?&page_number=3,2.0 tsi vz,231 kW (314 HP),6
"16,265 EUR (15,700 CHF)",Opel,Corsa,"57,900 km",2022,Petrol,,White,,Automatic,https://www.azw.ch/de/angebot/1131/opel-corsa-1-2-tp-gs-line-automat-130ps?&page_number=5,1.2,96 kW (131 HP),
"17,094 EUR (16,500 CHF)",Opel,Corsa,"48,500 km",2022,Petrol,,Gray,,Automatic,https://www.azw.ch/de/angebot/984/opel-corsa-1-2-tp-gs-line-automat-130ps?&page_number=5,1.2,96 kW (131 HP),6
"33,980 EUR (32,800 CHF)",Bmw,1 Series,"29,400 km",2022,Petrol,,Black,,Automatic,https://www.azw.ch/de/angebot/642/bmw-120i-m-sport-178ps-steptronic-automat?&page_number=2,120i,132 kW (180 HP),6
"33,980 EUR (32,800 CHF)",Bmw,1 Series,"20,500 km",2023,Petrol,,Black,,Automatic,https://www.azw.ch/de/angebot/462/bmw-120i-m-sport-178ps-steptronic-automat?&page_number=2,120i,132 kW (180 HP),6
"30,872 EUR (29,800 CHF)",Bmw,1 Series,"32,500 km",2022,Petrol,,Black,,Automatic,https://www.azw.ch/de/angebot/32/bmw-120i-m-sport-178ps-steptronic-automat?&page_number=2,120i,132 kW (180 HP),6
"25,692 EUR (24,800 CHF)",Citroen,C5,9 km,2024,Petrol,Wagon,,,Automatic,https://www.azw.ch/de/angebot/61/citroen-c5-x-1-2i-puretech-business-eat8-autom-38?&page_number=2,,97 kW (132 HP),6
"30,872 EUR (29,800 CHF)",Volkswagen,T-Roc,"56,800 km",2021,Petrol,,Black,,Automatic,https://www.azw.ch/de/angebot/266/vw-t-roc-2-0-tsi-r-4motion-301ps-dsg-aut?&page_number=8,2.0 TSI 4Motion R,224 kW (305 HP),6
"28,800 EUR (27,800 CHF)",Volkswagen,T-Roc,"7,400 km",2023,Petrol,,Silver,,Automatic,https://www.azw.ch/de/angebot/983/vw-t-roc-1-5-tsi-evo-life-dsg-automat?&page_number=8,1.5 tsi,111 kW (151 HP),6
"28,800 EUR (27,800 CHF)",Volkswagen,T-Roc,"6,800 km",2023,Petrol,,Silver,,Automatic,https://www.azw.ch/de/angebot/1132/vw-t-roc-1-5-tsi-evo-life-dsg-automat?&page_number=8,1.5 tsi,111 kW (151 HP),
"45,066 EUR (43,500 CHF)",Mazda,Cx-60,"22,800 km",2023,,Suv,,,Automatic,https://www.azw.ch/de/angebot/695/mazda-cx-60-3-3l-e-skyactiv-d-200-mhev-rwd-homura?&page_number=4,3.3 e-Skyactiv D,149 kW (203 HP),6
"45,066 EUR (43,500 CHF)",Mazda,Cx-60,"20,400 km",2023,,Suv,,,Automatic,https://www.azw.ch/de/angebot/801/mazda-cx-60-3-3l-e-skyactiv-d-200-mhev-rwd-homura?&page_number=4,3.3 e-Skyactiv D,149 kW (203 HP),6
"49,210 EUR (47,500 CHF)",Land Rover,Discovery Sport,"14,800 km",2022,,Suv,,,Automatic,https://www.azw.ch/de/angebot/800/land-rover-discovery-sport-p300e-1-5-phev-s-automat?&page_number=4,1.5,230 kW (313 HP),
"24,656 EUR (23,800 CHF)",Seat,Leon,7 km,2024,,Hatchback,,,Automatic,https://www.azw.ch/de/angebot/1159/seat-leon-st-1-0-etsi-style-dsg-autom-39?&page_number=6,1.0 eTSI,82 kW (112 HP),6
"24,656 EUR (23,800 CHF)",Seat,Leon,6 km,2024,,Hatchback,,,Automatic,https://www.azw.ch/de/angebot/1162/seat-leon-st-1-0-etsi-style-dsg-autom-39?&page_number=6,1.0 eTSI,82 kW (112 HP),
"24,656 EUR (23,800 CHF)",Seat,Leon,5 km,2024,,Hatchback,,,Automatic,https://www.azw.ch/de/angebot/1160/seat-leon-st-1-0-etsi-style-dsg-autom-39?&page_number=6,1.0 eTSI,82 kW (112 HP),
"48,174 EUR (46,500 CHF)",Audi,Q5,"18,900 km",2023,,Suv,,,Automatic,https://www.azw.ch/de/angebot/1050/audi-q5-sportback-40-tfsi-s-line-quattro-stronic-automat?&page_number=1,2.0 tfsi,152 kW (207 HP),
"49,210 EUR (47,500 CHF)",Audi,Q5,"17,400 km",2023,,Suv,,,Automatic,https://www.azw.ch/de/angebot/1051/audi-q5-sportback-40-tfsi-s-line-quattro-stronic-automat?&page_number=1,2.0 tfsi,152 kW (207 HP),
"50,246 EUR (48,500 CHF)",Audi,Q5,"12,400 km",2023,,Suv,,,Automatic,https://www.azw.ch/de/angebot/1052/audi-q5-sportback-40-tfsi-s-line-quattro-stronic-automat?&page_number=1,2.0 tfsi,152 kW (207 HP),
"45,066 EUR (43,500 CHF)",Mazda,Cx-60,"22,600 km",2023,,Suv,,,Automatic,https://www.azw.ch/de/angebot/1019/mazda-cx-60-3-3l-e-skyactiv-d-200-mhev-rwd-homura?&page_number=4,3.3 e-Skyactiv D,149 kW (203 HP),6
"30,872 EUR (29,800 CHF)",Nissan,Qashqai,"12,900 km",2023,,Crossover,,,Automatic,https://www.azw.ch/de/angebot/887/nissan-qashqai-1-3-dig-t-mhev-tekna-xtronic-automat?&page_number=4,1.3 DIG-T,117 kW (159 HP),6
"30,562 EUR (29,500 CHF)",Nissan,Qashqai,"11,400 km",2023,,Crossover,,,Automatic,https://www.azw.ch/de/angebot/1049/nissan-qashqai-1-5-vc-t-e-power-n-connecta-automat?&page_number=4,1.5 VC-T,141 kW (192 HP),6
"30,562 EUR (29,500 CHF)",Nissan,Qashqai,"10,900 km",2023,,Crossover,,,Automatic,https://www.azw.ch/de/angebot/1074/nissan-qashqai-1-5-vc-t-e-power-n-connecta-automat?&page_number=5,1.5 VC-T,141 kW (192 HP),6
"25,692 EUR (24,800 CHF)",Volkswagen,Golf,"23,300 km",2022,,Sedan,,,Automatic,https://www.azw.ch/de/angebot/1009/vw-golf-1-4-tsi-phev-gte-plug-in-hybrid-dsg-automat?&page_number=8,1.4 TSI,182 kW (248 HP),6
"26,418 EUR (25,500 CHF)",Toyota,Rav4,"58,800 km",2018,,Suv,,,Automatic,https://www.azw.ch/de/angebot/1080/toyota-rav-4-2-5-hsd-style-4x4-e-cvt-automat?&page_number=7,2.5,146 kW (199 HP),6
"2,072 EUR (2,000 CHF)",Volvo,850,,2000,Diesel,Wagon,Beige,Cham,Automatic,https://www.carforyou.ch/de/auto/volvo/850,,,
"26,418 EUR (25,500 CHF)",Volkswagen,Golf,"25,900 km",2021,,Sedan,,,Automatic,https://www.azw.ch/de/angebot/786/vw-golf-1-4-tsi-phev-gte-plug-in-hybrid-dsg-automat?&page_number=8,1.2 TSI,182 kW (248 HP),6
"25,382 EUR (24,500 CHF)",Volkswagen,Golf,"25,100 km",2021,,Sedan,,,Automatic,https://www.azw.ch/de/angebot/1010/vw-golf-1-4-tsi-phev-gte-plug-in-hybrid-dsg-automat?&page_number=8,1.4 TSI,182 kW (248 HP),6
"19,166 EUR (18,500 CHF)",Seat,Arona,"22,400 km",2021,,Crossover,,,Automatic,https://www.azw.ch/de/angebot/1084/seat-arona-1-0-tsi-eco-fr-dsg-automat?&page_number=6,1.0 tsi,82 kW (112 HP),6
"32,426 EUR (31,300 CHF)",Nissan,Qashqai,"4,200 km",2023,,Crossover,,,Automatic,https://www.azw.ch/de/angebot/1071/nissan-qashqai-1-5-vc-t-e-power-n-connecta-automat?&page_number=5,1.5 VC-T,141 kW (192 HP),6
"30,976 EUR (29,900 CHF)",Audi,A3,"7,100 km",2023,,Sedan,,,Automatic,https://www.azw.ch/de/angebot/1023/audi-a3-sportback-35-tfsi-s-line-s-tronic-automat?&page_number=1,1.5 35 TFSI,111 kW (151 HP),
"29,836 EUR (28,800 CHF)",Audi,A3,"13,100 km",2023,,Sedan,,,Automatic,https://www.azw.ch/de/angebot/1022/audi-a3-sportback-35-tfsi-s-line-s-tronic-automat?&page_number=1,1.5 35 TFSI,111 kW (151 HP),
"25,382 EUR (24,500 CHF)",Volkswagen,Golf,"38,900 km",2022,,Wagon,,,Automatic,https://www.azw.ch/de/angebot/499/vw-golf-variant-1-5-etsi-mhev-life-dsg-aut?&page_number=8,1.5 eTSI,96 kW (131 HP),6
"25,382 EUR (24,500 CHF)",Volkswagen,Golf,"38,600 km",2022,,Wagon,,,Automatic,https://www.azw.ch/de/angebot/500/vw-golf-variant-1-5-etsi-mhev-life-dsg-aut?&page_number=8,1.5 eTSI,96 kW (131 HP),6
"58,844 EUR (56,800 CHF)",Jeep,Wrangler,"19,700 km",2023,,Suv,,,Automatic,https://www.azw.ch/de/angebot/612/jeep-wrangler-2-0-phev-unlimited-sahara-automatic?&page_number=4,2.0,284 kW (386 HP),6
"36,778 EUR (35,500 CHF)",Audi,Q3,"55,400 km",2020,,Crossover,,,Automatic,https://www.azw.ch/de/angebot/1137/audi-q3-sportback-45-tfsi-quattro-s-tronic-automat?&page_number=1,2.0 45 TFSI quattro,171 kW (233 HP),6
"37,814 EUR (36,500 CHF)",Audi,A4,"5,600 km",2023,,Wagon,,,Automatic,https://www.azw.ch/de/angebot/1133/audi-a4-avant-40-tdi-advanced-quattro-s-tron-automat?&page_number=1,2.0 40 TDI quattro,152 kW (207 HP),
"32,944 EUR (31,800 CHF)",Ds Automobiles,Ds4,"8,100 km",2022,,Hatchback,,,Automatic,https://www.azw.ch/de/angebot/79/ds-automobiles-ds-4-1-6-e-tense-performance-line-automat?&page_number=3,1.6,167 kW (227 HP),6
"190,800 EUR",Porsche,911 Gt2,"38,073 km",2010,Petrol,Coupe,,,,https://www.woowmotors.com/car/2010-porsche-911-2,,,
"48,174 EUR (46,500 CHF)",Bmw,X3,"20,600 km",2021,,Suv,,,Automatic,https://www.azw.ch/de/angebot/740/bmw-x3-xdrive-30e-pure-m-sport-automat?&page_number=2,30e xDrive,217 kW (295 HP),6
"40,922 EUR (39,500 CHF)",Volkswagen,Id.4,"27,800 km",2022,Electric,,,,Automatic,https://www.azw.ch/de/angebot/588/vw-id-4-pro-performance-77-kwh?&page_number=8,Pro,152 kW (207 HP),
"37,088 EUR (35,800 CHF)",Bmw,2 Series,"17,500 km",2022,,Coupe,,,Automatic,https://www.azw.ch/de/angebot/38/bmw-220d-coupe-m-sport-steptronic-automat?&page_number=2,220D,141 kW (192 HP),6
